unique_id,modal_peak_repeat,modal_peak_height,index_peak_repeat,index_peak_height,n_peaks_total,n_peaks_analysis_subset,n_peaks_analysis_subset_expansions,min_repeat,max_repeat,mean_repeat,weighted_mean_repeat,median_repeat,max_height,max_delta_neg,max_delta_pos,average_repeat_gain,instabity_index_jml,abs_index,expansion_index,pps_index,som_mos_index,contration_index,percentile_1,percentile_5,percentile_10,percentile_20,percentile_30,percentile_40,percentile_50,percentile_60,percentile_70,percentile_80,percentile_90,percentile_95,percentile_99,expansion_percentile_1,expansion_percentile_5,expansion_percentile_10,expansion_percentile_20,expansion_percentile_30,expansion_percentile_40,expansion_percentile_50,expansion_percentile_60,expansion_percentile_70,expansion_percentile_80,expansion_percentile_90,expansion_percentile_95,expansion_percentile_99,fsa_id,submission_number,plate_id,repeat_positive_control_TF,repeat_positive_control_length,indices_baseline_control_TF,sample_group_id,date,dox_status,d0_weighted_mean_repeat,culture_day,ko
A01_20221215.fsa,143.9211703846942,155,126.9211703846942,66,39,39,34,119.9211703846942,159.9211703846942,140.86988833341215,141.90980073900408,140.9211703846942,155,-7,33,13.877141244019043,14.988630354309889,15.348228450555261,16.055695493982647,22.051612903225806,22.051612903225806,-2.4727272727272727,-7,-1.4145833333333329,1.5626666666666666,5.99375,9.319008264462811,12.262162162162163,14.836601307189541,17.397122302158273,20.13282442748092,23.04299065420561,26.747619047619047,29.336923076923075,32.120465116279064,0,1.6886666666666668,3.893406593406594,7.632203389830509,10.503149606299214,13.114893617021277,15.555944055944057,17.998561151079134,20.61145038167939,23.433644859813086,26.99642857142857,29.497692307692304,32.16906976744186,A01_20221215,NA,20221216,NA,NA,NA,P-22-218_FAN1KO,2022-12-14,NA,128.03265949498504,42,FAN1-KO
A02_20221215.fsa,140.3880216949894,88,126.38802169498939,43,38,37,37,126.38802169498939,162.3880216949894,144.3880216949894,142.59262874105985,144.3880216949894,88,0,36,14.559969246074814,16.20460704607046,16.20460704607046,16.20460704607046,24.15909090909091,24.15909090909091,0,0,1.6531914893617023,3.6459016393442623,6.8075949367088615,9.59277108433735,12.266666666666667,14.870588235294118,17.51111111111111,20.648484848484852,24.702325581395353,29.59,32.68378378378378,35.262,0,1.6531914893617023,3.6459016393442623,6.8075949367088615,9.59277108433735,12.266666666666667,14.870588235294118,17.51111111111111,20.648484848484852,24.702325581395353,29.59,32.68378378378378,35.262,A02_20221215,NA,20221216,NA,NA,NA,P-22-218_FAN1KO,2022-12-14,NA,128.03265949498504,42,FAN1-KO
A04_20221215.fsa,143.7179971169626,129,126.71799711696261,58,43,43,36,108.71799711696261,161.7179971169626,140.02032269835794,140.8323926239091,140.7179971169626,129,-18,35,12.79973312892406,14.114395506946497,15.631392255394621,16.383914034516444,22.8062015503876,22.8062015503876,-6.935135135135136,-18,-6.0883720930232545,-0.5465517241379305,4.775609756097561,8.419626168224301,11.401739130434784,14.2125,16.928682170542633,19.781578947368423,23.405,28.24098360655738,31.410975609756093,34.295208333333335,0,1.6084615384615386,4.074390243902439,7.553061224489796,10.415079365079366,12.932283464566929,15.495967741935484,17.97142857142857,20.673529411764708,24.17831325301205,28.752459016393445,31.791463414634144,34.36020833333333,A04_20221215,NA,20221216,NA,NA,NA,P-22-218_FAN1KO,2022-12-14,NA,128.03265949498504,42,FAN1-KO
A05_20221215.fsa,143.7868694111089,78,129.7868694111089,37,29,29,29,129.7868694111089,157.7868694111089,143.7868694111089,143.53930250113322,143.7868694111089,78,0,28,15.506643006148181,13.752433090024331,13.752433090024331,13.752433090024331,20.076923076923077,20.076923076923077,0,0,1.137777777777778,3.0739130434782607,6.078688524590164,8.574285714285715,10.851948051948053,13.051282051282051,15.334375,17.820588235294117,20.55925925925926,23.77872340425532,25.652631578947364,27.50181818181818,0,1.137777777777778,3.0739130434782607,6.078688524590164,8.574285714285715,10.851948051948053,13.051282051282051,15.334375,17.820588235294117,20.55925925925926,23.77872340425532,25.652631578947364,27.50181818181818,A05_20221215,NA,20221216,NA,NA,NA,P-22-218_FAN1KO,2022-12-14,NA,128.03265949498504,42,FAN1-KO
A06_20221215.fsa,145.95979029142444,94,126.95979029142444,43,43,43,40,117.95979029142444,166.95979029142444,144.72723215188955,145.05710572766606,144.95979029142444,94,-9,40,17.024446232681015,18.09731543624161,18.532811334824757,19.039147286821706,26.4468085106383,26.4468085106383,-4.027586206896552,-9,-0.253488372093023,2.814285714285715,7.323333333333333,11.363157894736844,14.8725,18.0531914893617,21.121739130434783,24.192,27.602702702702704,32.39245283018868,35.372499999999995,38.42235294117647,0,1.9333333333333336,4.647058823529412,8.661290322580646,12.306666666666668,15.653846153846153,18.595744680851062,21.565217391304348,24.6,27.87837837837838,32.58490566037736,35.49999999999999,38.482352941176465,A06_20221215,NA,20221216,NA,NA,NA,P-22-218_FAN1KO,2022-12-14,NA,128.03265949498504,42,FAN1-KO
A08_20221215.fsa,133.23219033318964,210,126.23219033318964,119,38,38,30,116.23219033318964,155.23219033318964,136.67955875424227,136.22335566764482,136.73219033318964,210,-10,29,8.190696172659784,9.991165334455195,10.96129575094657,11.855272554153773,19.004761904761907,19.004761904761907,-3.431547619047619,-9.97107142857143,-4.7671052631578945,-1.8344086021505372,1.8621118012422362,4.380295566502464,6.683809523809524,8.990196078431373,11.417486338797813,14.266666666666667,17.579687500000002,21.77821782178218,24.666233766233766,27.969199999999997,0,0.6503571428571429,2.000549450549451,4.217733990147783,6.2633333333333345,8.286274509803922,10.365284974093264,12.682142857142857,15.37816901408451,18.493913043478262,22.38705882352941,25.030952380952378,28.08673913043478,A08_20221215,NA,20221216,NA,NA,NA,P-22-218_FAN1KO,2022-11-23,NA,128.03265949498504,21,FAN1-KO
A09_20221215.fsa,133.63164963923813,182,126.63164963923813,78,36,35,29,117.63164963923813,154.63164963923813,137.54593535352384,136.99305217927127,137.63164963923813,182,-9,28,8.960392684286234,10.361402540033131,10.951684152401988,11.653985507246377,17.197802197802197,17.197802197802197,-2.7551546391752577,-9,-2.86,-0.3307692307692307,2.8686567164179113,5.165269461077846,7.229213483146068,9.294797687861271,11.465359477124183,14.027868852459017,17.17142857142857,21.36455696202532,24.25272727272727,27.0945,0,0.8673267326732675,2.247761194029851,4.4751515151515155,6.4263736263736275,8.280459770114943,10.195266272189349,12.29103448275862,14.79016393442623,17.852747252747257,21.756962025316454,24.53454545454545,27.172000000000004,A09_20221215,NA,20221216,NA,NA,NA,P-22-218_FAN1KO,2022-11-23,NA,128.03265949498504,21,FAN1-KO
A10_20221215.fsa,135.63927701360257,154,126.63927701360257,93,33,33,27,120.63927701360257,152.63927701360257,136.63927701360257,136.09056231985454,136.63927701360257,154,-6,26,8.057902824869501,9.451285306251984,10.113932085052365,10.977564102564102,17.233766233766232,17.233766233766232,-2.3944954128440368,-6,-3.5669491525423727,-1.3361445783132528,1.716071428571429,4.245000000000002,6.42937062937063,8.522727272727273,10.75072463768116,13.24732142857143,16.37291666666667,20.057352941176468,22.489423076923075,25.21225,0,0.4157894736842106,1.6589285714285715,3.951145038167939,5.908108108108109,7.811764705882354,9.710144927536232,11.767164179104476,14.187878787878791,17.088421052631578,20.561764705882354,22.819230769230767,25.298,A10_20221215,NA,20221216,NA,NA,NA,P-22-218_FAN1KO,2022-11-23,NA,128.03265949498504,21,FAN1-KO
B01_20221215.fsa,125.28088397400019,226,125.28088397400019,226,29,23,14,116.28088397400019,139.28088397400018,127.32436223486975,126.45645062786112,127.28088397400019,226,-9,13.999999999999986,0.41503315303164356,1.1755666538609244,4.404149058778327,4.590391908975971,6,6,-3.3696872493985564,-9,-8.062179487179487,-6.650495049504951,-4.064,-2.265662650602409,-0.9106194690265482,0.25,1.5148936170212761,3.2356521739130315,5.643298969072152,8.441891891891878,10.447499999999984,12.868260869565201,0,0,0,0.4146788990825689,1.1627659574468088,2.0056338028169014,3.147826086956507,4.547272727272713,6.118749999999988,7.758762886597925,9.980645161290308,11.350980392156847,13.312173913043464,B01_20221215,NA,20221216,NA,NA,NA,P-22-219_PMS1KO,2022-12-14,NA,126.04141747482947,42,PMS1-KO
B02_20221215.fsa,126.13834403612151,177,125.13834403612151,163,19,19,11,117.13834403612151,136.1383440361215,126.19097561506888,125.99896485170277,126.13834403612151,177,-8,11,-0.04245262312670661,0.8606208155812538,3.420572124163116,3.3817307692307694,4.875706214689266,4.875706214689266,-2.745430809399478,-8,-7.134313725490196,-5.5218181818181815,-3.0771084337349395,-1.7439189189189184,-0.667484662576687,0.31355932203389825,1.2891891891891887,2.413286713286714,3.6991304347826093,6.229411764705884,7.952222222222222,10.1785,0,0,0,0.25423728813559326,0.84180790960452,1.5135135135135136,2.2237762237762237,2.9510489510489513,3.843478260869566,5.333333333333334,7.466666666666667,8.699999999999998,10.479999999999999,B02_20221215,NA,20221216,NA,NA,NA,P-22-219_PMS1KO,2022-12-14,NA,126.04141747482947,42,PMS1-KO
B03_20221215.fsa,125.17068830336612,66,125.17068830336612,66,18,18,11,113.17068830336612,135.17068830336612,126.39291052558835,126.44006568583119,126.67068830336612,66,-12,10,0.39864821100171355,1.2693773824650572,4.415501905972046,4.4473161033797215,6.621212121212121,6.621212121212121,-3.5371428571428574,-12,-11.027272727272727,-5.727906976744186,-3.791111111111111,-1.921153846153845,-0.5333333333333329,0.701612903225806,2.1024390243902435,4.105405405405405,6.095833333333335,7.8825,8.888461538461538,9.775142857142857,0,0,0,0.5580645161290324,1.408928571428572,2.4195121951219516,3.6973684210526314,5.04390243902439,6.231250000000001,7.335000000000001,8.607692307692307,9.28142857142857,9.856285714285715,B03_20221215,NA,20221216,NA,NA,NA,P-22-219_PMS1KO,2022-12-14,NA,126.04141747482947,42,PMS1-KO
B04_20221215.fsa,125.05704901802474,238,125.05704901802474,238,37,23,12,112.05704901802474,136.05704901802474,124.97009249628562,125.29412635964931,125.05704901802474,238,-13,11,-0.7472911151801611,0.2370773416245628,4.268169452001555,3.9835051546391753,5.11344537815126,5.11344537815126,-3.8244837758112094,-13,-9.612295081967213,-7.726923076923077,-4.786792452830189,-2.7044692737430163,-1.4036363636363633,-0.29201680672268904,0.8200873362445417,2.336718750000001,4.641176470588236,7.314772727272727,8.843827160493825,10.514528301886791,0,0,0,0.2314410480349345,0.866812227074236,1.6647398843930636,2.68359375,3.9813084112149535,5.4234693877551035,6.936842105263159,8.635802469135804,9.686507936507935,10.725471698113207,B04_20221215,NA,20221216,NA,NA,NA,P-22-219_PMS1KO,2022-12-14,NA,126.04141747482947,42,PMS1-KO
B05_20221215.fsa,125.32565096519528,228,125.32565096519528,228,38,26,15,112.32565096519528,139.32565096519528,126.7487278882722,126.49571664096437,126.82565096519528,228,-13,14,0.45429916613490207,1.170065675769098,4.936398202557898,4.993216506500848,6.758771929824562,6.758771929824562,-4.029585798816568,-13,-9.32391304347826,-7.452222222222222,-4.651851851851852,-2.438194444444443,-0.8543859649122802,0.4436619718309862,1.867005076142131,3.7801470588235304,6.351304347826088,8.987128712871288,11.060909090909087,13.371086956521737,0,0,0,0.5906103286384977,1.455329949238579,2.443312101910828,3.658088235294118,5.156190476190476,6.767826086956523,8.34851485148515,10.533870967741937,12.096808510638297,13.615434782608695,B05_20221215,NA,20221216,NA,NA,NA,P-22-219_PMS1KO,2022-12-14,NA,126.04141747482947,42,PMS1-KO
B06_20221215.fsa,126.28986308324335,119,125.28986308324335,114,31,31,17,111.28986308324335,141.28986308324335,126.28986308324335,126.56380187889981,126.28986308324335,119,-14,16,0.5223844040703369,1.2739387956564658,6.20878578479763,6.412859560067682,8.932773109243698,8.932773109243698,-5.218162839248435,-14,-11.990625,-9.460377358490566,-5.984810126582278,-3.3842105263157887,-1.2947368421052627,0.46218487394957974,2.5373493975903605,5.350724637681161,8.06987951807229,10.935714285714285,13.069230769230765,15.366875,0,0,0.0352941176470589,1.0361702127659576,2.332530120481928,3.9812500000000006,5.594202898550725,7.207692307692307,8.679518072289158,10.332142857142859,12.691304347826089,14.178787878787876,15.630625,B06_20221215,NA,20221216,NA,NA,NA,P-22-219_PMS1KO,2022-12-14,NA,126.04141747482947,42,PMS1-KO
B07_20221215.fsa,125.28432758870751,62,125.28432758870751,62,6,6,3,122.28432758870751,127.28432758870751,124.78432758870751,124.76377964350203,124.78432758870751,62,-3,2,-1.2776378313274392,-0.5205479452054795,1.356164383561644,0.8133333333333332,1.4193548387096775,1.4193548387096775,-1.3431372549019607,-3,-3,-3,-2.640740740740741,-2.0999999999999996,-1.5142857142857142,-0.935483870967742,-0.46451612903225825,0.007407407407407678,0.5481481481481484,1.1411764705882357,1.5705882352941174,1.9141176470588235,0,0,0,0,0,0,0.24074074074074076,0.5185185185185185,0.7962962962962965,1.1176470588235297,1.558823529411765,1.7794117647058822,1.9558823529411764,B07_20221215,NA,20221216,NA,NA,NA,P-22-219_PMS1KO,2022-11-23,NA,126.04141747482947,21,PMS1-KO
B08_20221215.fsa,125.32565096519528,364,125.32565096519528,364,27,21,12,116.32565096519528,136.32565096519528,126.32565096519528,126.42863337661511,126.32565096519528,364,-9,11,0.3872159017856376,1.1029824114198319,4.043079276064237,4.181441590720795,5.631868131868132,5.631868131868132,-3.0790176187933795,-9,-7.641517857142857,-6.065413533834587,-3.658706467661691,-2.0080152671755718,-0.8346153846153843,0.2739938080495355,1.5866171003717464,3.3090425531914907,5.396666666666668,7.529714285714285,8.843333333333332,10.476933333333335,0,0,0,0.36780185758513945,1.1382899628252794,2.04304932735426,3.148936170212766,4.426178010471204,5.732222222222223,7.012571428571429,8.50814814814815,9.543,10.678133333333333,B08_20221215,NA,20221216,NA,NA,NA,P-22-219_PMS1KO,2022-11-23,NA,126.04141747482947,21,PMS1-KO
B09_20221215.fsa,125.26366590046364,245,125.26366590046364,245,29,22,11,113.26366590046364,135.26366590046365,124.71821135500909,125.0052100181107,124.76366590046364,245,-12,10.000000000000014,-1.0362074567187705,-0.25845588235293704,4.178308823529416,3.741052631578955,4.816326530612245,4.816326530612245,-3.918181818181818,-12,-9.582089552238806,-7.949494949494949,-5.3999999999999995,-3.3584905660377355,-1.9199999999999995,-0.7346938775510201,0.44019138755980813,1.8857142857142861,3.9824561403508913,6.612903225806467,8.011764705882367,9.476923076923091,0,0,0,0.1913875598086125,0.8732057416267947,1.6628571428571433,2.5964285714285804,3.7543859649122946,5.043689320388364,6.473118279569907,7.944444444444459,8.77352941176472,9.725961538461553,B09_20221215,NA,20221216,NA,NA,NA,P-22-219_PMS1KO,2022-11-23,NA,126.04141747482947,21,PMS1-KO
B10_20221215.fsa,126.29330669795068,141,125.29330669795068,129,26,26,12,109.29330669795068,136.2933066979507,123.67792208256607,124.34567714999038,123.79330669795068,141,-16,11.000000000000014,-1.6957403248390932,-0.9476295479603044,5.0689084895259136,3.9765957446808593,5.666666666666667,5.666666666666667,-5.440677966101695,-16,-12.85,-10.417021276595744,-7.193650793650793,-4.606249999999998,-2.276086956521739,-0.7441860465116279,0.6056737588652482,2.018750000000001,3.958241758241773,6.788888888888903,8.566000000000013,10.433125000000015,0,0,0,0.41843971631205673,1.0967741935483872,1.8548387096774195,2.7916666666666776,3.8131868131868267,5.093750000000015,6.666666666666681,8.500000000000016,9.594594594594609,10.706250000000015,B10_20221215,NA,20221216,NA,NA,NA,P-22-219_PMS1KO,2022-11-23,NA,126.04141747482947,21,PMS1-KO
B11_20221215.fsa,126.24165247734096,148,125.24165247734096,148,29,29,17,113.24165247734096,143.24165247734095,127.34510075320303,126.15666241769881,127.24165247734096,148,-12,17.999999999999986,0.11524494286933873,0.9150099403578478,5.361332007952281,5.558098591549287,6.675675675675675,6.675675675675675,-4.3681640625,-12,-10.366666666666667,-8.385185185185184,-5.50126582278481,-3.214678899082568,-1.5122302158273377,-0.12162162162162105,1.3034482758620687,3.4813953488371965,6.1573770491803135,9.968421052631568,12.852631578947351,16.742499999999982,0,0,0,0.5351351351351353,1.3862068965517245,2.5367088607594863,3.895348837209288,5.3764705882352795,7.172881355932191,9.284210526315777,12.510526315789459,14.449999999999983,17.289999999999985,B11_20221215,NA,20221216,NA,NA,NA,P-22-219_PMS1KO,2022-11-23,NA,126.04141747482947,21,PMS1-KO
B12_20221215.fsa,125.10525962392714,281,125.10525962392714,281,29,21,12,116.10525962392714,136.10525962392714,126.10525962392714,126.0659483828615,126.10525962392714,281,-9,11,0.02453090803203395,0.9606887589343729,4.023716699155296,4.073818374933617,5.701067615658363,5.701067615658363,-3.1937669376693765,-9,-7.807142857142857,-6.332142857142857,-3.842307692307692,-2.126732673267326,-0.8711743772241991,0.23684210526315808,1.4637168141592918,3.063855421686749,5.093939393939395,7.436521739130437,8.848571428571429,10.469310344827587,0,0,0,0.3593984962406016,1.0792035398230093,1.9123893805309735,2.9573863636363633,4.105714285714285,5.478030303030304,6.865217391304348,8.520952380952382,9.548124999999999,10.675344827586207,B12_20221215,NA,20221216,NA,NA,NA,P-22-219_PMS1KO,2022-11-23,NA,126.04141747482947,21,PMS1-KO
C01_20221215.fsa,120.19122143658919,316,126.19122143658919,136,41,33,20,113.19122143658919,145.1912214365892,129.1912214365892,126.79276839791517,129.1912214365892,316,-13,19,0.6762157537778677,0.6015469613259666,7.153591160220994,7.549913941480207,6.3544303797468356,6.3544303797468356,-6.343175010697475,-13,-11.313063063063062,-9.7775,-7.857142857142857,-6.403481012658227,-4.283687943262411,-0.5477941176470579,2.1485148514851486,4.423497267759564,7.787234042553194,12.951086956521738,15.824074074074074,18.29296875,0,0,0.5637426900584797,1.8915254237288137,3.055172413793104,4.221857923497268,5.604026845637584,7.525531914893617,10.174117647058825,12.817391304347826,15.748148148148147,17.31315789473684,18.636875,C01_20221215,NA,20221216,NA,NA,NA,P-22-220_MSH3KO,2022-12-14,NA,126.1165526441373,42,MSH3-KO
C02_20221215.fsa,129.96764359065537,169,125.96764359065537,108,33,31,16,109.96764359065537,140.96764359065537,125.93538552613924,125.64164582862628,125.96764359065537,169,-16,15,-0.47490681551101943,-0.3259977620290937,6.12532637075718,5.4363636363636365,7.461538461538462,7.461538461538462,-6.363502575423105,-16,-12.508823529411764,-10.340789473684211,-7.848571428571428,-5.947524752475246,-2.9296703296703286,-0.17129629629629584,1.760810810810811,3.412426035502959,5.2680000000000025,9.184745762711863,11.62395833333333,14.21147058823529,0,0,0.25547445255474455,1.2770270270270272,2.220858895705522,3.094674556213018,3.940828402366864,4.936619718309859,6.523076923076924,8.888888888888891,11.437500000000002,13.013157894736839,14.579411764705883,C02_20221215,NA,20221216,NA,NA,NA,P-22-220_MSH3KO,2022-12-14,NA,126.1165526441373,42,MSH3-KO
C03_20221215.fsa,129.98830527889925,115,125.98830527889925,77,29,29,15,111.98830527889925,140.98830527889925,126.02278803751993,125.69379866648826,125.98830527889925,115,-14,15,-0.42275397764903744,-0.2945066124109867,5.916073245167854,5.407045009784736,7.88695652173913,7.886956521739131,-5.979431929480901,-14,-12.482222222222223,-10.275555555555556,-7.424719101123595,-5.368316831683168,-3.0081081081081082,-0.4935064935064932,1.6360000000000001,3.4017391304347844,5.365517241379311,8.685714285714287,11.019999999999998,13.68933333333333,0,0,0.265263157894737,1.3240000000000003,2.3035087719298253,3.198260869565218,4.104166666666667,5.186206896551724,6.628000000000002,8.546428571428573,10.913513513513514,12.379411764705882,14.318666666666667,C03_20221215,NA,20221216,NA,NA,NA,P-22-220_MSH3KO,2022-12-14,NA,126.1165526441373,42,MSH3-KO
C04_20221215.fsa,129.04475484909506,72,126.04475484909506,56,20,20,9,114.04475484909506,136.04475484909506,124.59475484909505,124.82393772847249,124.54475484909506,72,-12,10,-1.2926149156648137,-1.220817120622568,4.8550583657587545,3.7063492063492065,6,6,-5.38448275862069,-12,-11.005405405405405,-9.316666666666666,-7.458064516129032,-5.70612244897959,-3.505882352941176,-1.2222222222222217,0.5749999999999997,2.1611111111111123,3.6328358208955236,5.298039215686275,6.472727272727271,9.092941176470587,0,0,0,0.7000000000000002,1.4875000000000005,2.244444444444445,2.9444444444444446,3.6925373134328354,4.473015873015873,5.337254901960784,6.503030303030303,7.776470588235291,9.555294117647058,C04_20221215,NA,20221216,NA,NA,NA,P-22-220_MSH3KO,2022-12-14,NA,126.1165526441373,42,MSH3-KO
C06_20221215.fsa,119.23734016266305,352,126.23734016266305,213,35,23,12,115.23734016266305,139.23734016266303,126.32429668440217,124.57951336144268,126.23734016266305,352,-11,12.999999999999986,-1.5370392826946215,-1.6578268012203752,5.177188453414687,4.224225352112665,4.042613636363637,4.042613636363637,-5.395331604297888,-11,-10.229391891891892,-9.147142857142857,-7.692613636363636,-6.477650429799426,-5.039259259259259,-2.768617021276595,-0.6685446009389668,1.3454954954954925,3.327363184079588,5.759859154929564,8.097887323943645,11.248904109589027,0,0,0,0.6859903381642514,1.50675675675675,2.316279069767428,3.151741293532324,4.038251366120204,5.010563380281676,6.397849462365578,8.598591549295762,9.792763157894722,12.270547945205465,C06_20221215,NA,20221216,NA,NA,NA,P-22-220_MSH3KO,2022-12-14,NA,126.1165526441373,42,MSH3-KO
C08_20221215.fsa,120.13267998656484,173,126.13267998656484,145,31,29,14,110.13267998656484,139.13267998656482,125.09819722794414,124.81837485574594,125.13267998656484,173,-16,12.999999999999986,-1.2981777883913566,-1.3143051308188975,5.624193000339784,4.646153846153835,6.890173410404624,6.890173410404624,-5.925710969239698,-16,-12.719444444444445,-10.406410256410256,-7.87283950617284,-6.116184971098265,-3.9252032520325195,-1.7395833333333335,0.29930069930069875,2.325766871165632,4.101515151515137,6.83164556962024,9.434374999999982,12.225526315789455,0,0,0,0.8951048951048952,1.8617021276595627,2.7177914110429304,3.529239766081857,4.42424242424241,5.5499999999999865,7.1403508771929705,9.656249999999988,11.13571428571427,12.640789473684196,C08_20221215,NA,20221216,NA,NA,NA,P-22-220_MSH3KO,2022-11-23,NA,126.1165526441373,21,MSH3-KO
C09_20221215.fsa,128.97588255494878,105,125.97588255494878,89,26,26,11,108.97588255494878,136.97588255494878,123.43742101648725,123.71703416614794,123.47588255494878,105,-17,11,-2.3995184779893606,-2.2588483888008453,5.665081880612784,4.01494396014944,6.647619047619047,6.647619047619048,-6.361323155216285,-17,-13.33375,-11.216666666666667,-8.764,-6.858095238095237,-4.88051948051948,-2.6726190476190474,-0.48539325842696657,1.5696078431372564,3.3922330097087383,5.531884057971016,7.272368421052628,9.91828571428571,0,0,0,0.8136363636363638,1.6264705882352946,2.401904761904762,3.169902912621359,3.949514563106796,4.834444444444445,5.947826086956522,7.65,8.839062499999997,10.541142857142857,C09_20221215,NA,20221216,NA,NA,NA,P-22-220_MSH3KO,2022-11-23,NA,126.1165526441373,21,MSH3-KO
C11_20221215.fsa,120.30486072193057,73,126.30486072193057,47,21,21,9,114.30486072193057,134.30486072193057,124.30486072193057,124.08398939467625,124.30486072193057,73,-12,8,-2.032563249461049,-2.220871327254306,5.242147922998987,3.718204488778055,4.493150684931507,4.493150684931507,-5.818325434439179,-12,-11.375806451612902,-10.102380952380953,-8.203225806451613,-6.752054794520547,-5.231578947368421,-3.207317073170733,-0.8680851063829783,1.3315789473684223,3.101818181818182,5.212820512820512,6.621666666666665,7.740263157894737,0,0,0,0.8512820512820515,1.6017543859649126,2.3163636363636364,3.0454545454545454,3.7745454545454544,4.675609756097562,5.687179487179487,6.93,7.472368421052631,7.894473684210526,C11_20221215,NA,20221216,NA,NA,NA,P-22-220_MSH3KO,2022-11-23,NA,126.1165526441373,21,MSH3-KO
C12_20221215.fsa,129.00687508731463,346,126.00687508731463,296,34,24,12,114.00687508731463,137.00687508731463,125.50687508731463,125.13335423377437,125.50687508731463,346,-12,11,-0.983198410362931,-0.8735208535402522,4.873132880698351,3.968052347959969,6.508670520231214,6.508670520231214,-5.191728005608132,-12,-10.429347826086957,-9.03170731707317,-7.2026143790849675,-5.447368421052631,-3.009478672985782,-0.9307432432432434,0.7817589576547226,2.3251445086705207,3.8173913043478267,5.9029850746268675,8.036111111111108,10.378915662650602,0,0,0,0.7283387622149838,1.5250000000000004,2.2895953757225436,3.0405797101449274,3.793623188405797,4.695940959409595,5.882587064676618,8.013333333333334,9.467045454545454,10.686987951807229,C12_20221215,NA,20221216,NA,NA,NA,P-22-220_MSH3KO,2022-11-23,NA,126.1165526441373,21,MSH3-KO
D11_20221215.fsa,136.5242859933824,178,126.52428599338239,89,33,33,26,119.52428599338239,151.5242859933824,135.5242859933824,135.8334874302434,135.5242859933824,178,-7,25,7.800827935258354,9.309201436861011,10.10665929814866,10.931238332296203,17.0561797752809,17.0561797752809,-2.9210526315789473,-7,-4.1763157894736835,-1.5525641025641022,2.0446153846153847,4.529012345679013,6.68187134502924,8.738764044943819,10.81301775147929,13.036551724137933,15.835000000000003,19.311494252873562,21.709027777777774,24.23,0,0.7316326530612245,2.0646153846153847,4.295061728395062,6.223391812865498,8.070786516853932,9.876404494382022,11.79030303030303,13.87448275862069,16.53684210526316,19.777011494252875,21.990277777777777,24.316170212765954,D11_20221215,NA,20221216,NA,NA,NA,P-22-218_FAN1KO,2022-11-23,NA,128.03265949498504,21,FAN1-KO
D12_20221215.fsa,134.59241814257888,153,126.59241814257888,88,37,37,29,118.59241814257888,154.59241814257888,136.59241814257888,136.4052748563067,136.59241814257888,153,-8,28,8.372615361321664,9.812856713727847,10.754881345749475,11.704273504273505,18.11764705882353,18.11764705882353,-3.186991869918699,-8,-4.708490566037735,-1.9874999999999996,1.7192307692307698,4.333571428571429,6.60921052631579,8.836805555555555,11.2765625,14.021100917431193,17.352,21.395774647887325,24.078888888888883,27.07527777777777,0,0.5883838383838383,2.0122950819672134,4.264285714285714,6.279605263157896,8.208333333333334,10.270992366412214,12.616071428571429,15.154255319148938,18.17582417582418,21.964788732394368,24.527777777777775,27.187500000000004,D12_20221215,NA,20221216,NA,NA,NA,P-22-218_FAN1KO,2022-11-23,NA,128.03265949498504,21,FAN1-KO
E01_20221215.fsa,133.69019108926247,191,126.69019108926247,71,29,29,23,117.69019108926247,148.69019108926247,134.5867428134004,134.72806987714125,134.69019108926247,191,-9,22,7.758346560971972,8.037878787878787,8.81542699724518,9.448262548262548,12.56020942408377,12.56020942408377,-2.9324675324675322,-9,-3.761702127659574,-1.342028985507246,1.8566037735849061,4.088000000000001,6.024083769633508,7.565217391304348,9.159999999999998,10.954716981132076,13.338317757009348,16.614084507042254,18.959999999999994,21.324651162790698,0,0.5571428571428572,1.7830188679245285,3.8115942028985508,5.557046979865773,7.010869565217392,8.418478260869565,9.921212121212122,11.66923076923077,13.925233644859816,17.061538461538465,19.28125,21.39767441860465,E01_20221215,NA,20221216,NA,NA,NA,P-22-034_KOcontrol,2022-12-14,NA,126.96972331616928,42,Empty vector
E02_20221215.fsa,135.68748761950494,90,126.68748761950494,50,21,21,19,124.68748761950494,144.68748761950494,134.68748761950494,134.44999754801964,134.68748761950494,90,-2,18,7.480274231850359,7.762509928514694,7.9340746624305005,8.338396624472574,12.166666666666666,12.166666666666666,-0.8709677419354838,-2,-1.2762499999999999,0.04130434782608712,2.4257142857142857,4.185135135135136,5.771764705882353,7.227777777777778,8.626666666666667,10.184722222222224,12.023529411764706,14.47857142857143,16.223611111111108,17.640285714285714,0,0.20108695652173922,1.4326923076923077,3.2638888888888893,4.885135135135136,6.290697674418605,7.638888888888889,8.955555555555556,10.493055555555555,12.313725490196079,14.654761904761905,16.32638888888889,17.66142857142857,E02_20221215,NA,20221216,NA,NA,NA,P-22-034_KOcontrol,2022-12-14,NA,126.96972331616928,42,Empty vector
E03_20221215.fsa,136.8032187846749,85,126.8032187846749,44,25,25,21,120.8032187846749,146.8032187846749,134.72321878467488,134.91021466944855,134.8032187846749,85,-6,20,7.9404913532792705,8.106995884773662,8.695473251028806,9.371843917368018,14.376470588235295,14.376470588235295,-2.1999999999999997,-6,-2.9194444444444443,-1.1155555555555554,1.8206896551724143,4.070129870129871,5.976315789473684,7.762499999999999,9.550588235294118,11.355555555555556,13.443835616438356,16.243478260869566,17.976923076923075,19.605945945945944,0,0.4357142857142858,1.6500000000000001,3.703030303030303,5.4486842105263165,7.072500000000001,8.706249999999999,10.270731707317072,11.984722222222224,13.857534246575343,16.571739130434782,18.189999999999998,19.646756756756755,E03_20221215,NA,20221216,NA,NA,NA,P-22-034_KOcontrol,2022-12-14,NA,126.96972331616928,42,Empty vector
E05_20221215.fsa,136.65514335226035,167,126.65514335226035,73,35,35,27,116.65514335226035,152.65514335226035,135.56942906654606,135.75590140658758,135.65514335226035,167,-10,26,8.786178090418304,9.100758054327226,10.134870499052433,10.969020172910662,15.622754491017965,15.622754491017965,-3.535637149028078,-10,-4.823404255319149,-1.9532467532467528,1.8489795918367355,4.428148148148149,6.674285714285714,8.660606060606062,10.64551724137931,12.948091603053436,15.648543689320391,19.07605633802817,21.85348837209302,25.166842105263154,0,0.75632183908046,2.1580645161290324,4.394074074074074,6.362857142857144,8.16,9.832335329341317,11.741843971631205,13.84769230769231,16.422222222222224,19.625352112676055,22.32195121951219,25.269473684210524,E05_20221215,NA,20221216,NA,NA,NA,P-22-034_KOcontrol,2022-12-14,NA,126.96972331616928,42,Empty vector
E06_20221215.fsa,134.60619260140817,148,126.60619260140817,76,31,31,24,116.60619260140817,149.60619260140817,134.50941840785978,135.12570293040585,134.60619260140817,148,-10,23,8.155979614236571,8.519510328997704,9.496557000765112,10.211188204683435,14.58108108108108,14.58108108108108,-3.3255208333333335,-10,-4.751162790697674,-1.8321428571428566,1.788372093023256,4.321008403361345,6.378417266187051,8.198529411764705,10.109923664122137,12.089256198347108,14.474725274725277,17.74769230769231,19.844642857142855,22.312105263157893,0,0.5535211267605634,1.9720930232558143,4.1949579831932775,6.048920863309354,7.664864864864865,9.326086956521738,11.049253731343283,12.852892561983472,15.162352941176472,18.214925373134328,20.152272727272724,22.39315789473684,E06_20221215,NA,20221216,NA,NA,NA,P-22-034_KOcontrol,2022-12-14,NA,126.96972331616928,42,Empty vector
E08_20221215.fsa,131.5551499707274,206,127.5551499707274,148,25,21,16,122.5551499707274,142.5551499707274,132.5551499707274,132.0057648061102,132.5551499707274,206,-5,15,5.036041489940914,4.450614835382784,5.257437524791749,5.761299435028248,9.310679611650485,9.310679611650485,-1.8660550458715597,-5,-3.7818840579710145,-2.241052631578947,-0.2756756756756753,1.1690355329949247,2.4291262135922334,3.6529126213592233,4.898507462686567,6.346451612903227,8.237168141592921,10.834117647058823,12.633098591549295,14.427045454545452,0,0,0.36179775280898885,1.5015228426395941,2.5543689320388356,3.585436893203884,4.6318407960199,5.77752808988764,7.143548387096776,8.93982300884956,11.382089552238806,12.912676056338029,14.517272727272726,E08_20221215,NA,20221216,NA,NA,NA,P-22-034_KOcontrol,2022-11-23,NA,126.96972331616928,21,Empty vector
E12_20221215.fsa,130.93529932341076,216,126.93529932341076,153,30,25,16,117.93529932341076,141.93529932341076,129.93529932341076,130.3488563244378,129.93529932341076,216,-9,15,3.379133008268525,3.4135570010270455,5.4197192742211575,5.821750902527076,9.25925925925926,9.25925925925926,-3.414918414918415,-9,-7.162727272727272,-4.951190476190476,-1.908270676691729,0.09891891891891975,1.6365482233502542,3.0671296296296298,4.474345549738219,6.035849056603775,7.878481012658229,10.414606741573035,12.176612903225802,14.391458333333334,0,0,0.3708108108108109,1.5340101522842642,2.6300970873786413,3.6731481481481487,4.790575916230367,5.976344086021505,7.368354430379747,8.959055118110237,11.221686746987952,12.745161290322581,14.538333333333332,E12_20221215,NA,20221216,NA,NA,NA,P-22-034_KOcontrol,2022-11-23,NA,126.96972331616928,21,Empty vector
S-22-697.fsa,126.87712728121414,107,126.87712728121414,107,20,20,12,118.87712728121414,137.87712728121414,128.37712728121414,128.40737881078587,128.37712728121414,107,-8,11,0.3747193158008315,1.5302515295717198,4.347382732834806,4.668466522678186,7.654205607476635,7.654205607476635,-3.1779141104294477,-8,-7.18625,-5.7796875,-3.76,-2.041111111111111,-0.5943925233644857,0.8186274509803915,2.3066666666666658,4.086516853932586,5.996969696969699,8.224193548387097,9.578409090909089,10.732545454545454,0,0,0,0.7666666666666668,1.6811881188118813,2.671111111111111,3.8181818181818183,4.88314606741573,6.241791044776121,7.633333333333334,9.145454545454546,10.158181818181816,10.831636363636363,S-22-697,NA,20221205,NA,NA,TRUE,P-22-218_FAN1KO,2022-11-02,NA,128.03265949498504,0,FAN1-KO
S-22-697_20221207.fsa,126.51917766781027,149,126.51917766781027,149,27,27,15,113.51917766781027,140.51917766781025,127.48214063077323,127.65794017918422,127.51917766781027,149,-13,13.999999999999986,-0.3747193158008173,1.1387625113739697,5.0459508644221955,5.153146322971938,7.85234899328859,7.852348993288591,-4.1770428015564205,-13,-9.960416666666667,-7.5928571428571425,-4.61010101010101,-2.618897637795275,-0.9986577181208048,0.5590551181102364,2.248387096774179,4.07478260869564,6.120930232558127,8.902857142857128,10.899999999999983,13.333939393939382,0,0,0,0.903937007874016,1.8999999999999875,2.9564516129032117,4.073913043478246,5.246601941747557,6.631395348837195,8.274285714285702,10.451020408163252,11.976249999999986,13.600303030303015,S-22-697_20221207,27,20221207,NA,NA,TRUE,P-22-218_FAN1KO,2022-11-02,NA,128.03265949498504,0,FAN1-KO
S-22-698.fsa,125.00296502848323,486,125.00296502848323,486,33,21,12,116.00296502848323,136.00296502848323,126.00296502848323,126.1692277526713,126.00296502848323,486,-9,11,0.12781027784183152,1.1662627241880756,4.0475036354823075,4.181959564541213,6.938271604938271,6.938271604938271,-3.16506922257721,-9,-7.478963414634146,-5.904979253112033,-3.64070796460177,-2.029710144927536,-0.7024691358024691,0.5745341614906828,1.935294117647059,3.440885416666668,5.154231974921631,7.312916666666668,8.71559405940594,10.399126213592233,0,0,0,0.591304347826087,1.426244343891403,2.314014251781473,3.252604166666667,4.27830985915493,5.40626959247649,6.716788321167884,8.33762376237624,9.396644295302012,10.625436893203883,S-22-698,NA,20221205,NA,NA,TRUE,P-22-219_PMS1KO,2022-11-02,NA,126.04141747482947,0,PMS1-KO
S-22-698_20221207.fsa,124.70659989771755,264,124.70659989771755,264,28,22,13,115.70659989771755,136.70659989771755,126.20659989771755,125.91360719698763,126.20659989771755,264,-9,12,-0.12781027784184573,1.207007299270073,4.168759124087591,4.342452830188679,7.030303030303031,7.03030303030303,-3.232632249840663,-9,-7.675287356321839,-5.988888888888889,-3.7277486910994764,-2.1190476190476186,-0.7537878787878788,0.5605468749999998,1.9504132231404963,3.449771689497718,5.185185185185186,7.602564102564103,9.40432098765432,11.377272727272727,0,0,0,0.6250000000000001,1.4793388429752072,2.370689655172414,3.3013698630136985,4.307291666666666,5.487654320987655,6.921428571428572,8.91304347826087,10.249999999999998,11.614545454545453,S-22-698_20221207,28,20221207,NA,NA,TRUE,P-22-219_PMS1KO,2022-11-02,NA,126.04141747482947,0,PMS1-KO
S-22-699.fsa,126.82924722366263,742,125.82924722366263,739,28,20,11,116.82924722366263,135.82924722366263,126.32924722366263,126.20329629684382,126.32924722366263,742,-9,10,0.08674365270651663,0.37404907318118513,3.86638808528876,3.692479940287367,6.222371967654986,6.222371967654986,-3.457882452790155,-9,-7.892205882352941,-6.616666666666666,-4.55117773019272,-2.7888012618296525,-1.35727002967359,-0.0629228687415424,1.2138847858197928,2.6031578947368423,4.1377690802348335,6.167246376811596,7.676792452830188,9.457383720930233,0,0,0,0.4485175202156336,1.1871491875923197,1.9787296898079767,2.7842105263157895,3.655091819699499,4.644422700587085,5.814252873563219,7.415471698113208,8.54090909090909,9.688430232558138,S-22-699,NA,20221205,NA,NA,TRUE,P-22-220_MSH3KO,2022-11-02,NA,126.1165526441373,0,MSH3-KO
S-22-699_20221207.fsa,125.71172620275973,334,126.71172620275973,329,32,23,12,115.71172620275973,137.71172620275973,126.71172620275973,126.02980899143077,126.71172620275973,334,-11,11,-0.08674365270653084,-0.6819172113289761,4.270588235294118,3.7436363636363637,5.586826347305389,5.586826347305389,-4.180213313718279,-11,-9.492125984251969,-8.005952380952381,-5.991869918699186,-4.209558823529411,-2.6853582554517135,-1.284431137724551,0.11400651465797965,1.623333333333334,3.3568281938326,5.851351351351351,7.861904761904761,10.325000000000001,0,0,0,0.3615635179153096,1.0800000000000005,1.8133333333333335,2.6188679245283017,3.5242290748898677,4.598930481283423,5.97972972972973,7.952380952380953,9.424657534246574,10.676470588235293,S-22-699_20221207,29,20221207,NA,NA,TRUE,P-22-220_MSH3KO,2022-11-02,NA,126.1165526441373,0,MSH3-KO
S-22-701.fsa,128.4845292133009,253,127.4845292133009,248,27,22,11,116.4845292133009,137.4845292133009,126.9845292133009,126.94186295153351,126.9845292133009,253,-11,10,-0.027860364635770907,-0.5426662617673854,4.11205587610082,3.5791717417783193,5.490118577075099,5.490118577075099,-4.03580832016851,-11,-9.557058823529411,-7.8856,-5.574698795180723,-3.8473684210526304,-2.3523404255319145,-1.0179282868525892,0.30355731225296434,1.6927601809954762,3.436144578313253,5.8657894736842104,7.503804347826084,9.390185185185187,0,0,0,0.3177865612648222,0.9667984189723324,1.704977375565611,2.5238095238095237,3.4469879518072286,4.528467153284673,5.873684210526316,7.508695652173913,8.567692307692308,9.695925925925927,S-22-701,NA,20221205,NA,NA,TRUE,P-22-034_KOcontrol,2022-11-02,NA,126.96972331616928,0,Empty vector
S-22-701_20221207.fsa,125.6581194664908,195,126.6581194664908,186,29,21,11,116.6581194664908,136.6581194664908,126.6581194664908,126.99758368080506,126.6581194664908,195,-10,10,0.027860364635785118,0.3394642143142743,3.9588164734106357,3.7772312016865777,6.297435897435897,6.297435897435897,-3.5806962025316458,-10,-8.4158333333333335,-6.829,-4.514516129032258,-2.789880952380952,-1.3979487179487178,-0.07258064516129081,1.264130434782608,2.6591954022988515,4.263945578231293,6.213978494623658,7.752898550724636,9.467872340425531,0,0,0,0.5244680851063831,1.2875000000000003,2.0643678160919543,2.8821839080459775,3.8013157894736844,4.762585034013606,5.88032786885246,7.5028985507246375,8.604098360655735,9.697234042553191,S-22-701_20221207,31,20221207,NA,NA,TRUE,P-22-034_KOcontrol,2022-11-02,NA,126.96972331616928,0,Empty vector
