experiment,cell_line_unique_number,treatment,rs_i_ds,position,can_peak_prop,ratio_50b_50a,rs362331_status
1,12,50 nM Branaplam,rs79689511,3214460,0.22462988526063396,26.972309820605123,0/1
1,12,50 nM Branaplam,rs79689511,3214460,0.08001500049386315,4.312102688936562,0/1
1,12,DMSO,rs79689511,3214460,1,NA,0/1
1,12,DMSO,rs79689511,3214460,1,NA,0/1
1,3,50 nM Branaplam,rs376150131,3215669,0.03828337874659401,10.031105325461953,0/1
1,3,50 nM Branaplam,rs376150131,3215669,0.08658360849276947,2.316365305309764,0/1
1,7,50 nM Branaplam,rs567263187,3214667,0.0667984062593708,1.9799402499062606,0/1
1,7,50 nM Branaplam,rs567263187,3214667,0.08963736917824597,2.468249926886116,0/1
1,10,50 nM Branaplam,rs10030079,3214822,0.07362546076351972,1.3747460222195738,0/1
1,10,50 nM Branaplam,rs10030079,3214822,0.026525865366964944,3.0580435925873584,0/1
1,12,50 nM Branaplam,rs79689511,3214460,0.05717900034498315,4.002684431883497,0/1
1,13,50 nM Branaplam,rs193157701,3214441,0.0577807700293293,2.428888560393585,0/0
1,13,50 nM Branaplam,rs193157701,3214441,0.12832107715973726,0.8251754559992723,0/0
1,2,DMSO,Reference,3215670,1,NA,NA
1,2,DMSO,Reference,3215670,1,NA,NA
1,2,50 nM Branaplam,Reference,3215670,0.018405129206179767,3.7170277142802473,NA
1,2,50 nM Branaplam,Reference,3215670,0.10136902717971381,1.6343901069393083,NA
1,17,50 nM Branaplam,rs376150131,3215669,0.08507508550912163,1.3241364136883569,0/0
1,17,50 nM Branaplam,rs376150131,3215669,0.11139569263317811,0.8115306899329793,0/0
1,8,50 nM Branaplam,rs772437678,3215338,0.5125409546143842,0.5929228785430353,0/1
1,15,50 nM Branaplam,rs193157701,3214441,0.032855043396865416,1.3080360839866823,0/1
1,15,50 nM Branaplam,rs193157701,3214441,0.03692549622144406,0.7284594917404481,0/1
1,14,50 nM Branaplam,rs10030079,3214822,0.06660523893293156,1.0481208178450454,1/1
1,14,50 nM Branaplam,rs10030079,3214822,0.07794985686991354,1.9887079011880429,1/1
1,8,50 nM Branaplam,rs772437678,3215338,0.4873055239813673,0.312010753670142,0/1
2,4,50 nM Branaplam,rs145498084,3215328,0.27855319184905347,1.3377351190224185,0/0
2,4,50 nM Branaplam,rs145498084,3215328,0.22615489689262,1.7038713403591836,0/0
2,5,50 nM Branaplam,rs145498084,3215328,0.2981783274435283,2.072183015119529,0/0
2,5,50 nM Branaplam,rs145498084,3215328,0.337463440230523,1.285438157257516,0/0
2,6,50 nM Branaplam,rs145498084,3215328,0.3299530840541778,0.849230911585316,0/0
2,6,50 nM Branaplam,rs145498084,3215328,0.19344827953763666,4.006605339401172,0/0
2,9,50 nM Branaplam,rs145498084,3215328,0.23782620387330528,2.1215381231350654,0/0
2,11,50 nM Branaplam,rs145498084,3215328,0.18559493016083103,2.3843244152755037,0/0
2,11,50 nM Branaplam,rs145498084,3215328,0.3585076041228485,0.7676849276574318,0/0
2,12,50 nM Branaplam,rs79689511,3214460,0.042011184255945515,2.557247992148131,0/1
2,12,50 nM Branaplam,rs79689511,3214460,0.05461183828976228,3.1121270184273677,0/1
2,16,50 nM Branaplam,rs145498084,3215328,0.23103846958830201,1.6736258359755423,0/0
2,16,50 nM Branaplam,rs145498084,3215328,0.24636027137129818,1.5183418551942018,0/0
20220111,3,1000 nM Risdiplam,rs376150131,3215669,0.12386230739332672,0.6680800468147539,0/1
20220111,3,1000 nM Risdiplam,rs376150131,3215669,0.0977928643119917,0.9121243401437386,0/1
20220111,5,1000 nM Risdiplam,rs145498084,3215328,0.24601811622129288,1.306190679741232,0/0
20220111,5,1000 nM Risdiplam,rs145498084,3215328,0.2749573563082989,0.8203550186721332,0/0
20220111,8,1000 nM Risdiplam,rs772437678,3215338,0.5288497362680612,0.4374530179524938,0/1
20220111,8,1000 nM Risdiplam,rs772437678,3215338,0.5642979914024672,0.6901449126157327,0/1
20220111,10,1000 nM Risdiplam,rs10030079,3214822,0.03998596675525918,2.2447343947417195,0/1
20220111,10,1000 nM Risdiplam,rs10030079,3214822,0.05177531911092625,0.9931153398236334,0/1
20220111,17,1000 nM Risdiplam,rs376150131,3215669,0.0608356167771631,1.3948064270924267,0/0
20220111,17,1000 nM Risdiplam,rs376150131,3215669,0.09783665185793881,0.8301452513171516,0/0
20220207,1,DMSO,Reference,3215670,1,NA,0/0
20220207,1,DMSO,Reference,3215670,1,NA,0/0
20220207,1,DMSO,Reference,3215670,1,NA,0/0
20220207,1,50 nM Branaplam,Reference,3215670,0.16509220357651985,5.310557751584154,0/0
20220207,1,50 nM Branaplam,Reference,3215670,0.15222511819116136,1.4122772499596434,0/0
20220207,1,50 nM Branaplam,Reference,3215670,0.2146580434694869,1.6350230703101618,0/0
20220207,8,DMSO,rs772437678,3215338,1,NA,0/1
20220207,8,DMSO,rs772437678,3215338,1,NA,0/1
20220207,8,DMSO,rs772437678,3215338,1,NA,0/1
20220207,8,50 nM Branaplam,rs772437678,3215338,0.46545473588835723,1.0943284328812324,0/1
20220207,8,50 nM Branaplam,rs772437678,3215338,0.5518770169133567,1.3834830446770432,0/1
20220207,8,50 nM Branaplam,rs772437678,3215338,0.5881346033173533,1.952964643052472,0/1
20220207,5,DMSO,rs145498084,3215328,1,NA,0/0
20220207,5,DMSO,rs145498084,3215328,1,NA,0/0
20220207,5,DMSO,rs145498084,3215328,1,NA,0/0
20220207,5,50 nM Branaplam,rs145498084,3215328,0.360679799606804,1.4096508634495117,0/0
20220207,5,50 nM Branaplam,rs145498084,3215328,0.3914565634480165,1.093102355512822,0/0
20220207,5,50 nM Branaplam,rs145498084,3215328,0.3863811452824973,1.2947968122485323,0/0
20220207,12,DMSO,rs79689511,3214460,1,NA,0/1
20220207,12,DMSO,rs79689511,3214460,1,NA,0/1
20220207,12,50 nM Branaplam,rs79689511,3214460,0.17878538931496166,1.4664286232967574,0/1
20220207,12,50 nM Branaplam,rs79689511,3214460,0.09709495736154415,2.0344401567957533,0/1
