image_number,total_cell_count,positive_cell_count,negative_cell_count,p_enriched_positive,p_enriched_negative,enriched_score_positive,training_total_cell_count,training_positive_cell_count,training_negative_cell_count,Image_Metadata_image,Image_Metadata_scene,Image_Metadata_slide,days_conf,edu_status
1,403,70,333,0.832862873277321,0.16713712672270423,0.697500570990628,0,0,0,001,s1,slide1,0,pos
2,290,46,244,0.8028345401280393,0.1971654598721368,0.6097952126913783,0,0,0,002,s1,slide1,0,pos
3,389,44,345,0.693071072290893,0.306928927724909,0.35373995031749117,0,0,0,003,s1,slide1,0,pos
4,373,79,294,0.887196124302063,0.11280387569836836,0.8956956146131577,0,0,0,004,s1,slide1,0,pos
5,374,58,316,0.7975640521754087,0.2024359478250095,0.5954779357953851,0,0,0,005,s1,slide1,0,pos
6,469,56,413,0.7124137188781925,0.2875862811273134,0.3939641092071446,0,0,0,006,s1,slide1,0,pos
7,545,63,482,0.7019737559989291,0.29802624400921446,0.3720663664380298,0,0,0,007,s1,slide1,0,pos
8,494,41,453,0.5886938766943614,0.41130612330609856,0.1557243434156428,0,0,0,008,s1,slide1,0,pos
9,426,54,372,0.7322062151570004,0.26779378484588445,0.4368329176016522,0,0,0,009,s1,slide1,0,pos
10,458,47,411,0.6605077201030991,0.33949227993747033,0.2890479952624976,0,0,0,010,s1,slide1,0,pos
11,537,60,477,0.6902739984054941,0.30972600160635433,0.3480438484248778,0,0,0,011,s1,slide1,0,pos
12,535,71,464,0.7486671395505095,0.25133286045019754,0.4740394974971822,1,1,0,012,s1,slide1,0,pos
13,463,114,349,0.9231360799760604,0.0768639200241245,1.079543195815002,0,0,0,013,s1,slide1,0,pos
14,364,76,288,0.8834102074013316,0.11658979259951566,0.8795018832898367,0,0,0,014,s1,slide1,0,pos
15,284,56,228,0.8665581400269348,0.1334418599732464,0.8125056194390253,0,0,0,015,s1,slide1,0,pos
16,301,58,243,0.8606999990315289,0.1393000009685607,0.7909006830336291,0,0,0,016,s1,slide1,0,pos
17,351,81,270,0.9075382914437692,0.0924617085558703,0.9919030438302106,0,0,0,017,s1,slide1,0,pos
18,381,88,293,0.9082019098947576,0.09179809010550888,0.9953487652308246,0,0,0,018,s1,slide1,0,pos
19,317,66,251,0.881777188421032,0.11822281157886014,0.8726575758938733,0,0,0,019,s1,slide1,0,pos
20,306,57,249,0.8513361118814516,0.14866388811888567,0.7578955685927076,0,0,0,020,s1,slide1,0,pos
21,230,62,168,0.9370303641515176,0.06296963584830804,1.172622482484017,0,0,0,021,s1,slide1,0,pos
22,221,51,170,0.9040943185015796,0.09590568149858496,0.974369404318429,0,0,0,022,s1,slide1,0,pos
23,240,53,187,0.8943556907678099,0.10564430923182412,0.9276641669706642,0,0,0,023,s1,slide1,0,pos
24,354,72,282,0.8764238448280051,0.12357615517183156,0.8507795060080785,0,0,0,024,s1,slide1,0,pos
25,413,85,328,0.8804287457541043,0.11957125424579204,0.8670674288949596,0,0,0,025,s1,slide1,0,pos
26,301,79,222,0.9337777217235288,0.06622227827653797,1.149239390311828,0,0,0,026,s1,slide1,0,pos
27,266,60,206,0.9003167565803342,0.0996832434199094,0.9557731729553824,0,0,0,027,s1,slide1,0,pos
28,421,96,325,0.905765467227842,0.09423453277228022,0.9828056773579282,0,0,0,028,s1,slide1,0,pos
29,515,117,398,0.9058139801189554,0.094186019882153,0.9830525743563842,0,0,0,029,s1,slide1,0,pos
30,475,64,411,0.7531843120308314,0.24681568796980743,0.48452850494432753,0,0,0,030,s1,slide1,0,pos
31,472,72,400,0.7936443943395788,0.2063556056613557,0.585009682089374,0,0,0,031,s1,slide1,0,pos
32,407,68,339,0.8212204245875396,0.178779575412558,0.6621418406511542,0,0,0,032,s1,slide1,0,pos
33,412,47,365,0.6962600970085376,0.30373990300474324,0.3602696563638904,0,0,0,033,s1,slide1,0,pos
34,446,65,381,0.7786766862690097,0.22132331373156408,0.5463300080282957,0,0,0,034,s1,slide1,0,pos
35,395,78,317,0.8692124930959052,0.13078750690412752,0.8225596985071177,0,0,0,035,s1,slide1,0,pos
36,392,89,303,0.9043867311840228,0.09561326881657048,0.9758360158581926,0,0,0,036,s1,slide1,0,pos
37,368,49,319,0.7478652092236019,0.25213479077813555,0.4721905544018196,0,0,0,037,s1,slide1,0,pos
38,431,64,367,0.7845416595164795,0.2154583404839397,0.561252699295474,0,0,0,038,s1,slide1,0,pos
39,423,60,363,0.7695589555220117,0.2304410444790791,0.5236820615162688,0,0,0,039,s1,slide1,0,pos
40,377,99,278,0.9350782118089268,0.0649217881917451,1.1584574642214118,0,0,0,040,s1,slide1,0,pos
41,398,65,333,0.8141127661156407,0.1858872338848602,0.6414350000764388,0,0,0,041,s1,slide1,0,pos
42,352,61,291,0.8313182488143908,0.16868175118543038,0.692699213055123,0,0,0,042,s1,slide1,0,pos
43,337,78,259,0.9079734617381616,0.09202653826177072,0.9941600695488528,0,0,0,043,s1,slide1,0,pos
44,339,84,255,0.9229373615575932,0.07706263844226198,1.0783283529319627,1,1,0,044,s1,slide1,0,pos
45,264,51,213,0.8603342860892739,0.13966571391067073,0.7895774251379297,0,0,0,045,s1,slide1,0,pos
46,226,45,181,0.8671536257746645,0.13284637422506937,0.8147463386092502,0,0,0,046,s1,slide1,0,pos
47,147,39,108,0.9297070147406958,0.07029298525934013,1.1214341200931708,0,0,0,047,s1,slide1,0,pos
48,184,63,121,0.9714517972128794,0.0285482027868701,1.5318424830392254,0,0,0,048,s1,slide1,0,pos
49,213,60,153,0.944362936134324,0.05563706386554596,1.2297747308715314,1,1,0,049,s1,slide1,0,pos
50,168,38,130,0.8964243272931415,0.10357567270697404,0.9372558713191592,0,0,0,050,s1,slide1,0,pos
51,197,48,149,0.915240415558866,0.08475958444125445,1.0333463708377586,0,0,0,051,s1,slide1,0,pos
52,307,66,241,0.8896849665503137,0.11031503344940466,0.9066015511293568,0,0,0,052,s1,slide1,0,pos
53,281,72,209,0.928638036325476,0.07136196367438814,1.114379676015858,0,0,0,053,s1,slide1,0,pos
54,303,50,253,0.8154256105252421,0.1845743894749302,0.645212906897513,0,0,0,054,s1,slide1,0,pos
55,267,64,203,0.9142640541694896,0.08573594583079953,1.0279087017752364,0,0,0,055,s1,slide1,0,pos
56,305,60,245,0.866474286668483,0.1335257133312145,0.812190772428674,0,0,0,056,s1,slide1,0,pos
57,343,68,275,0.8694000756601931,0.1305999243398874,0.8232767483094485,0,0,0,057,s1,slide1,0,pos
58,307,83,224,0.9394488159732308,0.0605511840265399,1.1907504835774176,0,0,0,058,s1,slide1,0,pos
59,313,64,249,0.8769864726511797,0.12301352734938804,0.853040022663048,1,0,1,059,s1,slide1,0,pos
60,395,43,352,0.6800703835081453,0.3199296165164396,0.3274994166898494,0,0,0,060,s1,slide1,0,pos
61,413,104,309,0.9272621123287358,0.07273788767103496,1.1054418301263005,0,0,0,061,s1,slide1,0,pos
62,352,64,288,0.8454047425903592,0.1545952574095562,0.7378685130914039,0,0,0,062,s1,slide1,0,pos
64,369,64,305,0.8318804609822222,0.16811953901801985,0.6944427333043975,0,0,0,064,s1,slide1,0,pos
65,295,48,247,0.810886280152726,0.18911371984735004,0.6322369151628456,0,0,0,065,s1,slide1,0,pos
66,234,70,164,0.954840880094,0.04515911990569516,1.3251855349194248,1,1,0,066,s1,slide1,0,pos
67,254,84,170,0.9690708762606584,0.03092912373950555,1.495987925728229,0,0,0,067,s1,slide1,0,pos
68,242,56,186,0.9055350931784776,0.09446490682141696,0.981634785132074,0,0,0,068,s1,slide1,0,pos
69,214,49,165,0.9019632851510364,0.09803671484879048,0.9638001098577702,0,0,0,069,s1,slide1,0,pos
70,245,72,173,0.9523534259485084,0.04764657405116499,1.3007664695752186,0,0,0,070,s1,slide1,0,pos
71,262,62,200,0.9112673198027972,0.08873268019716549,1.0115621960153922,0,0,0,071,s1,slide1,0,pos
72,280,76,204,0.9396318464798812,0.06036815352031654,1.1921498353869369,0,0,0,072,s1,slide1,0,pos
73,202,33,169,0.8084835725748702,0.1915164274254222,0.625465168238031,0,0,0,073,s1,slide1,0,pos
74,225,51,174,0.9000461313258707,0.09995386867373646,0.9544651615415698,0,0,0,074,s1,slide1,0,pos
75,243,77,166,0.963366668539966,0.03663333146020582,1.4199152006165814,0,0,0,075,s1,slide1,0,pos
76,271,76,195,0.9452256301227226,0.05477436987729193,1.236958099015708,0,0,0,076,s1,slide1,0,pos
77,307,71,236,0.9071950806445468,0.09280491935529542,0.9901296888625984,0,0,0,077,s1,slide1,0,pos
78,303,64,239,0.8851413885688315,0.11485861143143757,0.8868490868898871,0,0,0,078,s1,slide1,0,pos
79,306,66,240,0.8904750014704701,0.1095249985296432,0.9101084758923348,0,0,0,079,s1,slide1,0,pos
80,256,68,188,0.93503128961152715,0.06496871038837035,1.158121897996648,1,1,0,080,s1,slide1,0,pos
81,294,63,231,0.8885576601209708,0.11144233987881463,0.9016353931161974,0,0,0,081,s1,slide1,0,pos
83,246,30,216,0.7155488192738189,0.2844511807404212,0.4006315286105588,0,0,0,083,s1,slide1,0,pos
84,184,47,137,0.92455282307831,0.07544717692149427,1.088288735024767,0,0,0,084,s1,slide1,0,pos
85,174,43,131,0.9170159245799344,0.08298407541985701,1.0433821179464282,0,0,0,085,s1,slide1,0,pos
86,227,64,163,0.9449831997352918,0.05501680026469047,1.2349287589770657,0,0,0,086,s1,slide1,0,pos
87,293,61,232,0.8811901345070433,0.11880986549313324,0.870217122090604,0,0,0,087,s1,slide1,0,pos
88,269,50,219,0.849679312666014,0.15032068733381138,0.7522362916287479,0,0,0,088,s1,slide1,0,pos
89,245,54,191,0.8940659037474248,0.10593409625219742,0.9263337669887758,0,0,0,089,s1,slide1,0,pos
90,240,52,188,0.8896615423394723,0.11033845766021014,0.9064979086153568,0,0,0,090,s1,slide1,0,pos
91,186,64,122,0.9720803606337292,0.02791963936601988,1.541792364705188,0,0,0,091,s1,slide1,0,pos
92,147,43,104,0.9474633392755232,0.05253666072439381,1.2560999493729663,0,0,0,092,s1,slide1,0,pos
93,222,71,151,0.9641043197834518,0.03589568021662701,1.4290818412254958,0,0,0,093,s1,slide1,0,pos
94,302,84,218,0.9444216957727672,0.05557830422764226,1.2302606636682842,0,0,0,094,s1,slide1,0,pos
95,285,81,204,0.9477856209309442,0.05221437906908775,1.258919997872901,0,0,0,095,s1,slide1,0,pos
96,178,52,126,0.9490594554086196,0.05094054459135339,1.2702298368044214,1,1,0,096,s1,slide1,0,pos
97,136,32,104,0.90291135453894,0.09708864546098762,0.968476672476522,0,0,0,097,s1,slide1,0,pos
98,230,41,189,0.8361323173673971,0.16386768263262522,0.7077816975897344,0,0,0,098,s1,slide1,0,pos
99,319,62,257,0.8635029658116765,0.1364970341882677,0.8011406184304475,0,0,0,099,s1,slide1,0,pos
101,341,64,277,0.8542495546099148,0.14575044539015805,0.7679748704700035,20,6,14,101,s1,slide1,0,pos
102,383,74,309,0.8630868256234122,0.1369131743766841,0.7996092476449949,0,0,0,102,s1,slide1,0,pos
103,380,87,293,0.90616251224998,0.09383748774988096,0.9848297193649976,1,1,0,103,s1,slide1,0,pos
104,290,87,203,0.9564758677151352,0.04352413228485928,1.3419438954697855,0,0,0,104,s1,slide1,0,pos
105,367,64,303,0.833461295632729,0.16653870436765203,0.6993702551929262,0,0,0,105,s1,slide1,0,pos
106,349,90,259,0.9311857248794836,0.06881427512017067,1.1313577701604824,0,0,0,106,s1,slide1,0,pos
107,378,59,319,0.7996695871767896,0.20033041282339373,0.6011636933760751,0,0,0,107,s1,slide1,0,pos
108,378,54,324,0.7712332335726002,0.22876676642816005,0.5277928021265743,0,0,0,108,s1,slide1,0,pos
109,365,71,294,0.8646429354639246,0.13535706453633534,0.8053558701067632,0,0,0,109,s1,slide1,0,pos
110,360,74,286,0.8793038236542895,0.12069617634570878,0.8624454498243866,0,0,0,110,s1,slide1,0,pos
111,280,75,205,0.9371907917532954,0.06280920824668286,1.173804693983971,0,0,0,111,s1,slide1,0,pos
112,166,48,118,0.9467269283494536,0.05327307165065576,1.249716991887062,0,0,0,112,s1,slide1,0,pos
113,199,54,145,0.9371002812639816,0.06289971873607865,1.17313736478217,0,0,0,113,s1,slide1,0,pos
114,302,81,221,0.9378890059572952,0.062110994042821,1.178982965161097,0,0,0,114,s1,slide1,0,pos
115,300,68,232,0.9023615538465616,0.09763844615334984,0.9657597241050194,0,0,0,115,s1,slide1,0,pos
116,213,49,164,0.9030156853279254,0.0969843146720164,0.9689937927940092,0,0,0,116,s1,slide1,0,pos
117,181,37,144,0.871742483512937,0.12825751648705863,0.8323053852095745,0,0,0,117,s1,slide1,0,pos
118,206,51,155,0.9191066729900949,0.08089332700993664,1.0554532216198025,0,0,0,118,s1,slide1,0,pos
119,200,30,170,0.7815838669026705,0.21841613309868704,0.5536908723336711,0,0,0,119,s1,slide1,0,pos
120,199,34,165,0.821955701717094,0.17804429828304247,0.6643203420865129,0,0,0,120,s1,slide1,0,pos
121,268,57,211,0.8859506844838385,0.11404931551644164,0.8903168648748514,0,0,0,121,s1,slide1,0,pos
122,315,65,250,0.8794180898645336,0.12058191013588591,0.8629132356953848,0,0,0,122,s1,slide1,0,pos
123,220,56,164,0.9254826788148718,0.07451732118472594,1.094111060878326,0,0,0,123,s1,slide1,0,pos
124,209,78,131,0.9808537586631726,0.01914624133655738,1.709520731793504,0,0,0,124,s1,slide1,0,pos
125,207,73,134,0.9753431163041314,0.02465688369586459,1.5972192365425386,0,0,0,125,s1,slide1,0,pos
126,258,50,208,0.8610124336044571,0.13898756639540727,0.7920334723013255,0,0,0,126,s1,slide1,0,pos
127,365,69,296,0.8567258974133265,0.143274102586936,0.7766741982200502,0,0,0,127,s1,slide1,0,pos
128,356,57,299,0.807265783666869,0.19273421633292884,0.6220577227886623,0,0,0,128,s1,slide1,0,pos
129,370,83,287,0.901233282445139,0.098766717554473707,0.9602266012702744,0,0,0,129,s1,slide1,0,pos
130,365,85,280,0.909836712806782,0.09016328719351864,1.0039337201255665,0,0,0,130,s1,slide1,0,pos
131,429,78,351,0.8466089001007494,0.15339109990028202,0.7418826681570516,0,0,0,131,s1,slide1,0,pos
132,410,79,331,0.8627310312786611,0.1372689687215077,0.7983030483961991,0,0,0,132,s1,slide1,0,pos
133,476,99,377,0.8838600122597094,0.11613998774129118,0.8814017100677238,0,0,0,133,s1,slide1,0,pos
134,405,79,326,0.8660272932183762,0.1339727067815356,0.8105152472721472,1,0,1,134,s1,slide1,0,pos
135,392,84,308,0.8904164992588404,0.10958350074181213,0.9098480285615692,0,0,0,135,s1,slide1,0,pos
136,342,73,269,0.8886210599668131,0.11137894003383383,0.9019135211374736,0,0,0,136,s1,slide1,0,pos
137,368,81,287,0.8966510148550944,0.10334898514488282,0.938317228020044,1,0,1,137,s1,slide1,0,pos
138,364,87,277,0.9156175736380856,0.0843824263626005,1.0354621105051884,0,0,0,138,s1,slide1,0,pos
139,332,60,272,0.8432538741922115,0.15674612580794037,0.7307615297001961,0,0,0,139,s1,slide1,0,pos
140,228,56,172,0.9183080719532614,0.08169192804634715,1.050809255640622,0,0,0,140,s1,slide1,0,pos
141,240,73,167,0.9575042618147578,0.04249573818480658,1.352795337986028,0,0,0,141,s1,slide1,0,pos
142,308,74,234,0.9157641290895604,0.08423587091054105,1.0362865576346785,0,0,0,142,s1,slide1,0,pos
143,428,95,333,0.8994895899991143,0.10051041000055004,0.9517850969596704,1,1,0,143,s1,slide1,0,pos
144,327,65,262,0.869788176909164,0.13021182309080367,0.8247630804889671,0,0,0,144,s1,slide1,0,pos
145,237,40,197,0.8201326053036024,0.1798673946964674,0.6589316339796589,0,0,0,145,s1,slide1,0,pos
146,232,39,193,0.8187092220234228,0.1812907779768721,0.654753969685728,0,0,0,146,s1,slide1,0,pos
147,334,58,276,0.8315687054458003,0.16843129455450576,0.6934753504689868,0,0,0,147,s1,slide1,0,pos
148,366,90,276,0.9217548389530986,0.07824516104655187,1.0711579374411646,0,0,0,148,s1,slide1,0,pos
149,401,74,327,0.8504847755177131,0.14951522448180649,0.7549811265136229,0,0,0,149,s1,slide1,0,pos
150,354,51,303,0.7735677735906243,0.22643222640965177,0.5335601321732983,0,0,0,150,s1,slide1,0,pos
151,229,35,194,0.78899704459454445,0.21100295540598749,0.5727868381723841,0,0,0,151,s1,slide1,0,pos
152,233,32,201,0.75459883757173285,0.24540116243134336,0.4878395162695545,0,0,0,152,s1,slide1,0,pos
153,230,63,167,0.93997070047479,0.0600292995249963,1.1947510409021396,0,0,0,153,s1,slide1,0,pos
154,375,79,296,0.8858724804538864,0.11412751954659273,0.8899808321885512,0,0,0,154,s1,slide1,0,pos
155,437,72,365,0.8173556389760613,0.18264436102396628,0.6508047948750949,0,0,0,155,s1,slide1,0,pos
156,375,59,316,0.8021269928820174,0.19787300711883005,0.6078565774171485,1,0,1,156,s1,slide1,0,pos
157,381,84,297,0.8972500919770651,0.10274990802321768,0.9411320697372608,0,0,0,157,s1,slide1,0,pos
158,422,87,335,0.8809859566144873,0.11901404338600512,0.86937077540785,0,0,0,158,s1,slide1,0,pos
159,416,57,359,0.7580760091101677,0.24192399089119043,0.49603381450368256,0,0,0,159,s1,slide1,0,pos
160,415,73,342,0.8367736025462522,0.1632263974536282,0.7098175756969105,1,1,0,160,s1,slide1,0,pos
161,457,102,355,0.9011274979462816,0.09887250205483288,0.9597107179169804,0,0,0,161,s1,slide1,0,pos
162,283,53,230,0.8522431609995134,0.14775683900054087,0.7610159332699211,0,0,0,162,s1,slide1,0,pos
163,344,65,279,0.8562062452833161,0.14379375471661282,0.7748383672331277,0,0,0,163,s1,slide1,0,pos
164,400,84,316,0.8854359862785569,0.11456401372176156,0.8881089481603542,0,0,0,164,s1,slide1,0,pos
165,398,82,316,0.8804996381579135,0.11950036184239704,0.8673599615180062,0,0,0,165,s1,slide1,0,pos
166,407,66,341,0.8120539355501354,0.18794606444998807,0.6355516393531091,0,0,0,166,s1,slide1,0,pos
333,1108,79,1029,0.5395038178328273,0.4604961821655737,0.06876848839688404,0,0,0,001,s1,slide2,2,pos
334,978,74,904,0.5589400869957243,0.4410599130035524,0.1028676707156404,0,0,0,002,s1,slide2,2,pos
335,661,107,554,0.8137773056462188,0.186222694354443,0.640472968298669,1,1,0,003,s1,slide2,2,pos
336,847,82,765,0.6422213079014866,0.3577786921425424,0.25407023856471933,0,0,0,004,s1,slide2,2,pos
337,779,92,687,0.7104511552813433,0.28954884472241826,0.38981238834392445,0,0,0,005,s1,slide2,2,pos
338,1087,99,988,0.6216493555404785,0.3783506445360209,0.21565100970038725,1,1,0,006,s1,slide2,2,pos
339,896,77,819,0.6015558048749008,0.39844419528114455,0.17890841795692536,0,0,0,007,s1,slide2,2,pos
342,675,87,588,0.739734607499873,0.26026539250119696,0.4536595132737007,0,0,0,010,s1,slide2,2,pos
343,786,92,694,0.7074110174879225,0.2925889825164043,0.3834138507340829,0,0,0,011,s1,slide2,2,pos
344,873,66,807,0.5585544254554097,0.4414455745438901,0.102188329688697,1,0,1,012,s1,slide2,2,pos
345,790,94,696,0.7130500601022749,0.28694993989982065,0.3953138827047306,0,0,0,013,s1,slide2,2,pos
346,824,107,717,0.7428533496416708,0.2571466503598102,0.4607222145073926,0,0,0,014,s1,slide2,2,pos
347,768,109,659,0.772238291775687,0.2277617082239093,0.5302706211233829,0,0,0,015,s1,slide2,2,pos
348,986,91,895,0.6260553440725558,0.37394465599677,0.2238053960137437,0,0,0,016,s1,slide2,2,pos
349,871,99,772,0.6975891112417485,0.30241088876366023,0.36300226848313033,1,1,0,017,s1,slide2,2,pos
350,832,104,728,0.7299924490138306,0.2700075509861518,0.4319424580988036,0,0,0,018,s1,slide2,2,pos
352,1059,93,966,0.6091561583453794,0.390843841767345,0.1927253657558103,1,1,0,020,s1,slide2,2,pos
353,997,93,904,0.6297270790276848,0.3702729210315414,0.23063041677393156,0,0,0,021,s1,slide2,2,pos
354,1014,100,914,0.6489193843143866,0.3510806157164254,0.2667838961578447,0,0,0,022,s1,slide2,2,pos
355,911,89,822,0.6454836866274044,0.3545163134098571,0.26024904636161955,0,0,0,023,s1,slide2,2,pos
356,828,75,753,0.619353133997498,0.3806468660978177,0.21141608106840715,0,0,0,024,s1,slide2,2,pos
357,564,76,488,0.7539798622547131,0.2460201377462074,0.486389089306087,0,0,0,025,s1,slide2,2,pos
358,714,68,646,0.6362319273445284,0.3637680727150641,0.24279087998750265,0,0,0,026,s1,slide2,2,pos
359,617,94,523,0.7944322930072402,0.20556770699248325,0.587101997986467,0,0,0,027,s1,slide2,2,pos
360,702,72,630,0.6616698600937777,0.33833013993184996,0.2913006640919218,0,0,0,028,s1,slide2,2,pos
361,788,74,714,0.6316181858324564,0.3683818142332517,0.23415644359280063,0,0,0,029,s1,slide2,2,pos
362,810,98,712,0.7188134497484732,0.2811865502543959,0.4076216509958096,0,0,0,030,s1,slide2,2,pos
363,868,99,769,0.6987674485556221,0.3012325514489172,0.3654307652760321,0,0,0,031,s1,slide2,2,pos
364,788,84,704,0.6752518106170532,0.3247481893974186,0.31791901901127995,0,0,0,032,s1,slide2,2,pos
365,715,101,614,0.7704597831800396,0.22954021681917508,0.5258911866069996,0,0,0,033,s1,slide2,2,pos
366,801,80,721,0.6528301814431869,0.3471698185898507,0.27425826191746394,0,0,0,034,s1,slide2,2,pos
367,891,97,794,0.6827909443531148,0.31720905565651414,0.3329421755559444,0,0,0,035,s1,slide2,2,pos
368,873,120,753,0.7620415675929099,0.23795843240665124,0.505477562467081,0,0,0,036,s1,slide2,2,pos
369,793,107,686,0.7556004983587196,0.244399501640426,0.49019191969522746,1,1,0,037,s1,slide2,2,pos
370,781,86,695,0.6864121738525113,0.3135878261576155,0.3402257828208817,0,0,0,038,s1,slide2,2,pos
371,902,87,815,0.6410581389672413,0.3589418610768725,0.25187330822199394,0,0,0,039,s1,slide2,2,pos
372,778,79,699,0.6584695046526851,0.3415304953736895,0.28510617849773323,0,0,0,040,s1,slide2,2,pos
373,776,87,689,0.6925851457109862,0.3074148542964831,0.35274832395439026,0,0,0,041,s1,slide2,2,pos
374,927,102,825,0.6865497905932062,0.31345020941507173,0.34050347470307785,0,0,0,042,s1,slide2,2,pos
375,896,103,793,0.7015433018578549,0.2984566981475064,0.3711731524286527,0,0,0,043,s1,slide2,2,pos
376,735,92,643,0.7301037006808577,0.2698962993220202,0.43218761998514976,0,0,0,044,s1,slide2,2,pos
377,698,78,620,0.6911744959882811,0.30882550402000836,0.34987454563285125,0,0,0,045,s1,slide2,2,pos
378,629,96,533,0.7950779770241536,0.20492202297585616,0.5888210894907265,0,0,0,046,s1,slide2,2,pos
379,863,114,749,0.7487360702224193,0.25126392977785855,0.4741986078160773,0,0,0,047,s1,slide2,2,pos
380,1026,118,908,0.7019981216048583,0.29800187839914277,0.3721169484801106,0,0,0,048,s1,slide2,2,pos
381,737,84,653,0.6981093515504532,0.30189064845596586,0.3640737953952568,1,1,0,049,s1,slide2,2,pos
382,949,88,861,0.6276160260414497,0.3723839740251731,0.22670304240484496,0,0,0,050,s1,slide2,2,pos
383,713,96,617,0.7545603976545399,0.245439602345524,0.4877493693155256,0,0,0,051,s1,slide2,2,pos
384,702,84,618,0.7146342951355109,0.2853657048673525,0.3986820754801691,0,0,0,052,s1,slide2,2,pos
385,691,89,602,0.7395760139743607,0.26042398602740224,0.4533018357316862,0,0,0,053,s1,slide2,2,pos
386,760,80,680,0.6708172506383302,0.32918274938034053,0.3091671541545309,1,1,0,054,s1,slide2,2,pos
387,885,101,784,0.699020664590548,0.30097933541476585,0.36595333573985706,0,0,0,055,s1,slide2,2,pos
388,652,114,538,0.8370910721479738,0.16290892785238223,0.7108278245810871,0,0,0,056,s1,slide2,2,pos
389,798,101,697,0.7341017969440625,0.2658982030568392,0.44104088477168246,0,0,0,057,s1,slide2,2,pos
390,946,75,871,0.5744456136125814,0.4255543863874447,0.13029384622404344,0,0,0,058,s1,slide2,2,pos
391,671,87,584,0.7417166277483062,0.25828337225210557,0.4581415670079622,0,0,0,059,s1,slide2,2,pos
392,732,76,656,0.6659844021704389,0.334015597850959,0.2996973098742368,1,1,0,060,s1,slide2,2,pos
393,725,81,644,0.6912078104997826,0.3087921895077859,0.34994233004854436,0,0,0,061,s1,slide2,2,pos
394,605,92,513,0.7937595242319226,0.20624047576767776,0.58531504751488606,0,0,0,062,s1,slide2,2,pos
395,573,83,490,0.7778601829484285,0.22213981705192185,0.5442751315646414,0,0,0,063,s1,slide2,2,pos
396,681,90,591,0.7481839268303588,0.25181607316926774,0.47292492681050535,0,0,0,064,s1,slide2,2,pos
397,805,75,730,0.628943944915331,0.3710560551570254,0.22917241733497187,0,0,0,065,s1,slide2,2,pos
398,726,75,651,0.6642362769359131,0.33576372308799435,0.29628881885123726,0,0,0,066,s1,slide2,2,pos
399,679,73,606,0.6777998440679189,0.3222001559473202,0.3229757183246833,0,0,0,067,s1,slide2,2,pos
400,692,90,602,0.7428566458908791,0.2571433541096243,0.4607297086544722,0,0,0,068,s1,slide2,2,pos
401,754,101,653,0.7530205196321833,0.24697948036738887,0.48414593822611607,20,3,17,069,s1,slide2,2,pos
402,736,110,626,0.7889143455814913,0.21108565441795657,0.5725711340774609,0,0,0,070,s1,slide2,2,pos
403,721,67,654,0.6278337675130217,0.3721662325647919,0.22710770412911635,0,0,0,071,s1,slide2,2,pos
404,752,94,658,0.7297102384206164,0.2702897615820122,0.43132084461049,0,0,0,072,s1,slide2,2,pos
405,686,94,592,0.7602721323716801,0.2397278676281902,0.5012505494301498,0,0,0,073,s1,slide2,2,pos
406,653,93,560,0.7728334065008915,0.22716659349801088,0.5317414210585871,0,0,0,074,s1,slide2,2,pos
407,802,97,705,0.7186740013604296,0.28132599864230223,0.4073220649848615,0,0,0,075,s1,slide2,2,pos
408,843,105,738,0.728816150370257,0.27118384963195835,0.4293541663891834,0,0,0,076,s1,slide2,2,pos
409,830,85,745,0.6615448711551123,0.3384551288672103,0.29105820712811414,1,0,1,077,s1,slide2,2,pos
410,864,98,766,0.6968536839031807,0.3031463161018441,0.3614893053154738,0,0,0,078,s1,slide2,2,pos
411,805,90,715,0.6917187861796918,0.3082812138295028,0.350982510410544,0,0,0,079,s1,slide2,2,pos
412,667,83,584,0.7278081819440371,0.2721918180575818,0.42714186717316355,0,0,0,080,s1,slide2,2,pos
413,793,92,701,0.7043942551407963,0.29560574486339625,0.37710293534733885,0,0,0,081,s1,slide2,2,pos
414,802,82,720,0.660912555116938,0.3390874449072808,0.2898322922793243,0,0,0,082,s1,slide2,2,pos
415,641,95,546,0.7857233177384672,0.21427668226130103,0.5642947284144286,0,0,0,083,s1,slide2,2,pos
416,704,100,604,0.7722324084288209,0.22776759157194845,0.5302560942294147,0,0,0,084,s1,slide2,2,pos
417,774,86,688,0.6894887058679543,0.31051129414059486,0.34644975537327144,0,0,0,085,s1,slide2,2,pos
418,738,99,639,0.7534379858090408,0.2465620141908985,0.4851213429002225,2,2,0,086,s1,slide2,2,pos
419,709,80,629,0.694546074662608,0.30545392534407856,0.3567553506225096,0,0,0,087,s1,slide2,2,pos
420,640,91,549,0.7722254494647878,0.2277745505353775,0.5302389118117211,0,0,0,088,s1,slide2,2,pos
421,738,93,645,0.7323999284615689,0.2676000715396693,0.4372620680119834,0,0,0,089,s1,slide2,2,pos
422,691,76,615,0.6856795372154405,0.31432046279643333,0.33874853374623726,0,0,0,090,s1,slide2,2,pos
423,729,109,620,0.7890194977428373,0.21098050225626397,0.5728454134788755,0,0,0,091,s1,slide2,2,pos
424,646,121,525,0.856938344862581,0.1430616551367075,0.777426331094435,0,0,0,092,s1,slide2,2,pos
425,693,130,563,0.8576127557589177,0.1423872442415429,0.7798201471243914,1,0,1,093,s1,slide2,2,pos
426,772,102,670,0.7484921071527219,0.25150789284771313,0.47363560638791913,1,1,0,094,s1,slide2,2,pos
427,732,94,638,0.7387519837914659,0.2612480162092448,0.4514456588053114,0,0,0,095,s1,slide2,2,pos
428,757,100,657,0.7483726495823287,0.25162735041686085,0.4733600625623111,0,0,0,096,s1,slide2,2,pos
429,732,98,634,0.7527480003102166,0.247251999689982,0.4835097977655848,0,0,0,097,s1,slide2,2,pos
430,661,117,544,0.8407561507606343,0.15924384923995952,0.7226073863904563,0,0,0,098,s1,slide2,2,pos
431,618,93,525,0.7904977005450492,0.2095022994553794,0.5767118169068833,0,0,0,099,s1,slide2,2,pos
432,635,99,536,0.8018676702202288,0.19813232977990475,0.6071473575937443,0,0,0,100,s1,slide2,2,pos
433,644,103,541,0.8099359112095215,0.19006408879066475,0.6295505874137735,0,0,0,101,s1,slide2,2,pos
434,664,90,574,0.756541091809453,0.24345890819094815,0.4924068518057552,1,1,0,102,s1,slide2,2,pos
435,954,110,844,0.7027242376279859,0.2972757623754214,0.37362543148034344,0,0,0,103,s1,slide2,2,pos
436,853,98,755,0.7012278331903126,0.29877216681632524,0.37051900904337143,0,0,0,104,s1,slide2,2,pos
437,747,90,657,0.7171600262661291,0.28283997373621755,0.40407528621331057,0,0,0,105,s1,slide2,2,pos
438,778,89,689,0.6995194420504737,0.30048055795437356,0.36698341252283306,0,0,0,106,s1,slide2,2,pos
439,690,94,596,0.7583606530557223,0.2416393469448096,0.4967081385553786,0,0,0,107,s1,slide2,2,pos
440,678,70,608,0.6638565820085081,0.33614341801627684,0.29554965378389736,0,0,0,108,s1,slide2,2,pos
441,641,119,522,0.8543971578720587,0.14560284212785582,0.7684899426484781,0,0,0,109,s1,slide2,2,pos
442,546,62,484,0.6958760983419896,0.304123901668357,0.35948136629864363,0,0,0,110,s1,slide2,2,pos
443,760,109,651,0.7756375177527369,0.2243624822483817,0.5387085716256684,0,0,0,111,s1,slide2,2,pos
444,676,107,569,0.8068631368085628,0.19313686319205237,0.6209347007025589,0,0,0,112,s1,slide2,2,pos
445,750,89,661,0.7119839445816167,0.2880160554216324,0.3930535021719452,0,0,0,113,s1,slide2,2,pos
446,674,70,604,0.6658776224644833,0.33412237755871943,0.2994888571221701,0,0,0,114,s1,slide2,2,pos
447,688,86,602,0.7294378709856404,0.27056212901553883,0.43072129961428873,0,0,0,115,s1,slide2,2,pos
448,738,106,632,0.7760238327113891,0.22397616728809736,0.5396732505512541,0,0,0,116,s1,slide2,2,pos
449,791,129,662,0.8166814655296364,0.18331853447025748,0.6488463228044956,1,1,0,117,s1,slide2,2,pos
450,599,106,493,0.8403086013757067,0.1596913986244879,0.7211572844043084,0,0,0,118,s1,slide2,2,pos
451,854,117,737,0.760881843607388,0.23911815639349837,0.5027046673359058,0,0,0,119,s1,slide2,2,pos
452,921,126,795,0.76060857180458,0.23939142819526713,0.5020526197377161,0,0,0,120,s1,slide2,2,pos
453,844,112,732,0.7502062430167787,0.24979375698442635,0.4775990939244832,0,0,0,121,s1,slide2,2,pos
454,837,105,732,0.7312227607846806,0.26877723921709756,0.4346572125229563,1,1,0,122,s1,slide2,2,pos
455,695,103,592,0.7860030659106911,0.2139969340885885,0.565016688762584,0,0,0,123,s1,slide2,2,pos
456,792,138,654,0.8367203968815167,0.16327960311803413,0.7096484199127755,0,0,0,124,s1,slide2,2,pos
457,799,104,695,0.7435658989451831,0.25643410105312403,0.4623436862296826,0,0,0,125,s1,slide2,2,pos
458,788,103,685,0.7449396122738009,0.25506038772650075,0.4654780530239394,0,0,0,126,s1,slide2,2,pos
459,684,83,601,0.7193300197191519,0.2806699802839887,0.40873222091330863,0,0,0,127,s1,slide2,2,pos
460,638,88,550,0.7621988649456999,0.2378011350544516,0.5058543744632414,0,0,0,128,s1,slide2,2,pos
461,636,88,548,0.7632264392819308,0.2367735607182461,0.5083202012195177,0,0,0,129,s1,slide2,2,pos
462,727,78,649,0.6772770132126669,0.32272298680199446,0.32193643563424557,0,0,0,130,s1,slide2,2,pos
463,941,96,845,0.6604819199420401,0.3395180800789453,0.28899802738436575,0,0,0,131,s1,slide2,2,pos
464,1033,93,940,0.6176167591310332,0.3823832409570949,0.2082202224197918,0,0,0,132,s1,slide2,2,pos
465,799,90,709,0.6942739471851282,0.3057260528196397,0.35619841931424967,0,0,0,133,s1,slide2,2,pos
466,951,98,853,0.6639711430680384,0.3360288569503825,0.2957726302354068,0,0,0,134,s1,slide2,2,pos
467,856,121,735,0.7712278409275901,0.2287721590723242,0.5277795280635911,1,1,0,135,s1,slide2,2,pos
468,653,86,567,0.7468750805787366,0.2531249194210388,0.469913067176064,0,0,0,136,s1,slide2,2,pos
469,882,79,803,0.6156270245629328,0.3843729755386851,0.2045648304564071,0,0,0,137,s1,slide2,2,pos
470,667,104,563,0.8020833732888567,0.1979166267103437,0.6077372335295054,0,0,0,138,s1,slide2,2,pos
471,853,128,725,0.7906557355129296,0.20934426448847704,0.5771263589070605,1,0,1,139,s1,slide2,2,pos
472,781,95,686,0.7205459911947155,0.27945400880855575,0.4113513622852496,0,0,0,140,s1,slide2,2,pos
473,855,119,736,0.7661141708366743,0.23388582916310907,0.515289586300681,2,1,1,141,s1,slide2,2,pos
474,733,117,616,0.8097676130076689,0.1902323869933428,0.6290759456230901,0,0,0,142,s1,slide2,2,pos
475,789,94,695,0.7134798659355868,0.28652013406656207,0.39622657634317426,0,0,0,143,s1,slide2,2,pos
476,821,69,752,0.593879406923628,0.4061205932820228,0.1650432544192164,0,0,0,144,s1,slide2,2,pos
477,759,116,643,0.7961706974336121,0.20382930256516463,0.5917395711307822,0,0,0,145,s1,slide2,2,pos
478,710,103,607,0.7791497274721342,0.22085027252748995,0.547522983586807,0,0,0,146,s1,slide2,2,pos
479,706,109,597,0.7991589722441099,0.20084102775520657,0.5997807445846369,0,0,0,147,s1,slide2,2,pos
480,876,106,770,0.7190617129250078,0.28093828707693336,0.40815523484447264,0,0,0,148,s1,slide2,2,pos
481,848,98,750,0.7032326795288875,0.29676732047544596,0.37468296894199304,0,0,0,149,s1,slide2,2,pos
482,742,86,656,0.7038828837129953,0.29611711629151993,0.3760368932246688,0,0,0,150,s1,slide2,2,pos
483,1060,102,958,0.6405223071915342,0.35947769284938447,0.25086231368033013,0,0,0,151,s1,slide2,2,pos
484,742,117,625,0.8059854477544628,0.19401455224549463,0.6184928947714148,1,1,0,152,s1,slide2,2,pos
485,849,96,753,0.695743864053371,0.3042561359520852,0.35921003944065827,0,0,0,153,s1,slide2,2,pos
486,814,92,722,0.695482816019883,0.3045171839869944,0.3586745989127965,1,1,0,154,s1,slide2,2,pos
487,1047,108,939,0.6644900553910786,0.3355099446262326,0.2967830884675943,1,0,1,155,s1,slide2,2,pos
488,820,111,709,0.7567703393730503,0.24322966062780427,0.4929475682755783,1,1,0,156,s1,slide2,2,pos
489,912,118,794,0.7419006006565455,0.2580993993428043,0.45855872885190496,1,1,0,157,s1,slide2,2,pos
490,934,96,838,0.6630450840685229,0.33695491595279337,0.2939712626702432,0,0,0,158,s1,slide2,2,pos
491,880,116,764,0.7480772822717833,0.25192271772775626,0.4726791334222899,0,0,0,159,s1,slide2,2,pos
492,899,111,788,0.7260039953852827,0.2739960046161664,0.42319478071685845,0,0,0,160,s1,slide2,2,pos
493,846,97,749,0.7005151241573175,0.29948487584685995,0.36904262100339746,1,0,1,161,s1,slide2,2,pos
494,983,95,888,0.6418884756590018,0.3581115243820811,0.25344128130374627,0,0,0,162,s1,slide2,2,pos
495,773,114,659,0.7847667052897811,0.21523329470865415,0.5618311155224418,0,0,0,163,s1,slide2,2,pos
496,846,99,747,0.7075206101731283,0.2924793898296921,0.38364382741322056,0,0,0,164,s1,slide2,2,pos
497,917,104,813,0.696951539405849,0.3030484605990939,0.36169049943358583,0,0,0,165,s1,slide2,2,pos
498,794,91,703,0.7002134523573351,0.29978654764810103,0.36841830928407815,1,1,0,166,s1,slide2,2,pos
499,606,77,529,0.7345433592010688,0.26545664080088816,0.4420238424122797,0,0,0,001,s2,slide2,1,pos
500,514,71,443,0.7618046735568103,0.23819532644329897,0.5049103965915851,0,0,0,002,s2,slide2,1,pos
501,542,75,467,0.7626208023774292,0.2373791976232072,0.5068659900335434,20,4,16,003,s2,slide2,1,pos
502,446,108,338,0.9194499059939476,0.08055009400633084,1.0574620211341148,0,0,0,004,s2,slide2,1,pos
503,447,89,358,0.8721087312888226,0.12789126871224313,0.8337297388462513,0,0,0,005,s2,slide2,1,pos
504,482,79,403,0.8162609957479054,0.18373900425203912,0.6476276862009428,1,0,1,006,s2,slide2,1,pos
505,547,86,461,0.8039063175353834,0.196093682465043,0.6127418393386377,0,0,0,007,s2,slide2,1,pos
506,448,89,359,0.8715212075669713,0.12847879243292093,0.831446513643996,0,0,0,008,s2,slide2,1,pos
507,450,71,379,0.8040717218209938,0.19592827817961303,0.6131976668905117,0,0,0,009,s2,slide2,1,pos
508,404,100,304,0.923628637914984,0.0763713620849431,1.0825668538108983,0,0,0,010,s2,slide2,1,pos
509,421,107,314,0.929210637283316,0.07078936271664003,1.118146170212668,0,0,0,011,s2,slide2,1,pos
510,508,110,398,0.8942782871282332,0.10572171287159192,0.92730849548308,0,0,0,012,s2,slide2,1,pos
511,572,106,466,0.8534414914010352,0.14655850859892608,0.7651627160447201,0,0,0,013,s2,slide2,1,pos
512,611,73,538,0.7136652592164451,0.28633474078774596,0.39662051223604466,0,0,0,014,s2,slide2,1,pos
513,455,78,377,0.8296134126499094,0.17038658734924889,0.6874403602492655,0,0,0,015,s2,slide2,1,pos
514,648,73,575,0.6937291446879743,0.306270855320721,0.3550842689232674,0,0,0,016,s2,slide2,1,pos
515,534,75,459,0.7674594964086543,0.23254050359312017,0.5185568557023285,0,0,0,017,s2,slide2,1,pos
516,559,71,488,0.7341029003776204,0.26589709962501246,0.4410433398162711,1,0,1,018,s2,slide2,1,pos
517,518,75,443,0.7772791315217586,0.2227208684794406,0.5428160964519019,0,0,0,019,s2,slide2,1,pos
518,659,92,567,0.7663034484268667,0.23369655157340213,0.5157484759319133,1,1,0,020,s2,slide2,1,pos
519,655,59,596,0.6169899492119562,0.3830100509070289,0.2070679187278396,0,0,0,021,s2,slide2,1,pos
520,661,105,556,0.8079005362701726,0.19209946373042097,0.623831743933404,0,0,0,022,s2,slide2,1,pos
521,547,89,458,0.8145978632520898,0.1854021367484099,0.6428285315124957,0,0,0,023,s2,slide2,1,pos
522,442,83,359,0.8559673961886609,0.14403260381131622,0.7739964108036032,0,0,0,024,s2,slide2,1,pos
523,574,80,494,0.7652287882168205,0.2347712117825728,0.5131464584017681,0,0,0,025,s2,slide2,1,pos
524,605,95,510,0.8039348820665758,0.19606511793309753,0.6128205378079947,1,1,0,026,s2,slide2,1,pos
525,587,86,501,0.7816524689755585,0.21834753102438412,0.553865418535182,0,0,0,027,s2,slide2,1,pos
526,631,92,539,0.7803634454625573,0.2196365545371568,0.5505922952918678,0,0,0,028,s2,slide2,1,pos
527,480,87,393,0.8462932417487962,0.1537067582516175,0.740827909555647,0,0,0,029,s2,slide2,1,pos
528,505,79,426,0.8019642542565525,0.19803574574396565,0.6074114228908362,0,0,0,030,s2,slide2,1,pos
529,418,100,318,0.9165309019855324,0.08346909801379522,1.040621391882274,0,0,0,031,s2,slide2,1,pos
530,389,102,287,0.9349426060536038,0.06505739394642389,1.1574882889360116,0,0,0,032,s2,slide2,1,pos
531,463,110,353,0.9154791439643004,0.08452085603565845,1.0346845678675187,0,0,0,033,s2,slide2,1,pos
532,406,92,314,0.9041181011154822,0.09588189888541183,0.9744885378351892,0,0,0,034,s2,slide2,1,pos
533,353,90,263,0.9289873995479236,0.07101260045198428,1.1166744067945549,0,0,0,035,s2,slide2,1,pos
534,442,85,357,0.862604036227006,0.13739596377331736,0.7978375111169672,0,0,0,036,s2,slide2,1,pos
535,555,89,466,0.8101569971233797,0.1898430028770981,0.6301745924494336,0,0,0,037,s2,slide2,1,pos
536,475,67,408,0.7683261128064397,0.2316738871936819,0.5206685080019018,0,0,0,038,s2,slide2,1,pos
537,449,65,384,0.776533764124261,0.22346623587698597,0.540948430158531,0,0,0,039,s2,slide2,1,pos
538,465,68,397,0.7799954769564389,0.22000452304324425,0.5496604747915671,0,0,0,040,s2,slide2,1,pos
539,514,84,430,0.8156751273942796,0.1843248726053255,0.6459332770311542,0,0,0,041,s2,slide2,1,pos
540,621,81,540,0.7434568068155589,0.2565431931852297,0.4620952459639389,0,0,0,042,s2,slide2,1,pos
541,545,73,472,0.751837055011383,0.24816294498995276,0.4813867921850683,0,0,0,043,s2,slide2,1,pos
542,515,93,422,0.8455631851812533,0.15443681481961186,0.7383952301038805,0,0,0,044,s2,slide2,1,pos
543,552,95,457,0.8317138448413591,0.1682861551582865,0.6939255426839048,0,0,0,045,s2,slide2,1,pos
544,541,91,450,0.8247311148820954,0.17526888511773425,0.6726075555009667,0,0,0,046,s2,slide2,1,pos
545,713,81,632,0.6968966478983365,0.3031033521079653,0.3615776361766164,0,0,0,047,s2,slide2,1,pos
546,743,68,675,0.6226824616920563,0.3773175383988102,0.21755964131589936,0,0,0,048,s2,slide2,1,pos
547,750,68,682,0.6194974529010531,0.3805025471987352,0.211681956788749,0,0,0,049,s2,slide2,1,pos
548,694,66,628,0.6356730271304485,0.3643269729331858,0.24174245851233617,0,0,0,050,s2,slide2,1,pos
549,595,92,503,0.798996671058116,0.2010033289419716,0.5993417197693888,0,0,0,051,s2,slide2,1,pos
550,549,77,472,0.767122973640937,0.23287702635934343,0.5177383422063545,0,0,0,052,s2,slide2,1,pos
551,604,84,520,0.7647192784309979,0.23528072156880048,0.5119156953961872,0,0,0,053,s2,slide2,1,pos
552,644,64,580,0.6505931055807959,0.3494068944601863,0.2699779865618026,0,0,0,054,s2,slide2,1,pos
553,664,68,596,0.661005226834742,0.3389947731932132,0.2900118916116441,0,0,0,055,s2,slide2,1,pos
554,492,93,399,0.8583565730080416,0.14164342699143523,0.7824713114218806,0,0,0,056,s2,slide2,1,pos
555,484,92,392,0.8598360590206899,0.1401639409781447,0.787779354186952,0,0,0,057,s2,slide2,1,pos
556,473,91,382,0.8630662956782926,0.13693370432170096,0.7995338001232961,0,0,0,058,s2,slide2,1,pos
557,485,88,397,0.8466520931418007,0.15334790685895258,0.7420271340001026,0,0,0,059,s2,slide2,1,pos
558,516,98,418,0.8599018806137783,0.1400981193859449,0.7880165932040257,0,0,0,060,s2,slide2,1,pos
559,510,99,411,0.865880693010144,0.13411930698958394,0.8099667553503487,0,0,0,061,s2,slide2,1,pos
560,399,91,308,0.9055340454338489,0.09446595456630905,0.9816294657423376,0,0,0,062,s2,slide2,1,pos
561,424,72,352,0.8263778059857769,0.1736221940138678,0.6775734048535043,1,1,0,063,s2,slide2,1,pos
562,440,84,356,0.8605591431842722,0.1394408568159525,0.7903906805128176,1,1,0,064,s2,slide2,1,pos
563,464,84,380,0.8457786412303548,0.15422135876935666,0.7391121883817535,0,0,0,065,s2,slide2,1,pos
564,412,81,331,0.868263151220066,0.1317368487803017,0.8189440994504638,0,0,0,066,s2,slide2,1,pos
565,470,121,349,0.9322094587150874,0.06779054128380413,1.138344403591824,0,0,0,067,s2,slide2,1,pos
566,599,107,492,0.8430562918859007,0.15694370811445754,0.73011266447523,0,0,0,068,s2,slide2,1,pos
567,553,91,462,0.8181314420205054,0.1818685579793196,0.6530654602435784,0,0,0,069,s2,slide2,1,pos
568,624,94,530,0.790866441453506,0.20913355854699484,0.5776794203448514,0,0,0,070,s2,slide2,1,pos
569,715,80,635,0.6916735927757325,0.3083264072319447,0.35089047285199115,0,0,0,071,s2,slide2,1,pos
570,560,69,491,0.723831362992195,0.2761686370120018,0.4184630402414294,0,0,0,072,s2,slide2,1,pos
571,568,63,505,0.6879586299583014,0.3120413700541866,0.343350146906395,0,0,0,073,s2,slide2,1,pos
572,554,76,478,0.7598495871623292,0.24015041283921065,0.5002442942836596,1,1,0,074,s2,slide2,1,pos
573,593,86,507,0.7783893721613554,0.2216106278380827,0.5456063134761377,0,0,0,075,s2,slide2,1,pos
574,727,98,629,0.7550143228211065,0.24498567717992936,0.48881449583606934,0,0,0,076,s2,slide2,1,pos
575,755,100,655,0.7492514747098303,0.25074852529129055,0.4753892189020055,0,0,0,077,s2,slide2,1,pos
576,569,74,495,0.7421400569627798,0.25785994303731546,0.4591019908490477,0,0,0,078,s2,slide2,1,pos
577,499,69,430,0.7620144781118714,0.23798552188991107,0.505412685844084,1,1,0,079,s2,slide2,1,pos
578,627,79,548,0.7318173085098924,0.26818269149130564,0.4359719318922988,0,0,0,080,s2,slide2,1,pos
579,606,77,529,0.7345433592010688,0.26545664080088816,0.4420238424122797,0,0,0,081,s2,slide2,1,pos
580,755,97,658,0.7390070553103336,0.2609929446907419,0.4520198172293989,0,0,0,082,s2,slide2,1,pos
581,733,99,634,0.7556848557027469,0.2443151442982301,0.4903903305260769,0,0,0,083,s2,slide2,1,pos
582,573,83,490,0.7778601829484285,0.22213981705192185,0.5442751315646414,0,0,0,084,s2,slide2,1,pos
583,509,76,433,0.7871572480524591,0.2128427519486396,0.568002633243701,0,0,0,085,s2,slide2,1,pos
584,508,75,433,0.7835117306997651,0.21648826930075912,0.5586111345763496,1,1,0,086,s2,slide2,1,pos
585,529,72,457,0.7570356908845575,0.24296430911737435,0.49357387359922605,0,0,0,087,s2,slide2,1,pos
586,497,72,425,0.7772704098598316,0.22272959014074925,0.5427942168420465,0,0,0,088,s2,slide2,1,pos
587,520,77,443,0.7845785384949618,0.21542146150607683,0.561347456193939,0,0,0,089,s2,slide2,1,pos
588,514,64,450,0.7270412494832109,0.2729587505190799,0.4254620302462538,0,0,0,090,s2,slide2,1,pos
589,636,77,559,0.7183178569485049,0.2816821430545077,0.4065573466579553,0,0,0,091,s2,slide2,1,pos
590,520,51,469,0.6454469484605131,0.3545530515985183,0.2601793243102939,0,0,0,092,s2,slide2,1,pos
592,583,79,504,0.7559702558356566,0.24402974416512288,0.49106194361136046,0,0,0,094,s2,slide2,1,pos
593,602,84,518,0.76580097656313,0.2341990234371271,0.5145308360132174,0,0,0,095,s2,slide2,1,pos
594,618,96,522,0.8006142444867808,0.19938575551415705,0.6037291844988893,0,0,0,096,s2,slide2,1,pos
595,678,111,567,0.817363037576742,0.18263696242307567,0.6508263188956784,0,0,0,097,s2,slide2,1,pos
597,551,86,465,0.8016428161244176,0.19835718387577225,0.6065329711375311,0,0,0,099,s2,slide2,1,pos
598,531,81,450,0.7942060561400986,0.20579394386017844,0.5865006042896603,1,1,0,100,s2,slide2,1,pos
599,622,88,534,0.770480159438747,0.22951984056233132,0.5259412261724536,1,0,1,101,s2,slide2,1,pos
600,572,82,490,0.7744687157956587,0.22553128420466623,0.5357970865380863,0,0,0,102,s2,slide2,1,pos
602,728,88,640,0.7182082073776189,0.281791792625006,0.406322023915478,20,1,19,104,s2,slide2,1,pos
603,725,86,639,0.7117542340066161,0.2882457659958837,0.3925671225953835,0,0,0,105,s2,slide2,1,pos
604,777,80,697,0.6632449482926277,0.3367550517287301,0.2943598314428644,0,0,0,106,s2,slide2,1,pos
607,517,83,434,0.8101897929108144,0.18981020708882515,0.6302672044609482,0,0,0,109,s2,slide2,1,pos
608,561,80,481,0.7726628725605779,0.22733712743917703,0.5313196762564172,0,0,0,110,s2,slide2,1,pos
609,571,80,491,0.7669345551155872,0.23306544488474715,0.5172804176043595,0,0,0,111,s2,slide2,1,pos
610,547,80,467,0.7807914031414844,0.219208596858963,0.5516774407306779,0,0,0,112,s2,slide2,1,pos
611,620,71,549,0.6992116616339812,0.30078833837250657,0.36634766841537825,0,0,0,113,s2,slide2,1,pos
612,742,101,641,0.7583194406217243,0.24168055937856336,0.4966104724434837,0,0,0,114,s2,slide2,1,pos
613,593,76,517,0.7373697807197525,0.26263021928122954,0.4483406388640744,0,0,0,115,s2,slide2,1,pos
614,525,74,451,0.768559703342551,0.23144029665774135,0.5212386327458558,0,0,0,116,s2,slide2,1,pos
615,546,56,490,0.6609435611517195,0.33905643888284587,0.28989237982962723,0,0,0,117,s2,slide2,1,pos
616,621,72,549,0.703456308520345,0.2965436914857253,0.3751484391897492,0,0,0,118,s2,slide2,1,pos
617,483,68,415,0.7677876347901629,0.23221236521004143,0.5193557715157071,0,0,0,119,s2,slide2,1,pos
618,575,91,484,0.8061901112716773,0.19380988872856444,0.6190615345813,0,0,0,120,s2,slide2,1,pos
619,565,75,490,0.7489757478997413,0.2510242521017916,0.4747520735000998,0,0,0,121,s2,slide2,1,pos
620,657,74,583,0.6937070659821228,0.3062929340265597,0.35503914014559224,0,0,0,122,s2,slide2,1,pos
621,860,89,771,0.6652354317083731,0.3347645683117344,0.29823588678443336,1,1,0,123,s2,slide2,1,pos
622,671,64,607,0.6365991349670298,0.3634008650949488,0.2434800873908662,0,0,0,124,s2,slide2,1,pos
623,675,92,583,0.7584431875467936,0.2415568124532271,0.4969037646974128,0,0,0,125,s2,slide2,1,pos
624,593,77,516,0.741770906371903,0.2582290936288387,0.45826462460244727,0,0,0,126,s2,slide2,1,pos
625,496,83,413,0.8227553061377159,0.17724469386174088,0.666697449174496,0,0,0,127,s2,slide2,1,pos
626,491,106,385,0.8933895093746856,0.1066104906249871,0.9232409064695608,0,0,0,128,s2,slide2,1,pos
627,607,81,526,0.751011982951954,0.24898801704916249,0.4794684200766025,0,0,0,129,s2,slide2,1,pos
628,664,67,597,0.6559083626524097,0.3440916373806197,0.28016905022695326,0,0,0,130,s2,slide2,1,pos
629,724,139,585,0.8642092372895079,0.13579076270991244,0.803748676377432,0,0,0,131,s2,slide2,1,pos
630,604,99,505,0.8172837674705759,0.1827162325286295,0.6505957414049702,1,1,0,132,s2,slide2,1,pos
631,643,112,531,0.8359134721214395,0.16408652787802033,0.7070883993523668,0,0,0,133,s2,slide2,1,pos
632,703,103,600,0.7823371472653681,0.21766285273392424,0.5556096352637132,1,1,0,134,s2,slide2,1,pos
633,632,83,549,0.7458141862923359,0.25418581370791477,0.4674793313045482,1,1,0,135,s2,slide2,1,pos
634,631,91,540,0.7768049787083501,0.22319502129135216,0.5416274976276073,0,0,0,136,s2,slide2,1,pos
635,600,93,507,0.7998042924885601,0.20019570751179888,0.6015289692943722,0,0,0,137,s2,slide2,1,pos
636,664,91,573,0.760213168883193,0.2397868311170726,0.5011100601057823,0,0,0,138,s2,slide2,1,pos
637,617,89,528,0.7767896461694418,0.2232103538302511,0.5415890923195571,0,0,0,139,s2,slide2,1,pos
638,768,88,680,0.7000474328595765,0.29995256714568375,0.3680748841511867,0,0,0,140,s2,slide2,1,pos
639,710,58,652,0.5840899071434944,0.415910092855134,0.14748024237550394,0,0,0,141,s2,slide2,1,pos
640,747,70,677,0.6307769853757692,0.3692230146942546,0.23258707531748696,0,0,0,142,s2,slide2,1,pos
641,689,104,585,0.7918718679319926,0.20812813206737843,0.5803241279902522,0,0,0,143,s2,slide2,1,pos
642,593,99,494,0.8228379796018274,0.17716202039719034,0.66694370470729,0,0,0,144,s2,slide2,1,pos
643,580,92,488,0.8069378079640518,0.19306219203663935,0.6211428313362294,0,0,0,145,s2,slide2,1,pos
644,520,81,439,0.8007542045435107,0.19924579545715368,0.6041100621499137,0,0,0,146,s2,slide2,1,pos
645,523,86,437,0.8176554472306101,0.18234455276926984,0.6516775403269912,0,0,0,147,s2,slide2,1,pos
646,609,79,530,0.7415404035667283,0.25845959643552563,0.45774215710710986,0,0,0,148,s2,slide2,1,pos
647,716,88,628,0.7238208526662493,0.27617914733546106,0.4184402061554712,0,0,0,149,s2,slide2,1,pos
648,774,85,689,0.6854621897631762,0.3145378102478389,0.3383106450411958,0,0,0,150,s2,slide2,1,pos
649,786,87,699,0.6882114678301144,0.31178853217815256,0.3438617676464274,0,0,0,151,s2,slide2,1,pos
650,636,83,553,0.7437185528173231,0.25628144718351775,0.46269144781893534,0,0,0,152,s2,slide2,1,pos
651,626,88,538,0.768396850252957,0.23160314974683355,0.5208411145743934,0,0,0,153,s2,slide2,1,pos
652,559,74,485,0.7480139581555804,0.2519860418461429,0.4725332172416219,0,0,0,154,s2,slide2,1,pos
653,554,74,480,0.7509797222828818,0.24902027771890536,0.47939349735194053,2,1,1,155,s2,slide2,1,pos
654,622,93,529,0.7884497396529494,0.21155026034744065,0.571360449967157,0,0,0,156,s2,slide2,1,pos
655,655,86,569,0.7458598966261425,0.25414010337428977,0.4675840544068833,0,0,0,157,s2,slide2,1,pos
656,645,74,571,0.6999747167713862,0.3000252832336572,0.3679244990932033,0,0,0,158,s2,slide2,1,pos
657,659,96,563,0.7802444897145739,0.21975551028570317,0.5502909365994135,0,0,0,159,s2,slide2,1,pos
658,597,72,525,0.7167841495385133,0.28321585046526904,0.40327083764917704,0,0,0,160,s2,slide2,1,pos
660,561,70,491,0.7281122687360578,0.27188773126632676,0.42780873819458987,0,0,0,162,s2,slide2,1,pos
661,746,77,669,0.6640074974667366,0.335992502556532,0.2958433966352734,0,0,0,163,s2,slide2,1,pos
662,682,73,609,0.6762946348773469,0.32370536513842835,0.31998604463211017,0,0,0,164,s2,slide2,1,pos
663,742,88,654,0.7117566773349686,0.28824332266901187,0.39257229478270184,0,0,0,165,s2,slide2,1,pos
664,606,91,515,0.7897368628142603,0.2102631371858612,0.5747192702732503,0,0,0,166,s2,slide2,1,pos
665,1446,105,1341,0.5456377398009529,0.4543622601995505,0.07950215002482186,0,0,0,001,s1,slide3,3,pos
666,1142,100,1042,0.6082660276362887,0.3917339724757421,0.19110232476743655,0,0,0,002,s1,slide3,3,pos
667,1208,93,1115,0.5648717556162641,0.4351282443847044,0.1133325854716624,0,0,0,003,s1,slide3,3,pos
668,1388,89,1299,0.5054868950819085,0.49451310491755834,0.00953209567096186,0,0,0,004,s1,slide3,3,pos
669,2002,70,1932,0.3361576391038579,0.6638423610020833,-0.29552197707365196,0,0,0,005,s1,slide3,3,pos
670,1746,77,1669,0.3953534774480344,0.6046465225685858,-0.18451599638249572,0,0,0,006,s1,slide3,3,pos
671,2160,64,2096,0.2983805590979758,0.7016194412405118,-0.3713310908360276,0,0,0,007,s1,slide3,3,pos
672,1517,67,1450,0.3958530379141002,0.6041469621015182,-0.1836086137886844,1,0,1,008,s1,slide3,3,pos
673,1118,63,1055,0.4656058288510233,0.5343941711508112,-0.05984330392492715,0,0,0,009,s1,slide3,3,pos
674,1355,72,1283,0.4480915123570769,0.551908487641381,-0.0905003553192566,0,0,0,010,s1,slide3,3,pos
675,1698,58,1640,0.3308110450921252,0.6691889550412528,-0.30596876292451003,0,0,0,011,s1,slide3,3,pos
676,1762,69,1693,0.36420123834173385,0.6357987616998516,-0.24197825957537145,1,1,0,012,s1,slide3,3,pos
677,1105,92,1013,0.5910852060973547,0.40891479409551623,0.16001726686049342,0,0,0,013,s1,slide3,3,pos
678,1585,100,1485,0.5004030208950968,0.4995969791042902,7.0011915495232e-4,1,0,1,014,s1,slide3,3,pos
679,1678,96,1582,0.4701361399721371,0.5298638600292945,-0.0519406617222663,0,0,0,015,s1,slide3,3,pos
680,1741,109,1632,0.4979945945418699,0.5020054054565258,-0.00348376477850675,0,0,0,016,s1,slide3,3,pos
681,1251,88,1163,0.5351742693756898,0.46482573062480126,0.06120506423119226,0,0,0,017,s1,slide3,3,pos
682,1275,105,1170,0.587533573193653,0.41246642700553776,0.15364408395653084,1,0,1,018,s1,slide3,3,pos
683,1499,101,1398,0.5213136742450134,0.478686325751782,0.03704809525673269,0,0,0,019,s1,slide3,3,pos
684,1201,88,1113,0.5484962502133937,0.45150374978510494,0.08451230134668336,0,0,0,020,s1,slide3,3,pos
685,1498,103,1395,0.52785555975921306,0.4721444402429585,0.04844022022370631,0,0,0,021,s1,slide3,3,pos
686,1491,94,1397,0.5001612721710766,0.4998387278285875,2.8015846564799e-4,1,1,0,022,s1,slide3,3,pos
687,1421,86,1335,0.4873957763047372,0.5126042236957147,-0.02190041897371364,0,0,0,023,s1,slide3,3,pos
688,1240,108,1132,0.6065284507568253,0.3934715493586824,0.1879378420769149,0,0,0,024,s1,slide3,3,pos
689,1390,100,1290,0.5425672959825378,0.457432704018147,0.07412640135753307,0,0,0,025,s1,slide3,3,pos
690,1402,118,1284,0.5949963212167151,0.4050036789390525,0.16705531247772085,0,0,0,026,s1,slide3,3,pos
691,1465,103,1362,0.5350795887815638,0.46492041121905126,0.06103977137220678,0,0,0,027,s1,slide3,3,pos
692,2166,89,2077,0.3764244673861348,0.6235755326368427,-0.21921122175361965,0,0,0,028,s1,slide3,3,pos
693,1242,94,1148,0.5592207054140402,0.4407792945845117,0.1033620574661267,0,0,0,029,s1,slide3,3,pos
694,1200,109,1091,0.6208617865573299,0.3791382135145194,0.21419737097277108,0,0,0,030,s1,slide3,3,pos
695,1102,72,1030,0.5113724626265461,0.48862753737209336,0.01975939891494871,1,0,1,031,s1,slide3,3,pos
696,1435,57,1378,0.3680324102366786,0.6319675898047619,-0.23480874034609345,0,0,0,032,s1,slide3,3,pos
697,1243,66,1177,0.447902860623864,0.5520971393762282,-0.09083166073748272,0,0,0,033,s1,slide3,3,pos
698,1031,75,956,0.546018588150958,0.4539814118483706,0.08016935652898405,0,0,0,034,s1,slide3,3,pos
699,1375,75,1300,0.455826096319804,0.5441739036817679,-0.07693852580594762,0,0,0,035,s1,slide3,3,pos
700,1407,65,1342,0.408183219766536,0.5918167802434116,-0.1613321277915429,0,0,0,036,s1,slide3,3,pos
701,1711,65,1646,0.35658514732612984,0.643414852730049,-0.256327832241406,0,0,0,037,s1,slide3,3,pos
702,1259,76,1183,0.4865930071808539,0.5134069928170791,-0.0232959162475439,20,0,20,038,s1,slide3,3,pos
703,1508,119,1389,0.5732955093641842,0.4267044906336205,0.1282513265539561,1,0,1,039,s1,slide3,3,pos
704,1177,91,1086,0.5662693690927445,0.4337306309067634,0.11580297624253036,0,0,0,040,s1,slide3,3,pos
705,1341,94,1247,0.5340649619471219,0.4659350380524048,0.05926871605082023,1,1,0,041,s1,slide3,3,pos
706,1147,115,1032,0.6548192298695582,0.34518077015280646,0.2780748313544382,1,1,0,042,s1,slide3,3,pos
707,1564,98,1466,0.49824235481027146,0.5017576451902904,-0.00305335500525349,1,1,0,043,s1,slide3,3,pos
708,858,71,787,0.5887089688222436,0.41129103141133067,0.1557514130565856,1,1,0,044,s1,slide3,3,pos
709,1278,114,1164,0.6147246814400237,0.385275318645795,0.20290946235976495,0,0,0,045,s1,slide3,3,pos
710,1492,80,1412,0.4507299063742898,0.5492700936284588,-0.08586957852884247,0,0,0,046,s1,slide3,3,pos
711,1060,76,984,0.5412947892040951,0.4587052107955978,0.07190017270291055,0,0,0,047,s1,slide3,3,pos
712,1255,113,1142,0.6179070582619726,0.3820929418161672,0.20875414092453587,0,0,0,048,s1,slide3,3,pos
713,993,134,859,0.7562238453139634,0.24377615468754227,0.49165914522989185,0,0,0,049,s1,slide3,3,pos
714,989,93,896,0.6324826456271694,0.36751735442782407,0.23577076209357192,0,0,0,050,s1,slide3,3,pos
715,1145,78,1067,0.5247442406983879,0.47525575930090663,0.04302029221625225,0,0,0,051,s1,slide3,3,pos
716,1179,74,1105,0.49872374457051594,0.5012762554286543,-0.00221708757710986,0,0,0,052,s1,slide3,3,pos
717,1205,74,1131,0.49191517052461137,0.508084829474007,-0.01404601154527818,0,0,0,053,s1,slide3,3,pos
718,1498,80,1418,0.4495441035032908,0.5504558965001317,-0.08795022269168062,0,0,0,054,s1,slide3,3,pos
719,1527,112,1415,0.5489691991152513,0.4510308008838358,0.08534177742354743,0,0,0,055,s1,slide3,3,pos
720,1073,89,984,0.5897793775875363,0.41022062261444614,0.15767209357988288,0,0,0,056,s1,slide3,3,pos
722,1604,81,1523,0.4332141744057093,0.5667858255960851,-0.11671632276360008,2,0,2,058,s1,slide3,3,pos
723,1125,97,1028,0.6029787887113054,0.3970212114218337,0.18148832497647985,0,0,0,059,s1,slide3,3,pos
724,922,110,812,0.7143505760783573,0.28564942392417114,0.39807804675556,0,0,0,060,s1,slide3,3,pos
725,1152,70,1082,0.48862348591684873,0.5113765140827554,-0.0197664406601532,1,0,1,061,s1,slide3,3,pos
726,939,71,868,0.5586736974918046,0.441326302507463,0.10239841350143648,1,1,0,062,s1,slide3,3,pos
727,1671,54,1617,0.3180024012552703,0.6819975989476592,-0.3313524461648252,0,0,0,063,s1,slide3,3,pos
728,1413,59,1354,0.38097401408156495,0.6190259859416706,-0.2108135267062118,0,0,0,064,s1,slide3,3,pos
729,1556,59,1497,0.3562151746908415,0.6437848253674762,-0.25702831931482273,0,0,0,065,s1,slide3,3,pos
730,1311,96,1215,0.5483454834489977,0.45165451655134814,0.08424791313162844,0,0,0,066,s1,slide3,3,pos
731,1492,95,1397,0.5032851915802736,0.4967148084216624,0.00570704442642228,0,0,0,067,s1,slide3,3,pos
732,963,80,883,0.5901755844913059,0.4098244157185355,0.15838341065160233,0,0,0,068,s1,slide3,3,pos
733,1586,83,1503,0.4435734985824366,0.5564265014203492,-0.09844221512838314,0,0,0,069,s1,slide3,3,pos
734,1071,90,981,0.5941896673905699,0.40581033278690826,0.1656019947056778,0,0,0,070,s1,slide3,3,pos
735,850,74,776,0.6058803967081813,0.3941196034336094,0.1867588641322632,0,0,0,071,s1,slide3,3,pos
736,1712,88,1624,0.4383172781096173,0.5616827218947044,-0.10770247407849388,0,0,0,072,s1,slide3,3,pos
737,1542,74,1468,0.4187282105287845,0.5812717894786189,-0.14244702496855166,0,0,0,073,s1,slide3,3,pos
738,1122,56,1066,0.43002965411066174,0.5699703458943397,-0.12235385620236272,0,0,0,074,s1,slide3,3,pos
739,1160,80,1080,0.5287193722444482,0.47128062775495944,0.04994563500149568,1,0,1,075,s1,slide3,3,pos
740,1302,112,1190,0.6023448640261002,0.39765513610098185,0.18033861560393663,0,0,0,076,s1,slide3,3,pos
741,1222,119,1103,0.6448448231550581,0.35515517687757864,0.2590370681932713,0,0,0,077,s1,slide3,3,pos
742,1015,94,921,0.6272828733217054,0.372717126744248,0.22608408075092645,0,0,0,078,s1,slide3,3,pos
743,918,77,841,0.5933700460637932,0.4066299541316377,0.16412625160485195,0,0,0,079,s1,slide3,3,pos
744,916,78,838,0.598475136023456,0.4015248641453395,0.1733336684699108,0,0,0,080,s1,slide3,3,pos
745,1338,85,1253,0.5025439670577387,0.4974560329420271,0.00441936155632083,0,0,0,081,s1,slide3,3,pos
746,1421,86,1335,0.4873957763047372,0.5126042236957147,-0.02190041897371364,1,1,0,082,s1,slide3,3,pos
747,1070,108,962,0.6570197900183871,0.3429802100040003,0.28230938919373244,0,0,0,083,s1,slide3,3,pos
748,1111,104,1007,0.6310997796238179,0.3689002204308432,0.2331891138530837,0,0,0,084,s1,slide3,3,pos
749,1479,93,1386,0.4993378563411253,0.500662143657876,-0.00115026202152535,1,0,1,085,s1,slide3,3,pos
750,1528,86,1442,0.46519573832455546,0.5348042616772158,-0.06055913186377215,0,0,0,086,s1,slide3,3,pos
751,1126,60,1066,0.44897941827899096,0.5510205817213382,-0.08894138800982915,0,0,0,087,s1,slide3,3,pos
752,1558,50,1508,0.3165289479986081,0.6834710522197823,-0.3343066906590323,0,0,0,088,s1,slide3,3,pos
753,1353,46,1307,0.3300388298024958,0.6699611703471905,-0.30748459386977633,0,0,0,089,s1,slide3,3,pos
754,1315,69,1246,0.4444087420190179,0.555591257982337,-0.09697281024634974,0,0,0,090,s1,slide3,3,pos
755,1372,58,1314,0.3842512177902416,0.615748782236098,-0.20478830902686423,0,0,0,091,s1,slide3,3,pos
756,1396,55,1341,0.3659824937287025,0.6340175063198408,-0.2386409376262122,1,0,1,092,s1,slide3,3,pos
757,1209,55,1154,0.4040737553941264,0.5959262446181822,-0.1687318682697627,0,0,0,093,s1,slide3,3,pos
758,1348,70,1278,0.4413665958614235,0.5586334041429052,-0.10232744011589634,0,0,0,094,s1,slide3,3,pos
759,1008,76,932,0.5577936564807193,0.4422063435182578,0.10084860262584884,0,0,0,095,s1,slide3,3,pos
760,1120,75,1045,0.5192296261102176,0.4807703738891135,0.0334217667414024,0,0,0,096,s1,slide3,3,pos
761,1720,88,1632,0.4369632124607994,0.5630367875425367,-0.11009189594079818,0,0,0,097,s1,slide3,3,pos
762,1698,75,1623,0.3957935303244279,0.6042064696916042,-0.18371668035430244,0,0,0,098,s1,slide3,3,pos
763,1637,66,1571,0.37172484487574214,0.6282751551578901,-0.22792829717165533,0,0,0,099,s1,slide3,3,pos
764,1041,69,972,0.5159295233375764,0.4840704766616347,0.02768178453562142,0,0,0,100,s1,slide3,3,pos
765,1073,94,979,0.608341399684458,0.39165860043031,0.19123970514559188,0,0,0,101,s1,slide3,3,pos
766,1205,104,1101,0.6033918744320567,0.3966081256942076,0.18223784982479013,0,0,0,102,s1,slide3,3,pos
767,1512,98,1414,0.5089168577954677,0.4910831422038817,0.01549181103107982,1,1,0,103,s1,slide3,3,pos
768,1097,86,1011,0.5708397759020668,0.42916022409728216,0.1238947635759114,0,0,0,104,s1,slide3,3,pos
769,1284,112,1172,0.6070775159438884,0.39292248416611014,0.1889372674086708,1,1,0,105,s1,slide3,3,pos
770,1173,108,1065,0.6254805362769241,0.3745194637879053,0.2227394070060749,0,0,0,106,s1,slide3,3,pos
771,929,120,809,0.7413854573905527,0.2586145426111753,0.4573911200870373,0,0,0,107,s1,slide3,3,pos
772,2021,110,1911,0.45511173409108147,0.5448882659101704,-0.07818942252197242,0,0,0,108,s1,slide3,3,pos
773,1036,79,957,0.5615671256028012,0.43843287439542056,0.10749856527649326,0,0,0,109,s1,slide3,3,pos
774,1328,85,1243,0.5049097426269542,0.4950902573722024,0.00852937066934073,0,0,0,110,s1,slide3,3,pos
775,1037,89,948,0.6013069397445018,0.3986930603991192,0.1784575398141509,1,0,1,111,s1,slide3,3,pos
776,1484,92,1392,0.49489057119084445,0.5051094288063411,-0.00887629592779765,0,0,0,112,s1,slide3,3,pos
777,1191,71,1120,0.4827262170977276,0.5172737829027965,-0.03001958132115173,0,0,0,113,s1,slide3,3,pos
778,1550,70,1480,0.40188889208933176,0.5981111079199335,-0.17267586527168957,0,0,0,114,s1,slide3,3,pos
779,1087,60,1027,0.45942282912509663,0.5405771708763983,-0.07064512918060467,0,0,0,115,s1,slide3,3,pos
780,864,64,800,0.5518163088173944,0.448183691182045,0.09033848273753751,0,0,0,116,s1,slide3,3,pos
781,1288,59,1229,0.4059142691846091,0.5940857308260384,-0.16541480287469762,0,0,0,117,s1,slide3,3,pos
782,1650,69,1581,0.381231023926243,0.6187689760962357,-0.2103402953113986,0,0,0,118,s1,slide3,3,pos
783,1525,67,1458,0.3944304958938018,0.6055695041196881,-0.18619351079742685,0,0,0,119,s1,slide3,3,pos
784,1220,67,1153,0.45788035557246504,0.5421196444288584,-0.07334313340095966,0,0,0,120,s1,slide3,3,pos
785,1520,64,1456,0.38310185719385664,0.6168981428289356,-0.2068992054342587,0,0,0,121,s1,slide3,3,pos
786,1525,72,1453,0.41416503527738746,0.585834964726461,-0.1506018563543522,0,0,0,122,s1,slide3,3,pos
787,1377,93,1284,0.5220471565938477,0.4779528434042792,0.03832468502921432,0,0,0,123,s1,slide3,3,pos
788,1434,60,1374,0.3814989360962317,0.6185010639299376,-0.20984711985439217,1,1,0,124,s1,slide3,3,pos
789,854,76,778,0.6133714917366584,0.3866285083761945,0.20042971317549577,0,0,0,125,s1,slide3,3,pos
790,970,90,880,0.6278520481442342,0.37214795192123834,0.22714168215996303,0,0,0,126,s1,slide3,3,pos
791,1508,74,1434,0.4250413243784457,0.5749586756251619,-0.13120547536788202,0,0,0,127,s1,slide3,3,pos
792,938,74,864,0.5727878616227624,0.4272121383766769,0.12735022213352631,0,0,0,128,s1,slide3,3,pos
793,978,96,882,0.6472458543380127,0.3527541456955018,0.263597151022158,1,1,0,129,s1,slide3,3,pos
794,1031,121,910,0.7089632231219877,0.29103677688035723,0.3866758350027769,0,0,0,130,s1,slide3,3,pos
795,901,91,810,0.6569295638069149,0.34307043621665284,0.28213551215980764,0,0,0,131,s1,slide3,3,pos
796,1244,94,1150,0.5586880995682585,0.44131190042951024,0.10242378188965344,0,0,0,132,s1,slide3,3,pos
797,1321,76,1245,0.4718566612588655,0.5281433387461923,-0.04894171616254572,0,0,0,133,s1,slide3,3,pos
798,1367,104,1263,0.5610147052341017,0.4389852947673034,0.10652427268214232,0,0,0,134,s1,slide3,3,pos
799,1395,86,1309,0.4931361366311871,0.506863863370146,-0.01192450103942022,0,0,0,135,s1,slide3,3,pos
800,973,85,888,0.6072515266968785,0.39274847342773184,0.18925410982221796,0,0,0,136,s1,slide3,3,pos
801,1141,56,1085,0.42524473505453736,0.5747552649523118,-0.13084401291075198,0,0,0,137,s1,slide3,3,pos
802,1070,88,982,0.5869056739590014,0.41309432626115544,0.15251907824274075,20,3,17,138,s1,slide3,3,pos
803,1320,77,1243,0.4760689764194232,0.5239310235813792,-0.04160423403346475,0,0,0,139,s1,slide3,3,pos
804,1058,66,992,0.496787341770883,0.5032126582284839,-0.00558103576921203,1,1,0,140,s1,slide3,3,pos
805,1151,76,1075,0.514748548976182,0.4852514510222757,0.02562828834779756,0,0,0,141,s1,slide3,3,pos
806,1360,68,1292,0.4304361927815309,0.5695638072214427,-0.12163360298211806,0,0,0,142,s1,slide3,3,pos
807,1086,73,1013,0.5204335266669855,0.4795664733311579,0.03551645252183272,0,0,0,143,s1,slide3,3,pos
808,1081,67,1014,0.4947722505229615,0.5052277494776043,-0.00908186194760468,0,0,0,144,s1,slide3,3,pos
809,1136,70,1066,0.4929649562182888,0.5070350437815514,-0.01222192933433907,0,0,0,145,s1,slide3,3,pos
810,1087,70,1017,0.5067855949400304,0.493214405060192,0.01178850951596272,0,0,0,146,s1,slide3,3,pos
811,1490,66,1424,0.39665593961480217,0.6033440604020418,-0.18215107978850328,0,0,0,147,s1,slide3,3,pos
812,989,61,928,0.4932419097402525,0.5067580902589043,-0.01174072022640043,0,0,0,148,s1,slide3,3,pos
813,1548,53,1495,0.3314835034161314,0.6685164967173585,-0.30465020834574735,0,0,0,149,s1,slide3,3,pos
814,1433,61,1372,0.3860427496699111,0.6139572503506884,-0.2015027320782793,0,0,0,150,s1,slide3,3,pos
815,1217,77,1140,0.5012472436477616,0.4987527563500024,0.00216668862930391,0,0,0,151,s1,slide3,3,pos
816,1088,74,1014,0.5242120056292915,0.4757879943709212,0.04209348381884992,0,0,0,152,s1,slide3,3,pos
817,1187,84,1103,0.5370978433159166,0.46290215668288703,0.06456420430859827,0,0,0,153,s1,slide3,3,pos
818,985,79,906,0.5783632310455707,0.4216367689542437,0.1372621986289889,0,0,0,154,s1,slide3,3,pos
819,995,75,920,0.557694776879332,0.4423052231215258,0.10067450917926468,0,0,0,155,s1,slide3,3,pos
820,1101,85,1016,0.5657269068506833,0.4342730931498269,0.11484391293208213,1,1,0,156,s1,slide3,3,pos
821,1229,91,1138,0.5519629150268593,0.4480370849723939,0.09059593662170268,0,0,0,157,s1,slide3,3,pos
822,1343,78,1265,0.47473423247393864,0.5252657675282927,-0.0439285487435288,0,0,0,158,s1,slide3,3,pos
823,843,79,764,0.6310319180589388,0.36896808200597625,0.23306252815361408,0,0,0,159,s1,slide3,3,pos
824,1238,69,1169,0.4622895428025047,0.5377104571972069,-0.06563441294787925,1,0,1,160,s1,slide3,3,pos
825,1007,67,940,0.5171255599443292,0.4828744400561637,0.02976178661606354,0,0,0,161,s1,slide3,3,pos
826,1226,75,1151,0.4907187014406966,0.5092812985569938,-0.01612511924452714,0,0,0,162,s1,slide3,3,pos
827,1133,71,1062,0.4982189596386455,0.5017810403611069,-0.00309399708995444,0,0,0,163,s1,slide3,3,pos
828,1257,53,1204,0.3836519107852579,0.6163480892394577,-0.2058886883782932,0,0,0,164,s1,slide3,3,pos
829,1127,58,1069,0.4388344138347936,0.5611655861680228,-0.10679035174198308,0,0,0,165,s1,slide3,3,pos
830,1277,59,1218,0.40828005465696937,0.59171994535303,-0.1611580442246717,0,0,0,166,s1,slide3,3,pos
831,1510,24,1486,0.18846398369021436,0.811536016658579,-0.6340794319074866,0,0,0,001,s2,slide3,4,pos
832,1356,26,1330,0.21729036781683883,0.7827096323148184,-0.5565602032984444,0,0,0,002,s2,slide3,4,pos
833,1351,45,1306,0.32527222316908594,0.6747277770055663,-0.3168816113170112,0,0,0,003,s2,slide3,4,pos
834,1551,28,1523,0.20732491348475232,0.7926750866866157,-0.5824437158666573,1,0,1,004,s2,slide3,4,pos
835,1298,24,1274,0.21162421114264884,0.7883757890221172,-0.5711679263317024,0,0,0,005,s2,slide3,4,pos
836,1834,11,1823,0.08936494599177063,0.9106350554943368,-1.0081771668038872,0,0,0,006,s2,slide3,4,pos
838,1026,23,1003,0.24487624113201056,0.7551237589247767,-0.4890714847368268,0,0,0,008,s2,slide3,4,pos
839,1137,31,1106,0.28206893391800425,0.717931066781413,-0.40572748927091695,0,0,0,009,s2,slide3,4,pos
840,1259,25,1234,0.22326067074515996,0.7767393293627156,-0.5414630705220393,0,0,0,010,s2,slide3,4,pos
841,1270,19,1251,0.1806799046199539,0.8193200958768125,-0.6565437542588297,1,0,1,011,s2,slide3,4,pos
842,1290,37,1253,0.29229063376445885,0.7077093667270289,-0.3840400444105638,0,0,0,012,s2,slide3,4,pos
843,1227,48,1179,0.3643425434106984,0.6356574566402228,-0.24171326011949423,0,0,0,013,s2,slide3,4,pos
844,1270,45,1225,0.33992421553041147,0.6600757845824168,-0.2882116965558351,0,0,0,014,s2,slide3,4,pos
845,1313,40,1273,0.30522502116895656,0.6947749791616444,-0.35722403713369705,0,0,0,015,s2,slide3,4,pos
846,1131,47,1084,0.3799674868052724,0.6200325132261922,-0.21266802724018977,0,0,0,016,s2,slide3,4,pos
847,1349,29,1320,0.23657577001807867,0.7634242300465297,-0.5087956773833118,0,0,0,017,s2,slide3,4,pos
848,1521,43,1478,0.2889176399982879,0.7110823605059715,-0.39114584642047673,0,0,0,018,s2,slide3,4,pos
849,1271,26,1245,0.22820898370430073,0.771791016387735,-0.5291669821336956,0,0,0,019,s2,slide3,4,pos
850,1580,11,1569,0.10070536889190272,0.8992946321182366,-0.9508493759787924,0,0,0,020,s2,slide3,4,pos
851,1090,41,1049,0.3547068086303731,0.64529319144734,-0.2598875579195534,0,0,0,021,s2,slide3,4,pos
852,968,65,903,0.5200454731362301,0.47995452686415263,0.03484122807072043,0,0,0,022,s2,slide3,4,pos
853,1187,50,1137,0.3834591367347546,0.6165408632927002,-0.20624277595043197,0,0,0,023,s2,slide3,4,pos
854,1408,29,1379,0.2290628565108639,0.770937143570824,-0.5270642980826589,0,0,0,024,s2,slide3,4,pos
855,1661,22,1639,0.16388238968183752,0.8361176111032892,-0.7077350825705648,0,0,0,025,s2,slide3,4,pos
856,1257,27,1230,0.2366397158990933,0.7633602841644228,-0.5086419255916813,0,0,0,026,s2,slide3,4,pos
857,1094,42,1052,0.35977984898065357,0.6402201510854091,-0.25029250434462746,1,0,1,027,s2,slide3,4,pos
858,1133,44,1089,0.3626093947869035,0.637390605271662,-0.24496660595388445,0,0,0,028,s2,slide3,4,pos
859,1311,24,1287,0.2100239185771188,0.7899760815964114,-0.5753451849122965,0,0,0,029,s2,slide3,4,pos
860,1149,32,1117,0.2864097991338694,0.7135902014804806,-0.3964610049048449,0,0,0,030,s2,slide3,4,pos
861,995,41,954,0.3779359742858281,0.6220640257528146,-0.21641685387123627,0,0,0,031,s2,slide3,4,pos
862,1423,19,1404,0.1654286171814205,0.8345713836106639,-0.7028528493237196,0,0,0,032,s2,slide3,4,pos
863,1262,44,1218,0.3360839271435892,0.6639160729858118,-0.2956654393883438,0,0,0,033,s2,slide3,4,pos
864,1102,38,1064,0.3337171484536523,0.666282851696962,-0.30028011179048114,0,0,0,034,s2,slide3,4,pos
865,1294,20,1274,0.18507701320146247,0.8149229872228355,-0.6437640860831816,1,0,1,035,s2,slide3,4,pos
866,1515,16,1499,0.13828806386686135,0.8617119380304233,-0.7945774124525987,0,0,0,036,s2,slide3,4,pos
867,1009,32,977,0.31470211313186053,0.6852978871559346,-0.33797973358004363,0,0,0,037,s2,slide3,4,pos
868,931,47,884,0.4334063853480417,0.5665936146561701,-0.11637637037411204,1,0,1,038,s2,slide3,4,pos
869,1251,32,1219,0.26904719195487614,0.7309528090202463,-0.4340608751605192,0,0,0,039,s2,slide3,4,pos
870,1541,19,1522,0.15545991119302915,0.8445400898818253,-0.735001854300916,0,0,0,040,s2,slide3,4,pos
871,1072,37,1035,0.33398993660276033,0.6660100635509358,-0.299747410048551,0,0,0,041,s2,slide3,4,pos
872,1293,48,1245,0.3512040483751992,0.6487959517039303,-0.26654861785619005,0,0,0,042,s2,slide3,4,pos
873,1313,58,1255,0.3960167047425424,0.6039832952740383,-0.183311421549654,0,0,0,043,s2,slide3,4,pos
874,1091,41,1050,0.3544787472931908,0.6455212527857148,-0.2603203430013403,0,0,0,044,s2,slide3,4,pos
875,1175,25,1150,0.2351981215945149,0.764801878477487,-0.5121150969931346,0,0,0,045,s2,slide3,4,pos
876,1557,24,1533,0.18405921468995015,0.8159407857134848,-0.6467010774265255,0,0,0,046,s2,slide3,4,pos
877,1278,25,1253,0.22074224288552471,0.7792577572323471,-0.54779568319789,0,0,0,047,s2,slide3,4,pos
878,1146,41,1105,0.3424087841852134,0.6575912159278356,-0.28341110563400623,0,0,0,048,s2,slide3,4,pos
879,1363,56,1307,0.3767916606376539,0.623208339394077,-0.21853197396480273,0,0,0,049,s2,slide3,4,pos
880,1346,16,1330,0.1517429637102001,0.8482570375673147,-0.7474189087346361,0,0,0,050,s2,slide3,4,pos
881,1270,31,1239,0.25995478402956135,0.7400452159964639,-0.4543604411686092,0,0,0,051,s2,slide3,4,pos
882,1374,32,1342,0.25093670704625226,0.749063292990871,-0.47495432085424005,0,0,0,052,s2,slide3,4,pos
883,1200,36,1164,0.30206174589278606,0.6979382544848095,-0.36372127447455493,0,0,0,053,s2,slide3,4,pos
884,1262,37,1225,0.2970025468897125,0.7029974535412438,-0.3741935780728805,0,0,0,054,s2,slide3,4,pos
885,1458,38,1420,0.2723869645946184,0.7276130362374049,-0.4267141509228756,0,0,0,055,s2,slide3,4,pos
886,1143,44,1099,0.36039042037180735,0.639609579689704,-0.2491417213142657,0,0,0,056,s2,slide3,4,pos
887,1463,26,1437,0.20507019082640277,0.7949298093676709,-0.588426247403981,0,0,0,057,s2,slide3,4,pos
888,1306,33,1273,0.26654158731135796,0.7334584137149501,-0.4396105145434458,0,0,0,058,s2,slide3,4,pos
889,957,62,895,0.5086457372705061,0.4913542627292933,0.01502068111028731,0,0,0,059,s2,slide3,4,pos
890,1703,47,1656,0.2836992569486567,0.716300743617115,-0.40223720335799185,0,0,0,060,s2,slide3,4,pos
891,1137,10,1127,0.12180292559170491,0.8781970749278515,-0.857934266211878,0,0,0,061,s2,slide3,4,pos
892,1079,30,1049,0.2862263472311452,0.7137736534072456,-0.396850904766854,0,0,0,062,s2,slide3,4,pos
893,985,39,946,0.36771360636559897,0.6322863936891625,-0.23540413599869248,0,0,0,063,s2,slide3,4,pos
894,1341,29,1312,0.23763645736447964,0.7623635426979719,-0.5062490501354429,0,0,0,064,s2,slide3,4,pos
895,1910,22,1888,0.14690399457421088,0.8530960067567316,-0.7639643032309011,1,0,1,065,s2,slide3,4,pos
896,1232,39,1193,0.31385212523638206,0.6861478750249912,-0.33969264871540084,0,0,0,066,s2,slide3,4,pos
897,1231,31,1200,0.26603694553523494,0.7339630555308305,-0.44073224646168624,0,0,0,067,s2,slide3,4,pos
898,1153,36,1117,0.3109167394949301,0.6890832608031996,-0.3456275952609184,0,0,0,068,s2,slide3,4,pos
899,1040,49,991,0.41386019026913307,0.5861398097398255,-0.15114756592998993,1,1,0,069,s2,slide3,4,pos
900,1433,58,1375,0.37285706357746434,0.6271429364592028,-0.22582416014772377,0,0,0,070,s2,slide3,4,pos
901,930,56,874,0.4858054511740871,0.5141945488260016,-0.02466508453734911,1,1,0,071,s2,slide3,4,pos
902,1258,29,1229,0.24929198416649748,0.7507080158730584,-0.4787627389055156,20,1,19,072,s2,slide3,4,pos
904,1364,27,1337,0.222488966658312,0.777511033449143,-0.5433980816729225,0,0,0,074,s2,slide3,4,pos
905,1096,41,1055,0.35334321517931055,0.6466567849011601,-0.262477082115555,0,0,0,075,s2,slide3,4,pos
906,1257,31,1226,0.26194802552388013,0.7380519745002472,-0.4498718171905589,0,0,0,076,s2,slide3,4,pos
907,1219,28,1191,0.24872443862379684,0.7512755614181239,-0.48008080235692896,0,0,0,077,s2,slide3,4,pos
908,1077,57,1020,0.44700173251164527,0.5529982674922046,-0.09241456429184423,0,0,0,078,s2,slide3,4,pos
909,1257,29,1228,0.24944009633175293,0.7505599037073502,-0.4784190942970763,0,0,0,079,s2,slide3,4,pos
910,1032,49,983,0.416013660073818,0.5839863399370395,-0.14729509741515678,0,0,0,080,s2,slide3,4,pos
911,1545,23,1522,0.179304474911096,0.820695525564341,-0.6605909369952765,0,0,0,081,s2,slide3,4,pos
912,1251,40,1211,0.3160734411222089,0.6839265591203602,-0.3352214643211281,0,0,0,082,s2,slide3,4,pos
913,931,58,873,0.4963460365720303,0.5036539634273083,-0.00634769761826259,1,1,0,083,s2,slide3,4,pos
914,1316,38,1278,0.293668544369591,0.7063314560971634,-0.3811511169096661,0,0,0,084,s2,slide3,4,pos
915,1123,34,1089,0.3042020514692029,0.6957979489005417,-0.35932100544329104,0,0,0,085,s2,slide3,4,pos
916,1696,17,1679,0.1324792525920497,0.8675207496188957,-0.8161320007753317,1,0,1,086,s2,slide3,4,pos
917,1058,46,1012,0.391976465270841,0.6080235347507835,-0.1906603975571367,0,0,0,087,s2,slide3,4,pos
918,1393,24,1369,0.2005115397720769,0.7994884604669374,-0.6006728275009661,0,0,0,088,s2,slide3,4,pos
919,1229,29,1200,0.253667189620588,0.7463328104151784,-0.4686682371677376,0,0,0,089,s2,slide3,4,pos
920,1085,35,1050,0.3183589219324629,0.6816410783124212,-0.3306387292775537,0,0,0,090,s2,slide3,4,pos
921,1048,47,1001,0.4003227735222436,0.5996772264933843,-0.17550725934412462,0,0,0,091,s2,slide3,4,pos
922,1177,48,1129,0.3750330842047968,0.6249669158335838,-0.22178744600427053,0,0,0,092,s2,slide3,4,pos
923,947,65,882,0.5270748692055057,0.4729251307942178,0.04707991703221503,0,0,0,093,s2,slide3,4,pos
924,1096,44,1052,0.37108496304076305,0.628915037002786,-0.22911862216323703,2,0,2,094,s2,slide3,4,pos
925,1545,32,1513,0.22976556198946535,0.7702344380856655,-0.5253379967354249,0,0,0,095,s2,slide3,4,pos
926,1287,44,1243,0.33142312825948084,0.6685768718915519,-0.304768536605009,0,0,0,096,s2,slide3,4,pos
927,1185,50,1135,0.3839045514645796,0.6160954485631955,-0.2054247393914913,0,0,0,097,s2,slide3,4,pos
928,1388,33,1355,0.25475119180480704,0.7452488082254355,-0.46618506573276747,0,0,0,098,s2,slide3,4,pos
929,1371,32,1339,0.25134667229254065,0.7486533277406066,-0.4740076195773939,0,0,0,099,s2,slide3,4,pos
931,1268,34,1234,0.278405879284978,0.7215941214561723,-0.4136145837504567,0,0,0,101,s2,slide3,4,pos
932,1150,46,1104,0.3700873843469192,0.629912615698521,-0.23097602534062664,0,0,0,102,s2,slide3,4,pos
933,1412,41,1371,0.2947103627351294,0.7052896377023434,-0.3789720958837056,0,0,0,103,s2,slide3,4,pos
934,1217,45,1172,0.35031974246931913,0.6496802576121402,-0.26823505671363446,0,0,0,104,s2,slide3,4,pos
935,1095,44,1051,0.3713200253160944,0.6286799747271957,-0.22868125561623528,0,0,0,105,s2,slide3,4,pos
936,1365,40,1325,0.2967336148725738,0.7032663855485055,-0.3747531121284765,0,0,0,106,s2,slide3,4,pos
937,1046,48,998,0.4065820861237297,0.5934179138892479,-0.16421241264879757,1,0,1,107,s2,slide3,4,pos
938,1059,45,1014,0.38589496529443146,0.6141050347320498,-0.20177354549305312,0,0,0,108,s2,slide3,4,pos
939,891,45,846,0.43355914165868586,0.5664408583468269,-0.11610622439089754,0,0,0,109,s2,slide3,4,pos
940,1325,23,1302,0.2018073249315945,0.7981926753004449,-0.597170812365205,0,0,0,110,s2,slide3,4,pos
941,1276,45,1231,0.33878952580536453,0.6612104743101959,-0.2904097495959143,0,0,0,111,s2,slide3,4,pos
942,1206,49,1157,0.37404222214226,0.6259577778946898,-0.2236244117142366,0,0,0,112,s2,slide3,4,pos
943,917,36,881,0.3656796729654296,0.6343203270952589,-0.23920780886794196,0,0,0,113,s2,slide3,4,pos
944,1321,39,1282,0.29839787291873093,0.7016021274883131,-0.37129517401840456,0,0,0,114,s2,slide3,4,pos
945,1274,30,1244,0.2531831684283341,0.746816831605716,-0.4697792669225208,0,0,0,115,s2,slide3,4,pos
946,1422,49,1373,0.33312034642263394,0.6668796537100269,-0.30144630787779914,0,0,0,116,s2,slide3,4,pos
947,1627,32,1595,0.22093763363130145,0.7790623664728361,-0.5473025275355126,0,0,0,117,s2,slide3,4,pos
948,1088,36,1052,0.3241451629645815,0.6758548372409027,-0.3191138810936489,0,0,0,118,s2,slide3,4,pos
949,1207,27,1180,0.2439568372864724,0.7560431627652103,-0.4912335957743553,0,0,0,119,s2,slide3,4,pos
950,1287,51,1236,0.3675523056907091,0.6324476943566764,-0.23570546215815935,0,0,0,120,s2,slide3,4,pos
951,1458,25,1433,0.19964687001339024,0.8003531302270025,-0.6030191418176848,0,0,0,121,s2,slide3,4,pos
952,896,46,850,0.4382591498646526,0.5617408501406047,-0.10780501523088835,0,0,0,122,s2,slide3,4,pos
953,1487,51,1436,0.33194911011599976,0.6680508900212947,-0.3037380381031796,0,0,0,123,s2,slide3,4,pos
954,1452,33,1419,0.2463124327616976,0.7536875672784871,-0.4857050175924229,0,0,0,124,s2,slide3,4,pos
955,1419,34,1385,0.25615551135228304,0.7438444886775185,-0.46297844510830455,1,1,0,125,s2,slide3,4,pos
956,1216,32,1184,0.2747396964262547,0.7252603044112901,-0.4215724933831057,0,0,0,126,s2,slide3,4,pos
957,1052,54,998,0.43811968281436847,0.5618803171886185,-0.10805105433098106,0,0,0,127,s2,slide3,4,pos
958,1279,48,1231,0.35390421444697484,0.646095785624613,-0.26141117373265876,0,0,0,128,s2,slide3,4,pos
959,1628,46,1582,0.2886797582188093,0.711320242277328,-0.39164883454731103,1,1,0,129,s2,slide3,4,pos
960,1283,50,1233,0.36332251731709553,0.6366774827339517,-0.24362717589996372,1,0,1,130,s2,slide3,4,pos
961,1301,21,1280,0.19117872810698103,0.8088212722340863,-0.6264129966582784,0,0,0,131,s2,slide3,4,pos
962,1264,24,1240,0.2159393710922958,0.7840606290511899,-0.5600178144027222,0,0,0,132,s2,slide3,4,pos
963,1373,36,1337,0.273716994096733,0.7262830067239244,-0.4238041203243651,0,0,0,133,s2,slide3,4,pos
964,1299,58,1241,0.39892430898140246,0.6010756910312305,-0.1780386629592987,0,0,0,134,s2,slide3,4,pos
965,1513,25,1488,0.1940519731494459,0.8059480271379079,-0.6183889733014731,0,0,0,135,s2,slide3,4,pos
966,1238,32,1206,0.27113113004237055,0.72886887087687,-0.4294700177167188,0,0,0,136,s2,slide3,4,pos
967,1564,35,1529,0.2433297793123062,0.7566702207319774,-0.4927113800877589,0,0,0,137,s2,slide3,4,pos
968,1666,29,1637,0.20152646432645568,0.7984735358803077,-0.5979284411134198,0,0,0,138,s2,slide3,4,pos
969,1227,42,1185,0.331791139524702,0.6682088606249516,-0.30404744608356626,0,0,0,139,s2,slide3,4,pos
970,1303,39,1264,0.30138801239001406,0.698611987982014,-0.36511005910282907,0,0,0,140,s2,slide3,4,pos
971,1133,46,1087,0.37393044097945705,0.6260695590609322,-0.22383176617905304,0,0,0,141,s2,slide3,4,pos
972,1657,31,1626,0.2127663275035979,0.7872336726372636,-0.5682007645638467,0,0,0,142,s2,slide3,4,pos
973,1222,47,1175,0.3600760645577207,0.6399239355024793,-0.24973410129293047,0,0,0,143,s2,slide3,4,pos
974,1258,38,1220,0.30345347003840095,0.6965465303166615,-0.3608580249268618,0,0,0,144,s2,slide3,4,pos
975,1137,53,1084,0.4108214829320184,0.5891785170772498,-0.15659375707341197,0,0,0,145,s2,slide3,4,pos
976,1261,41,1220,0.3198503447324633,0.6801496554804815,-0.3276576591403441,1,0,1,146,s2,slide3,4,pos
977,1357,55,1302,0.37327237496491106,0.6267276250708396,-0.2250529880736043,0,0,0,147,s2,slide3,4,pos
978,1725,21,1704,0.15357663822604664,0.8464233628721082,-0.7412624849316751,0,0,0,148,s2,slide3,4,pos
979,1405,43,1362,0.306106196118042,0.693893804192826,-0.3554208889225715,0,0,0,149,s2,slide3,4,pos
980,1393,47,1346,0.32821068972348394,0.6717893104348045,-0.3110803671416661,0,0,0,150,s2,slide3,4,pos
981,1208,26,1182,0.23711682253966715,0.7628831775271948,-0.5074956716395995,0,0,0,151,s2,slide3,4,pos
982,1372,32,1340,0.25120985389462785,0.7487901461425905,-0.4743234496332738,0,0,0,152,s2,slide3,4,pos
983,1091,30,1061,0.2839201114606647,0.716079889217743,-0.40176531968682266,0,0,0,153,s2,slide3,4,pos
984,1263,30,1233,0.2548244716331192,0.7451755283992542,-0.4660174517922847,0,0,0,154,s2,slide3,4,pos
985,1263,39,1224,0.30827376166550463,0.6917262386419611,-0.350997687638531,0,0,0,155,s2,slide3,4,pos
986,1562,33,1529,0.23315336010419208,0.7668466399587677,-0.5170668402624434,0,0,0,156,s2,slide3,4,pos
987,1215,33,1182,0.28111854993499014,0.7188814507635767,-0.40776777329053976,0,0,0,157,s2,slide3,4,pos
988,1564,38,1526,0.25856932969109325,0.741430670336316,-0.4574935376810799,0,0,0,158,s2,slide3,4,pos
989,1067,44,1023,0.37803584070552526,0.6219641593311352,-0.2162323829311593,0,0,0,159,s2,slide3,4,pos
990,1486,26,1460,0.20263742148499056,0.7973625787252928,-0.5949361991594369,0,0,0,160,s2,slide3,4,pos
991,1489,30,1459,0.22518366245326907,0.7748163376400925,-0.5366618912005682,1,0,1,161,s2,slide3,4,pos
992,1313,39,1274,0.29971877102672734,0.7002812293646584,-0.3685585421083142,0,0,0,162,s2,slide3,4,pos
993,1266,41,1225,0.31894265087891854,0.6810573493420733,-0.3294710841298226,0,0,0,163,s2,slide3,4,pos
994,1631,33,1598,0.22565605309730263,0.7743439469881858,-0.5354869200734006,0,0,0,164,s2,slide3,4,pos
995,1619,28,1591,0.20062586994237208,0.7993741302755661,-0.6003631562734485,0,0,0,165,s2,slide3,4,pos
996,1383,37,1346,0.27774881369444515,0.722251187030673,-0.41503605116829767,0,0,0,166,s2,slide3,4,pos
