Well,Time,Region,Min,Max,Mean,Median,Mode,StDev,drug_conc
A2,20,14,23,69,24.3249679384141,24,23,2.1525371676631733,100 nM Bran.
A2,20,15,23,69,24.1589433756391,24,23,1.9665896212205247,100 nM Bran.
A2,20,68,23,69,24.405663890170555,24,23,2.5243623926962933,100 nM Bran.
A2,20,7,23,69,24.316247421434024,24,23,2.14919762792696,100 nM Bran.
A2,20,27,23,69,24.320777259142588,24,23,2.0861339784730215,100 nM Bran.
A2,20,76,23,69,24.388823222978676,24,23,2.112032072927843,100 nM Bran.
A2,20,73,23,69,24.328805351603812,24,23,1.8728870894097491,100 nM Bran.
A2,20,80,23,69,24.341288057368303,24,23,2.107558457897738,100 nM Bran.
A2,20,8,23,69,24.364120878720005,24,23,2.184583468849135,100 nM Bran.
A2,20,3,23,69,24.36192032953561,24,23,2.1164870948415513,100 nM Bran.
A2,20,17,23,69,24.393600681296288,24,23,2.1867379542843253,100 nM Bran.
A2,20,62,23,69,24.33794002717598,24,23,2.0627972305929534,100 nM Bran.
A2,20,28,23,69,24.329932524200142,24,23,2.056655356434663,100 nM Bran.
A2,20,6,23,69,24.402411208862823,24,23,2.2704046591519367,100 nM Bran.
A2,20,36,23,69,24.305746627794548,24,23,2.058504753527775,100 nM Bran.
A2,20,35,23,69,24.358749765885996,24,23,2.108849256889503,100 nM Bran.
A2,20,41,23,69,24.89864141269355,24,23,3.385173495048924,100 nM Bran.
A2,20,48,23,69,24.27404193003047,24,23,2.0558282265743415,100 nM Bran.
A2,20,59,23,69,24.43354485595952,24,23,2.284150823406439,100 nM Bran.
A2,20,16,23,69,24.412680602187805,24,23,2.3267070332219006,100 nM Bran.
A2,20,31,23,69,24.457582747754355,24,23,2.351348266185655,100 nM Bran.
A2,20,77,23,69,24.222578876152667,24,23,1.9208982086574993,100 nM Bran.
A2,20,26,23,69,24.26548432000225,24,23,2.111209580150529,100 nM Bran.
A2,20,32,23,69,24.287924035362337,24,23,2.048139866044837,100 nM Bran.
A2,20,40,23,69,24.300382148160512,24,23,2.295163282542758,100 nM Bran.
A2,20,74,23,69,24.342476904133523,24,23,2.023238111636627,100 nM Bran.
A2,20,60,23,69,24.431774611523753,24,23,2.2644977026636037,100 nM Bran.
A2,20,1,23,69,24.46114816611175,24,23,1.885376208602458,100 nM Bran.
A2,20,53,23,69,24.37141290048892,24,23,2.2023247637730803,100 nM Bran.
A2,20,4,23,69,24.317331130086284,24,23,2.066076615192325,100 nM Bran.
A2,20,24,23,69,24.31289889515004,24,23,2.2265067784718133,100 nM Bran.
A2,20,25,23,69,24.464875302225128,24,23,2.279994580610208,100 nM Bran.
A2,20,38,23,69,24.333034517991575,24,23,2.069860164807766,100 nM Bran.
A2,20,63,23,69,24.370570037307044,24,23,2.246456174736458,100 nM Bran.
A2,20,9,23,69,24.13891720014466,24,23,1.8123043568404464,100 nM Bran.
A2,20,10,23,69,24.209490444401425,24,23,1.830565176039253,100 nM Bran.
A2,20,11,23,69,24.373685734399128,24,23,2.1348824465013645,100 nM Bran.
A2,20,54,23,69,24.431136857349745,24,23,2.356896937829859,100 nM Bran.
A2,20,64,23,69,24.346740449887765,24,23,2.04885185488456,100 nM Bran.
A2,20,50,23,69,24.32101178816769,24,23,2.191570462801831,100 nM Bran.
A2,20,34,23,69,24.35017501205173,24,23,2.2424522437575107,100 nM Bran.
A2,20,55,23,69,24.434493089009433,24,23,2.219696576870436,100 nM Bran.
A2,20,21,23,69,24.296331386821414,24,23,2.0203957181828667,100 nM Bran.
A2,20,56,23,69,24.31546218487395,24,23,2.055518396614858,100 nM Bran.
A2,20,79,23,69,24.313691014494843,24,23,2.1404364937516185,100 nM Bran.
A2,20,19,23,69,24.26225640743559,24,23,2.012421171193764,100 nM Bran.
A2,20,18,23,69,24.361707205030456,24,23,2.1293646796708248,100 nM Bran.
A2,20,65,23,69,24.286264636201768,24,23,2.008489589276909,100 nM Bran.
A2,20,66,23,69,24.27662705766925,24,23,2.0279415280570925,100 nM Bran.
A2,20,75,23,69,24.31494783184609,24,23,2.1010095294560727,100 nM Bran.
A2,20,71,23,69,24.389409404732177,24,23,2.238702095669145,100 nM Bran.
A2,20,30,23,69,24.387976448713975,24,23,2.3384348915894457,100 nM Bran.
A2,20,67,23,69,24.33007697250233,24,23,2.1245100603188987,100 nM Bran.
A2,20,5,23,69,24.40161486443245,24,23,2.200167183709003,100 nM Bran.
A2,20,37,23,69,24.241383337425813,24,23,1.905872957251372,100 nM Bran.
A2,20,69,23,69,24.33574371434608,24,23,2.0468706594556374,100 nM Bran.
A2,20,61,23,68,24.376274119127515,24,23,2.1984904164222128,100 nM Bran.
A2,20,81,23,69,24.263761611850363,24,23,1.990256169138154,100 nM Bran.
A2,20,20,23,69,24.355353868097534,24,23,2.147178884888972,100 nM Bran.
A2,20,70,23,69,24.314066108782676,24,23,2.1237395809135813,100 nM Bran.
A2,20,12,23,69,24.46222544926484,24,23,2.345865703898382,100 nM Bran.
A2,20,33,23,69,24.387003150973623,24,23,2.2213729410315133,100 nM Bran.
A2,20,49,23,69,24.3221215020566,24,23,2.194625381577529,100 nM Bran.
A2,20,52,23,69,24.328601221230624,24,23,1.9663406720436396,100 nM Bran.
A2,20,39,23,69,24.44502516092156,24,23,2.3483365904967752,100 nM Bran.
A2,20,72,23,69,24.24281555675124,24,23,2.0337641728993967,100 nM Bran.
A2,20,42,23,69,24.460722107502654,24,23,2.3785283327762867,100 nM Bran.
A2,20,2,23,69,27.13642092310135,26,23,4.116910275571132,100 nM Bran.
A2,20,78,23,69,24.35762981305697,24,23,2.1257695755489654,100 nM Bran.
A2,20,29,23,69,24.388193147504932,24,23,2.222097130879259,100 nM Bran.
A2,20,57,23,66,24.2974845122933,24,23,2.0254299832776157,100 nM Bran.
A2,20,13,23,69,24.40380680570801,24,23,2.210383737191292,100 nM Bran.
A2,20,43,23,69,24.466198612821177,24,23,2.3945053787367634,100 nM Bran.
A2,20,44,23,69,24.334033353071593,24,23,2.1320095768221425,100 nM Bran.
A2,20,45,23,69,24.38171284590065,24,23,2.2085696113816664,100 nM Bran.
A2,20,46,23,69,24.342233434948668,24,23,2.1413166016538225,100 nM Bran.
A2,20,51,23,69,24.524570375187736,24,23,2.3422421230544033,100 nM Bran.
A2,20,58,23,69,24.307542250026756,24,23,2.1427587770025607,100 nM Bran.
A2,20,47,23,69,24.404017776347803,24,23,2.2153470196037692,100 nM Bran.
A2,20,22,23,69,24.357213785849133,24,23,2.1238718891825465,100 nM Bran.
A2,20,23,23,69,24.296514093202923,24,23,2.0622532352302243,100 nM Bran.
A1,20,40,23,69,24.285311914612617,24,23,2.193114579101458,DMSO
A1,20,44,23,69,24.234005015905417,24,23,1.891700896523499,DMSO
A1,20,4,23,69,24.159120658958617,24,23,1.9138550528703264,DMSO
A1,20,27,23,65,24.134006193004673,24,23,1.7867518374679996,DMSO
A1,20,22,23,69,24.183989698012436,24,23,2.03389063820888,DMSO
A1,20,55,23,68,24.205862515869654,24,23,1.8592348979540323,DMSO
A1,20,56,23,69,24.218831332189826,24,23,1.9199660176683184,DMSO
A1,20,21,23,69,24.19780106308176,24,23,1.8210506049119872,DMSO
A1,20,18,23,69,24.127569026015752,24,23,1.7196811674937238,DMSO
A1,20,1,23,67,24.165098574705254,24,23,1.7239670498227893,DMSO
A1,20,49,23,69,24.12650241219798,24,23,1.8972522867952448,DMSO
A1,20,52,23,69,24.18568504541384,24,23,1.9108783705720027,DMSO
A1,20,80,23,67,24.22920476690151,24,23,1.9188008258798397,DMSO
A1,20,31,23,69,24.224176063626953,24,23,2.1551959465843415,DMSO
A1,20,32,23,69,24.22971155148287,24,23,2.0059367025549153,DMSO
A1,20,47,23,69,24.212377060673436,24,23,2.011301882012121,DMSO
A1,20,39,23,69,24.15327612554367,24,23,1.8146893596450775,DMSO
A1,20,77,23,69,24.27513256016192,24,23,2.232395690874179,DMSO
A1,20,57,23,69,24.288785989105392,24,23,2.0454785460280736,DMSO
A1,20,28,23,69,24.335275596898946,24,23,2.326385311456978,DMSO
A1,20,19,23,69,24.176374623206275,24,23,1.8398531961222944,DMSO
A1,20,26,23,68,24.184412572474823,24,23,2.024635863476973,DMSO
A1,20,63,23,69,24.11066110370995,24,23,1.8539596704511832,DMSO
A1,20,74,23,67,24.111211749657333,24,23,1.6845622883557818,DMSO
A1,20,5,23,69,24.340988378602297,24,23,2.2845593392340415,DMSO
A1,20,33,23,69,24.551076602185,24,23,3.260823699274729,DMSO
A1,20,35,23,68,24.234725108634045,24,23,1.9659218459210783,DMSO
A1,20,41,23,69,24.338161694664105,24,23,2.44420482483385,DMSO
A1,20,8,23,69,24.20955296908039,24,23,1.9481526842792365,DMSO
A1,20,51,23,69,24.24410358888499,24,23,2.310924107548909,DMSO
A1,20,68,23,66,24.114077645623055,24,23,1.794392134826502,DMSO
A1,20,67,23,69,24.196524522215817,24,23,2.0403840921930465,DMSO
A1,20,79,23,69,24.172852369798843,24,23,1.8627685789070925,DMSO
A1,20,48,23,69,24.162379523216945,24,23,1.942660694729156,DMSO
A1,20,58,23,69,24.101779493134774,24,23,1.7598532276959604,DMSO
A1,20,2,23,69,24.097816159075258,24,23,1.855572791112286,DMSO
A1,20,50,23,67,24.155921828986024,24,23,1.7570505674672665,DMSO
A1,20,11,23,69,24.10555524973853,23,23,1.9078954035929423,DMSO
A1,20,60,23,69,24.32545239035954,24,23,2.151590613152504,DMSO
A1,20,3,23,69,24.300053971519645,24,23,2.220369014680306,DMSO
A1,20,6,23,69,24.112295667854855,24,23,1.7834958914541446,DMSO
A1,20,78,23,69,24.253480697506394,24,23,2.06979034789354,DMSO
A1,20,54,23,69,24.109176431061275,24,23,1.902958236638163,DMSO
A1,20,38,23,69,24.217755562399592,24,23,1.9051567026262597,DMSO
A1,20,53,23,67,24.204803727306807,24,23,1.929245270445454,DMSO
A1,20,16,23,69,24.20901365306694,24,23,2.1291526722142864,DMSO
A1,20,34,23,69,24.19524123251571,24,23,2.0162348266327412,DMSO
A1,20,81,23,69,24.076046217878368,24,23,1.67453741205804,DMSO
A1,20,9,23,69,24.12421260569981,24,23,1.736750462508595,DMSO
A1,20,72,23,69,24.0583811570158,23,23,1.8102240050835343,DMSO
A1,20,61,23,69,24.233439077636785,24,23,2.16927296620287,DMSO
A1,20,62,23,69,24.28351397918123,24,23,2.4384034075455476,DMSO
A1,20,65,23,69,24.190003471017008,24,23,1.9423915049151657,DMSO
A1,20,14,23,69,24.27216463248852,24,23,2.018656136717153,DMSO
A1,20,69,23,69,24.446338948092126,24,23,2.7023674969045013,DMSO
A1,20,20,23,68,24.138105552547177,24,23,1.8437627379593051,DMSO
A1,20,37,23,69,24.158378401298265,24,23,1.9454894685834951,DMSO
A1,20,10,23,69,24.13251837272711,24,23,1.8972126455513911,DMSO
A1,20,12,23,69,24.241350167005308,24,23,2.0511753643098163,DMSO
A1,20,30,23,69,24.06181280606117,23,23,1.9019824063956496,DMSO
A1,20,25,23,69,24.262912325105557,24,23,2.2065978731525164,DMSO
A1,20,7,23,69,24.22044377699945,24,23,2.0921210362974603,DMSO
A1,20,17,23,66,24.21933981534439,24,23,1.9451490486220089,DMSO
A1,20,59,23,68,24.191273784377643,24,23,1.892808507288431,DMSO
A1,20,71,23,69,24.268605588738296,24,23,1.9656427875438012,DMSO
A1,20,64,23,69,24.185982553746825,24,23,1.907396128686448,DMSO
A1,20,73,23,68,24.2333713919198,24,23,1.7005169487015588,DMSO
A1,20,23,23,69,24.22450018534536,24,23,1.969013326818133,DMSO
A1,20,15,23,69,24.205938841899805,24,23,2.0879900385165,DMSO
A1,20,75,23,68,24.120051080002092,24,23,1.7883004943670322,DMSO
A1,20,29,23,69,24.244275164002534,24,23,2.175923318098927,DMSO
A1,20,45,23,68,24.18036290147123,24,23,1.960457415616316,DMSO
A1,20,13,23,69,24.159270303455536,24,23,1.865295701268623,DMSO
A1,20,42,23,69,24.115366511577385,24,23,1.874066812353696,DMSO
A1,20,70,23,69,24.154408304252467,24,23,1.783180592171717,DMSO
A1,20,36,23,69,24.19571688196866,24,23,1.928328583997108,DMSO
A1,20,46,23,68,24.157264999964315,24,23,1.9461169482288,DMSO
A1,20,24,23,69,24.20780212848454,24,23,1.9901787241504076,DMSO
A1,20,43,23,69,24.348573953650767,24,23,2.157866945090449,DMSO
A1,20,76,23,68,24.16034545096729,24,23,1.9639040974074071,DMSO
A1,20,66,23,68,24.160311490642005,24,23,1.8550161404996863,DMSO
B2,20,53,23,69,26.083778593193426,25,23,4.230899660827751,500 nM Ris
B2,20,35,23,69,26.21759744247372,25,23,4.404983592102982,500 nM Ris
B2,20,15,23,69,25.936466039532476,25,23,4.098427844729077,500 nM Ris
B2,20,40,23,69,26.06294562423948,25,23,4.443021639740709,500 nM Ris
B2,20,47,23,69,25.809339100045857,24,23,4.035921270795694,500 nM Ris
B2,20,49,23,69,25.872232275787393,24,23,3.995902055165113,500 nM Ris
B2,20,67,23,69,25.82071393502497,24,23,3.9572838749269432,500 nM Ris
B2,20,22,23,69,25.941319709830108,25,23,4.131324729161629,500 nM Ris
B2,20,57,23,69,25.886181167254488,24,23,4.2319417849458265,500 nM Ris
B2,20,43,23,69,25.933200187218553,25,23,4.07240608349393,500 nM Ris
B2,20,14,23,69,25.87989035316776,24,23,4.045722141407376,500 nM Ris
B2,20,48,23,69,26.098438589008747,25,23,4.481324903933517,500 nM Ris
B2,20,36,23,69,26.02076064512671,25,23,4.211798515900093,500 nM Ris
B2,20,51,23,69,26.10436502909045,25,23,4.260650192402033,500 nM Ris
B2,20,17,23,69,26.002187599235853,25,23,4.209729482213926,500 nM Ris
B2,20,1,23,69,25.410180052777186,24,23,3.4973254335811443,500 nM Ris
B2,20,65,23,69,25.768553904551215,24,23,3.989492468692858,500 nM Ris
B2,20,28,23,69,25.796077553009223,24,23,3.918615154389176,500 nM Ris
B2,20,23,23,69,26.082146236193353,25,23,4.367007282698954,500 nM Ris
B2,20,61,23,69,25.892034738809095,25,23,3.9354911749648234,500 nM Ris
B2,20,71,23,69,25.923212857749306,25,23,4.104907858169249,500 nM Ris
B2,20,72,23,69,25.61869071672997,24,23,3.831285396093723,500 nM Ris
B2,20,42,23,69,26.182881201204474,25,23,4.526663613565124,500 nM Ris
B2,20,70,23,69,25.968682687213107,25,23,4.056385139588184,500 nM Ris
B2,20,64,23,69,25.304578798702547,24,23,3.325558407552068,500 nM Ris
B2,20,78,23,69,25.83092886500813,24,23,3.9724520004426536,500 nM Ris
B2,20,18,23,69,25.56844431217309,24,23,3.7195260088111346,500 nM Ris
B2,20,63,23,69,25.944822159806485,25,23,4.14996475540103,500 nM Ris
B2,20,58,23,69,26.08646793411103,25,23,4.581016564784805,500 nM Ris
B2,20,3,23,69,25.631293212126497,24,23,3.799294016610698,500 nM Ris
B2,20,52,23,69,26.16916054112164,25,23,4.324189694114079,500 nM Ris
B2,20,68,23,69,25.80225072650642,24,23,4.080347828959565,500 nM Ris
B2,20,10,23,69,25.643682499502077,24,23,3.809983603924194,500 nM Ris
B2,20,66,23,69,25.857784276621366,24,23,4.118703698383812,500 nM Ris
B2,20,80,23,69,25.67083108799173,24,23,3.8968022747319897,500 nM Ris
B2,20,2,23,69,25.542092289659216,24,23,3.9679652196970574,500 nM Ris
B2,20,7,23,69,25.691022756431327,24,23,3.8392224459449262,500 nM Ris
B2,20,37,23,69,25.7151981145284,24,23,3.8956050948623577,500 nM Ris
B2,20,41,23,69,29.13836309822228,26,23,8.308619764167982,500 nM Ris
B2,20,74,23,69,25.745733395626218,24,23,4.062181817899718,500 nM Ris
B2,20,62,23,69,25.872214748841273,25,23,4.093225058472443,500 nM Ris
B2,20,50,23,69,25.97309998684136,25,23,4.227607613613858,500 nM Ris
B2,20,13,23,69,26.038151538713706,25,23,4.206576781985863,500 nM Ris
B2,20,27,23,69,25.97419413115854,25,23,4.130617958067156,500 nM Ris
B2,20,39,23,69,25.889500685393948,24,23,4.110615134210362,500 nM Ris
B2,20,79,23,69,26.016810013351765,25,23,4.1372052788071025,500 nM Ris
B2,20,81,23,69,27.599797810728475,25,23,7.372856245285982,500 nM Ris
B2,20,6,23,69,26.013553754111992,25,23,4.296351929824009,500 nM Ris
B2,20,54,23,69,26.029909999057583,25,23,4.363166318152607,500 nM Ris
B2,20,56,23,69,25.8855712330396,24,23,4.119375786487941,500 nM Ris
B2,20,5,23,69,25.674523425738133,24,23,3.799637811135197,500 nM Ris
B2,20,9,23,69,30.541932961920985,27,25,9.119677985251997,500 nM Ris
B2,20,26,23,69,25.99673384724931,25,23,4.122608733733849,500 nM Ris
B2,20,69,23,69,25.949513262612484,25,23,4.104092093280621,500 nM Ris
B2,20,77,23,69,25.708930971346156,24,23,3.91768303238919,500 nM Ris
B2,20,30,23,69,25.892903272753735,25,23,4.030687843532956,500 nM Ris
B2,20,32,23,69,25.74745232677286,24,23,3.9207563338455342,500 nM Ris
B2,20,45,23,69,26.08258333721509,25,23,4.41266992417762,500 nM Ris
B2,20,55,23,69,25.57847090018311,24,23,3.75024017816238,500 nM Ris
B2,20,33,23,69,25.951274315613514,25,23,3.99832644612141,500 nM Ris
B2,20,8,23,69,25.59497380848304,24,23,3.6971797125736625,500 nM Ris
B2,20,31,23,69,25.975216094030067,25,23,4.225994513927983,500 nM Ris
B2,20,75,23,69,25.76912542982399,24,23,3.984642510802987,500 nM Ris
B2,20,76,23,69,25.763188919021896,24,23,3.904185910821179,500 nM Ris
B2,20,38,23,69,26.002398842069873,25,23,4.214096884348654,500 nM Ris
B2,20,25,23,69,26.020896840470073,25,23,4.100685315189873,500 nM Ris
B2,20,16,23,69,25.868728601212677,25,23,4.004671733880862,500 nM Ris
B2,20,44,23,69,26.063700588274404,25,23,4.1992301885005405,500 nM Ris
B2,20,21,23,69,25.95339966410504,25,23,4.233673351289515,500 nM Ris
B2,20,73,23,69,25.464203137858828,24,23,3.390294796352223,500 nM Ris
B2,20,11,23,69,25.829659113437863,24,23,3.9693097109783713,500 nM Ris
B2,20,4,23,69,25.730018819882652,24,23,3.836980962234508,500 nM Ris
B2,20,19,23,69,25.83358973811792,24,23,3.978407028747619,500 nM Ris
B2,20,20,23,69,25.90283407336441,25,23,4.027841812222761,500 nM Ris
B2,20,59,23,69,25.8464338421264,24,23,4.023872489714484,500 nM Ris
B2,20,12,23,69,25.864292668828725,24,23,4.062491961157479,500 nM Ris
B2,20,46,23,69,25.917958884392903,24,23,4.1761823229905515,500 nM Ris
B2,20,24,23,69,26.21398804778032,25,23,4.428727310848762,500 nM Ris
B2,20,60,23,69,25.96415512830367,25,23,4.201760730500326,500 nM Ris
B2,20,34,23,69,25.969369738712142,25,23,4.061548086846041,500 nM Ris
B2,20,29,23,69,25.79341621585469,24,23,3.9956308694402183,500 nM Ris
A3,20,23,23,69,24.36807027999679,24,23,2.394064713076408,200 nM Bran.
A3,20,66,23,69,24.487018519583295,24,23,2.6684084173399536,200 nM Bran.
A3,20,42,23,69,24.71490035540077,24,23,3.167573327861646,200 nM Bran.
A3,20,34,23,69,24.50401068171512,24,23,2.641783686925911,200 nM Bran.
A3,20,26,23,69,24.47933350112113,24,23,2.626791348187853,200 nM Bran.
A3,20,35,23,69,24.585005670766463,24,23,2.8036792370418704,200 nM Bran.
A3,20,57,23,69,24.46247696981274,24,23,2.6101605129317478,200 nM Bran.
A3,20,77,23,69,24.46072875537587,24,23,2.4870420229389794,200 nM Bran.
A3,20,38,23,69,24.47045676004872,24,23,2.715519844381809,200 nM Bran.
A3,20,5,23,69,24.513920786494214,24,23,2.6867415459823034,200 nM Bran.
A3,20,46,23,69,24.428505293760907,24,23,2.5077154312519334,200 nM Bran.
A3,20,49,23,69,24.796835657500324,24,23,3.579598329115408,200 nM Bran.
A3,20,1,23,69,24.28833462518808,24,23,2.016358348465746,200 nM Bran.
A3,20,37,23,69,24.460427138665512,24,23,2.824289260658686,200 nM Bran.
A3,20,33,23,69,24.572182848656265,24,23,2.818059237890908,200 nM Bran.
A3,20,24,23,69,24.479151723688236,24,23,2.462066787088387,200 nM Bran.
A3,20,51,23,69,24.68093734553268,24,23,3.2004711336798777,200 nM Bran.
A3,20,61,23,69,24.50861030008724,24,23,2.477091534715328,200 nM Bran.
A3,20,72,23,69,24.383043315907393,24,23,2.5456290055645145,200 nM Bran.
A3,20,74,23,69,24.386947251867035,24,23,2.4191267425752625,200 nM Bran.
A3,20,6,23,69,24.3799131725961,24,23,2.3960055785240515,200 nM Bran.
A3,20,39,23,69,24.553155550727787,24,23,2.834775748549341,200 nM Bran.
A3,20,68,23,69,24.455580614388673,24,23,2.4614993723271956,200 nM Bran.
A3,20,28,23,69,24.372796086033414,24,23,2.509402763671859,200 nM Bran.
A3,20,30,23,69,24.53873211666167,24,23,2.730658527792854,200 nM Bran.
A3,20,59,23,69,24.490653559441352,24,23,2.6103769977273727,200 nM Bran.
A3,20,9,23,69,24.505084022115533,24,23,2.1034563658230883,200 nM Bran.
A3,20,15,23,69,24.46961009174312,24,23,2.5629694001135186,200 nM Bran.
A3,20,18,23,69,24.428831119303375,24,23,2.815328098579557,200 nM Bran.
A3,20,67,23,69,24.445902119047037,24,23,2.521949941320315,200 nM Bran.
A3,20,10,23,69,24.315559571305162,24,23,2.143362979105874,200 nM Bran.
A3,20,40,23,69,24.6723250893088,24,23,3.1780106504860774,200 nM Bran.
A3,20,44,23,69,24.562851661453195,24,23,2.7413392456884003,200 nM Bran.
A3,20,8,23,69,24.394334798410956,24,23,2.4313321306659006,200 nM Bran.
A3,20,12,23,69,24.53815675234813,24,23,2.6697622730099715,200 nM Bran.
A3,20,52,23,69,24.58273824587657,24,23,2.8207268766922193,200 nM Bran.
A3,20,29,23,69,24.41870389084074,24,23,2.4972168541259383,200 nM Bran.
A3,20,22,23,69,24.497339172613543,24,23,2.713311949463358,200 nM Bran.
A3,20,63,23,69,24.594859366466412,24,23,2.829396476080791,200 nM Bran.
A3,20,31,23,69,24.47087897117323,24,23,2.786861165682069,200 nM Bran.
A3,20,43,23,69,24.627475886568767,24,23,2.8949086127192314,200 nM Bran.
A3,20,60,23,69,24.532019326267505,24,23,2.633395029305379,200 nM Bran.
A3,20,19,23,69,24.404654026674105,24,23,2.581964515198475,200 nM Bran.
A3,20,2,23,69,24.454668743647403,24,23,2.4879619571106177,200 nM Bran.
A3,20,41,23,69,26.50075742566713,24,23,6.323423904213585,200 nM Bran.
A3,20,56,23,69,24.53267879840359,24,23,2.671071996127708,200 nM Bran.
A3,20,75,23,69,24.452072749007385,24,23,2.7696270667834124,200 nM Bran.
A3,20,78,23,69,24.50053650571495,24,23,2.5502584640133934,200 nM Bran.
A3,20,17,23,69,24.466996082343528,24,23,2.5666919430262465,200 nM Bran.
A3,20,13,23,69,24.614322669730058,24,23,3.3112893948916313,200 nM Bran.
A3,20,64,23,69,24.275427423106848,24,23,1.9147405773578912,200 nM Bran.
A3,20,11,23,69,24.419659253016427,24,23,2.4499940679048606,200 nM Bran.
A3,20,47,23,69,24.524088581147012,24,23,2.795140377108824,200 nM Bran.
A3,20,27,23,69,24.52246654791506,24,23,2.6958790686979164,200 nM Bran.
A3,20,76,23,69,24.51984271949155,24,23,2.509854028132642,200 nM Bran.
A3,20,73,23,69,24.342606839530823,24,23,2.033433977950496,200 nM Bran.
A3,20,20,23,69,24.59029400448561,24,23,3.0599212372204496,200 nM Bran.
A3,20,36,23,69,24.392207229512255,24,23,2.571777779680877,200 nM Bran.
A3,20,3,23,69,24.46296303366025,24,23,2.5416943680539292,200 nM Bran.
A3,20,25,23,69,24.530029109395368,24,23,2.697626681371441,200 nM Bran.
A3,20,71,23,69,24.477345547373176,24,23,2.5888562399077983,200 nM Bran.
A3,20,54,23,69,24.892067591742364,24,23,3.003620603674668,200 nM Bran.
A3,20,65,23,69,24.447672240738427,24,23,2.6706744244287166,200 nM Bran.
A3,20,79,23,69,24.44792250828448,24,23,2.435910283538967,200 nM Bran.
A3,20,48,23,69,24.551097749840576,24,23,2.7699873815094387,200 nM Bran.
A3,20,50,23,69,24.462815870907928,24,23,2.681755735070642,200 nM Bran.
A3,20,53,23,69,24.546809104358953,24,23,2.584473355018153,200 nM Bran.
A3,20,55,23,69,24.38306099586665,24,23,2.316637164267799,200 nM Bran.
A3,20,69,23,69,24.610143778567306,24,23,3.014168626066851,200 nM Bran.
A3,20,4,23,69,24.459565713921904,24,23,2.4501089004272956,200 nM Bran.
A3,20,16,23,69,24.50127076654037,24,23,2.698846567507213,200 nM Bran.
A3,20,32,23,69,24.599078632163636,24,23,3.0240471789933747,200 nM Bran.
A3,20,62,23,69,24.527408150867647,24,23,2.503888888158592,200 nM Bran.
A3,20,21,23,69,24.572572357128635,24,23,2.865004716155917,200 nM Bran.
A3,20,81,23,69,24.645015348988192,24,23,3.5697405941473046,200 nM Bran.
A3,20,70,23,69,24.56049221333831,24,23,2.785115709764918,200 nM Bran.
A3,20,80,23,69,24.380965691963652,24,23,2.3290564190662177,200 nM Bran.
A3,20,58,23,69,24.47165560656576,24,23,2.6070845693694045,200 nM Bran.
A3,20,45,23,69,24.56924392599248,24,23,2.854421707340213,200 nM Bran.
A3,20,7,23,69,25.15282236825604,24,23,3.061665046495411,200 nM Bran.
A3,20,14,23,69,24.474042390803135,24,23,2.631574314625589,200 nM Bran.
B1,20,33,23,69,24.390880243557024,24,23,2.53571461223357,300 nM Bran.
B1,20,44,23,69,24.572813103497605,24,23,2.735555679947772,300 nM Bran.
B1,20,78,23,69,24.556125593147225,24,23,3.009446043810159,300 nM Bran.
B1,20,3,23,69,24.299859447950514,24,23,2.298749329320581,300 nM Bran.
B1,20,80,23,69,24.389732331910377,24,23,2.7854750780056223,300 nM Bran.
B1,20,48,23,69,24.544407383620957,24,23,2.7471272807599902,300 nM Bran.
B1,20,9,23,69,24.61010456384109,24,23,3.7201122502052617,300 nM Bran.
B1,20,62,23,69,24.639361485799498,24,23,3.3097274187362813,300 nM Bran.
B1,20,10,23,69,24.241424239552735,24,23,2.114228678503532,300 nM Bran.
B1,20,17,23,69,24.471693064386653,24,23,2.750788583487364,300 nM Bran.
B1,20,45,23,69,24.48717804656837,24,23,2.5899788958489967,300 nM Bran.
B1,20,52,23,69,24.49352730859327,24,23,2.8474966171706972,300 nM Bran.
B1,20,59,23,69,24.498502201250407,24,23,2.8185558566140028,300 nM Bran.
B1,20,15,23,69,24.65294952825868,24,23,3.199612810800092,300 nM Bran.
B1,20,32,23,69,24.475908286585597,24,23,2.740914077688823,300 nM Bran.
B1,20,6,23,69,24.465570954071698,24,23,2.8340401149067147,300 nM Bran.
B1,20,1,23,69,24.231105214392876,24,23,1.8313366675143152,300 nM Bran.
B1,20,18,23,69,24.292989451800352,24,23,2.467994560736248,300 nM Bran.
B1,20,39,23,69,24.645068337430935,24,23,3.25741399914647,300 nM Bran.
B1,20,8,23,69,24.29508449145775,24,23,2.5393437905465044,300 nM Bran.
B1,20,11,23,69,24.452494961799495,24,23,2.757410727699327,300 nM Bran.
B1,20,49,23,69,24.55135353477066,24,23,3.0938675482671467,300 nM Bran.
B1,20,21,23,69,24.498308956928796,24,23,2.6795138716758826,300 nM Bran.
B1,20,47,23,69,24.462770731586534,24,23,2.653095944797072,300 nM Bran.
B1,20,58,23,69,24.427868811942364,24,23,2.5098771877422132,300 nM Bran.
B1,20,14,23,69,24.48793430570378,24,23,2.7211319612311087,300 nM Bran.
B1,20,26,23,69,24.34233238183305,24,23,2.3963519048935225,300 nM Bran.
B1,20,46,23,69,24.459038405450173,24,23,2.625470981163191,300 nM Bran.
B1,20,63,23,69,24.46185577196211,24,23,2.782911975475111,300 nM Bran.
B1,20,68,23,69,24.6604119687472,24,23,3.3393935645468145,300 nM Bran.
B1,20,16,23,69,24.7689497716895,24,23,3.590541955876445,300 nM Bran.
B1,20,27,23,69,24.38667882397199,24,23,2.5148253605651845,300 nM Bran.
B1,20,69,23,69,24.440459362325267,24,23,2.668170246190462,300 nM Bran.
B1,20,30,23,69,24.516994981649315,24,23,2.657165188661969,300 nM Bran.
B1,20,50,23,69,24.6215612915396,24,23,3.141871481761448,300 nM Bran.
B1,20,13,23,69,24.563214816612565,24,23,2.880414570780159,300 nM Bran.
B1,20,22,23,69,24.419590737888456,24,23,2.4268266682235495,300 nM Bran.
B1,20,24,23,69,24.396964061089204,24,23,2.554225987165514,300 nM Bran.
B1,20,25,23,69,24.53338521905503,24,23,2.869602211750212,300 nM Bran.
B1,20,12,23,69,24.568024581733624,24,23,3.0257060003283462,300 nM Bran.
B1,20,71,23,69,24.552338955698215,24,23,2.8923725010262498,300 nM Bran.
B1,20,7,23,69,24.49845628724656,24,23,2.8269581216234023,300 nM Bran.
B1,20,81,23,69,23.965160479361437,23,23,2.0027522102631257,300 nM Bran.
B1,20,35,23,69,24.57364634035735,24,23,2.9937648596768773,300 nM Bran.
B1,20,77,23,69,24.56803370509451,24,23,3.1798045442345715,300 nM Bran.
B1,20,2,23,69,24.19588181532641,23,23,2.3246852664639106,300 nM Bran.
B1,20,72,23,69,24.3855673372312,24,23,2.680018703371416,300 nM Bran.
B1,20,57,23,69,24.436090568793936,24,23,2.595951006823212,300 nM Bran.
B1,20,74,23,69,24.392783098259287,24,23,2.334890456562305,300 nM Bran.
B1,20,31,23,69,24.5381687036666,24,23,3.1543700333645135,300 nM Bran.
B1,20,51,23,69,24.713284956539837,24,23,3.519864583719836,300 nM Bran.
B1,20,64,23,69,24.340373302937166,24,23,2.5106016312971993,300 nM Bran.
B1,20,37,23,69,24.459158806158435,24,23,2.843889612096147,300 nM Bran.
B1,20,19,23,69,24.474403268098897,24,23,2.7788048070405837,300 nM Bran.
B1,20,43,23,69,24.51812736196704,24,23,2.747223347768685,300 nM Bran.
B1,20,38,23,69,24.52715961289747,24,23,2.9303576458442553,300 nM Bran.
B1,20,23,23,69,24.590484509934637,24,23,3.0193753810699326,300 nM Bran.
B1,20,28,23,69,24.622902004867168,24,23,3.1371113415991636,300 nM Bran.
B1,20,56,23,69,24.554218935396968,24,23,2.886471050990316,300 nM Bran.
B1,20,61,23,69,24.593915377732326,24,23,3.120835807417436,300 nM Bran.
B1,20,54,23,69,24.44990459354042,24,23,2.6911911251056067,300 nM Bran.
B1,20,4,23,69,24.304219276695424,24,23,2.1374972243693056,300 nM Bran.
B1,20,41,23,69,28.071627597068264,24,23,8.39935165955083,300 nM Bran.
B1,20,76,23,69,24.668905310287233,24,23,3.131519861686227,300 nM Bran.
B1,20,40,23,69,24.858220860449215,24,23,3.62320519388233,300 nM Bran.
B1,20,55,23,69,24.40242654651272,24,23,2.6004340645578203,300 nM Bran.
B1,20,60,23,69,24.364099511794173,24,23,2.3945743375110755,300 nM Bran.
B1,20,79,23,69,24.496179633060184,24,23,2.8540150006124594,300 nM Bran.
B1,20,20,23,69,24.474178956272297,24,23,2.7167647304758575,300 nM Bran.
B1,20,5,23,69,24.43076380136123,24,23,2.638846788561598,300 nM Bran.
B1,20,65,23,69,24.41301207744128,24,23,2.490700921250108,300 nM Bran.
B1,20,67,23,69,24.524680724680724,24,23,2.9258380633532584,300 nM Bran.
B1,20,70,23,69,24.500204883045928,24,23,2.936044994667491,300 nM Bran.
B1,20,53,23,69,24.61654652063928,24,23,3.0784897091832573,300 nM Bran.
B1,20,29,23,69,24.630596962893762,24,23,3.126728365667617,300 nM Bran.
B1,20,34,23,69,24.38900220349118,24,23,2.623518987455904,300 nM Bran.
B1,20,66,23,69,24.525747414691875,24,23,2.3835393091352257,300 nM Bran.
B1,20,36,23,69,24.593300573577174,24,23,2.9895202884183796,300 nM Bran.
B1,20,42,23,69,24.95730587666803,24,23,4.272138525920454,300 nM Bran.
B1,20,75,23,69,24.49058021937731,24,23,2.8432059428854717,300 nM Bran.
B1,20,73,23,69,24.232566170057492,24,23,2.102758513646368,300 nM Bran.
