unique_id,QC_comments,QC_modal_peak_height,QC_peak_number,modal_peak_repeat,modal_peak_height,index_peak_repeat,index_peak_height,n_peaks_total,n_peaks_analysis_subset,n_peaks_analysis_subset_expansions,min_repeat,max_repeat,mean_repeat,weighted_mean_repeat,median_repeat,max_height,max_delta_neg,max_delta_pos,average_repeat_gain,instabity_index_jml,abs_index,expansion_index,pps_index,som_mos_index,contration_index,percentile_1,percentile_5,percentile_10,percentile_20,percentile_30,percentile_40,percentile_50,percentile_60,percentile_70,percentile_80,percentile_90,percentile_95,percentile_99,expansion_percentile_1,expansion_percentile_5,expansion_percentile_10,expansion_percentile_20,expansion_percentile_30,expansion_percentile_40,expansion_percentile_50,expansion_percentile_60,expansion_percentile_70,expansion_percentile_80,expansion_percentile_90,expansion_percentile_95,expansion_percentile_99,fsa_id,plate_id,well,cell_line,treatment,repeat_positive_control_TF,repeat_positive_control_length,indices_baseline_control_TF,...9,d0_weighted_mean_repeat,weighted_repeat_gain,day,genotype,normalised_gain
20230413_A01.fsa,NA,NA,NA,130.23938828929556,1051,126.23938828929556,837,34,30,21,117.23938828929556,146.23938828929556,131.73938828929556,130.69013723662766,131.73938828929556,1051,-9,20,4.450748947332102,4.450748947332091,5.73852419410506,6.33691079247875,10.081826831588963,10.081826831588963,-2.536850693500136,-8.120978260869565,-5.063949275362319,-3.2202173913043475,-0.9314217443249702,0.7171489817792074,2.199210266535045,3.6065651760228357,5.026218851570963,6.655423122765198,8.738747884940778,11.861369193154035,14.224278846153844,18.00151162790697,0,0,0.3512325830653805,1.5690742624618514,2.7315893385982237,3.849476688867745,4.9955489614243325,6.282717520858164,7.77856154910097,9.817391304347826,12.647578347578348,14.906971153846154,18.33174418604651,20230413_A01,20230414,A01,CC4,DMSO,NA,NA,NA,NA,125.81332377408606,4.876813462541605,29,WT,1
20230413_A02.fsa,NA,NA,NA,129.4099323900453,1096,125.4099323900453,771,35,33,24,116.4099323900453,148.4099323900453,132.4099323900453,130.92444124775054,132.4099323900453,1096,-9,23,5.514508857705238,5.514508857705251,6.601181027366817,7.263971372011573,10.983576642335766,10.983576642335766,-2.5271707028942707,-7.99608,-4.623139158576052,-2.673654916512059,-0.30635538261997386,1.486624869383491,3.0635036496350367,4.534600389863547,6.157575757575758,7.956264501160094,10.15093062605753,13.421194029850746,16.46797235023041,20.860927835051537,0,0,0.6213058419243989,2.025443786982249,3.2967153284671538,4.528849902534113,5.867293625914316,7.342691415313225,8.973663624511083,11.041325536062379,14.258015267175573,17.085955056179774,21.152530120481924,20230413_A02,20230414,A02,CC4,DMSO,NA,NA,NA,NA,125.81332377408606,5.111117473664478,29,WT,1.048044489075201
20230413_A03.fsa,NA,NA,NA,130.35065676358522,1210,125.35065676358522,827,37,29,21,117.35065676358522,145.35065676358522,131.35065676358522,130.38737209654894,131.35065676358522,1210,-8,20,5.036715332963723,5.036715332963716,6.00067763198423,6.58907031479847,10.236363636363636,10.236363636363636,-2.258660508083141,-6.991363636363636,-4.169266055045871,-2.491822827938671,-0.2628778718258765,1.4468354430379755,2.952346570397112,4.325206611570248,5.68663829787234,7.188888888888891,9.093171471927164,11.947188755020079,14.385129310344823,17.997555555555557,0,0,0.5624076029567054,1.9203505355404091,3.144265080713679,4.291239669421488,5.4272340425531915,6.63574074074074,8.048395061728396,9.893474962063735,12.601012658227848,14.953448275862065,18.268453608247423,20230413_A03,20230414,A03,CC4,DMSO,NA,NA,NA,NA,125.81332377408606,4.574048322462886,29,WT,0.9379174244813272
20230413_A05.fsa,NA,NA,NA,138.021437945676,797,132.021437945676,437,36,36,26,122.02143794567601,157.021437945676,139.521437945676,139.44580637498717,139.521437945676,797,-10,25,7.4243684293111585,7.424368429311157,8.206103875725718,8.741816586222027,13.29736511919699,13.29736511919699,-2.786353467561521,-8.629393939393939,-3.6132183908045974,-1.2182857142857142,1.4521891418563926,3.3767759562841535,5.02685069008783,6.629255989911727,8.301101928374655,10.16053962900506,12.46128364389234,15.777272727272727,18.48435754189944,22.766329113924044,0,0.2639165009940358,1.3493870402802104,3.1120218579234975,4.61417816813049,6.044136191677175,7.5006561679790025,9.049107142857142,10.844013490725127,13.024038461538463,16.243589743589745,18.861731843575416,22.9373417721519,20230413_A05,20230414,A05,CC5,DMSO,NA,NA,NA,NA,133.31509680901274,6.130709565974428,29,WT,0.9210102160996083
20230413_A06.fsa,NA,NA,NA,142.46543337336644,959,132.46543337336644,494,37,37,27,108.46543337336644,158.46543337336644,139.38435229228534,140.49739823641775,140.46543337336644,959,-24,26,8.031964863051314,8.031964863051302,8.909778564021229,9.221263032073843,14.70281543274244,14.70281543274244,-3.935995623632385,-21.161964285714287,-2.6319277108433736,-0.38198380566801615,2.048552338530067,3.865380374862184,5.662513661202187,7.436702127659574,9.158289885297185,10.956436781609197,13.217549668874172,16.538268156424582,19.508767772511845,23.670699999999997,0,0.4143200000000001,1.4947570332480822,3.234619625137817,4.89099890230516,6.534347826086957,8.143528183716075,9.714702815432743,11.455150753768844,13.659271523178809,16.910893854748604,19.824881516587677,23.8041,20230413_A06,20230414,A06,CC5,DMSO,NA,NA,NA,NA,133.31509680901274,7.182301427405008,29,WT,1.0789897839003917
20230413_A07.fsa,NA,NA,NA,135.2026365970044,1240,130.2026365970044,978,38,38,26,118.20263659700441,155.2026365970044,136.7026365970044,136.46096923768266,136.7026365970044,1240,-12,25,6.258332640678248,6.258332640678248,7.812235059429806,8.668732077017616,14.748387096774193,14.748387096774193,-3.391690856313498,-10.162429906542055,-6.1425876010781675,-3.7798761609907117,-0.7153374233128833,1.5349397590361455,3.5525311203319507,5.513934426229508,7.520204603580562,9.651660516605167,12.204271356783922,15.768458781362009,18.554599406528187,22.78041666666667,0,0,0.8984331797235023,2.567166666666667,4.184193548387098,5.771475409836066,7.40153452685422,9.104981549815498,11.008529741863077,13.388352272727275,16.676826722338205,19.268771929824556,23.116271186440674,20230413_A07,20230414,A07,CC6,DMSO,NA,NA,NA,NA,130.22101209127123,6.239957146411427,29,WT,0.9026071072429062
20230413_A08.fsa,NA,NA,NA,135.2026365970044,1230,130.2026365970044,808,41,41,29,118.20263659700441,158.2026365970044,138.2026365970044,137.17803450514447,138.2026365970044,1230,-12,28,6.975397908140053,6.975397908140064,8.393224192814916,9.198083936639268,13.935772357723577,13.935772357723577,-3.521346284165349,-10.389814814814814,-5.983775811209439,-3.2933884297520657,-0.03589108910891092,2.1429848078641656,4.071544715447155,5.891231028667791,7.9527027027027035,10.384074941451992,13.113669064748201,17.207253886010363,20.37406015037594,25.251086956521732,0,0.11612394957983202,1.072873345935728,2.76514745308311,4.343333333333334,5.86795952782462,7.5767374517374515,9.523198198198198,11.671103117505996,14.185223367697597,18.155710306406686,21.060714285714287,25.64445652173913,20230413_A08,20230414,A08,CC6,DMSO,NA,NA,NA,NA,130.22101209127123,6.957022413873233,29,WT,1.0063302886016563
20230413_A09.fsa,NA,NA,NA,137.15152078304772,1284,130.15152078304772,971,38,38,27,119.15152078304772,156.15152078304772,137.65152078304772,137.134271577419,137.65152078304772,1284,-11,26,6.982750794371299,6.982750794371312,8.376758965047662,9.348098351597754,15.914330218068535,15.914330218068535,-3.2388820530849007,-9.393333333333333,-5.696170212765957,-3.4372739916550765,-0.41380020597322287,2.036675235646959,4.238565737051793,6.31619937694704,8.433,10.693750000000001,13.199345692475465,16.735761589403975,19.457441253263703,23.513806451612897,0,0.10738317757009354,1.1158547387068203,3.005409836065574,4.763665338645419,6.461993769470405,8.195833333333333,10.037152777777777,11.960759493670889,14.264393939393939,17.590170132325145,20.08726708074534,23.818193548387093,20230413_A09,20230414,A09,CC6,DMSO,NA,NA,NA,NA,130.22101209127123,6.91325948614778,29,WT,1
20230413_A10.fsa,NA,NA,NA,143.5207979931442,1594,141.5207979931442,1551,36,34,21,128.5207979931442,161.5207979931442,145.0207979931442,144.19982039640288,145.0207979931442,1594,-13,20,2.6790224032586707,2.6790224032586556,5.313319755600815,5.851834178347748,9.517565872020075,9.517565872020075,-3.4635818337617823,-11.679856115107913,-7.604783599088838,-5.555408970976253,-3.0694326841659607,-1.2861035422343314,0.3069118579581485,1.8544542032622333,3.4949083503054985,5.2590266875981175,7.378433367243135,10.507487520798671,13.026315789473681,17.5,0,0,0.07958148383005718,1.141154328732748,2.205823293172691,3.3326544467074,4.502172338884867,5.776295133437991,7.256866734486268,9.15647226173542,11.955445544554458,14.295454545454543,18.146428571428572,20230413_A10,20230414,A10,P3,DMSO,NA,NA,NA,NA,141.07336923050724,3.126451165895645,29,"PMS1
delta PE",0.8871003632270973
20230413_A11.fsa,NA,NA,NA,143.3454658518393,1554,141.3454658518393,1483,32,32,21,130.3454658518393,161.3454658518393,145.8454658518393,144.59771810409154,145.8454658518393,1554,-11,20,3.252252252252248,3.2522522522522523,5.315968142055098,5.942408693027468,9.659588159588159,9.659588159588159,-3.0030398986700444,-9.783212121212122,-6.490645161290322,-4.654578313253012,-2.392006525285481,-0.6755900202292644,0.8690811535881962,2.3589659685863875,3.934231041814316,5.684763432237371,7.819164118246688,10.800148367952522,13.270720720720718,17.634609375,0,0,0.11636485580147557,1.2181467181467183,2.288939790575917,3.4039688164422395,4.603626943005182,5.898957497995188,7.437818552497452,9.363636363636365,11.975915221579964,14.306102362204722,18.16844660194175,20230413_A11,20230414,A11,P3,DMSO,NA,NA,NA,NA,141.07336923050724,3.5243488735843016,29,"PMS1
delta PE",1
20230413_A12.fsa,NA,NA,NA,144.3097926290164,1272,141.3097926290164,1169,32,32,21,130.3097926290164,161.3097926290164,145.8097926290164,144.63744635975237,145.8097926290164,1272,-11,20,3.3276537307359604,3.327653730735975,5.444738314429581,6.104409995044949,10.106132075471699,10.106132075471699,-3.104878412651052,-9.881812080536912,-6.638179669030732,-4.744957983193277,-2.4688910696761526,-0.6883661248930704,0.9173775671406004,2.463443396226415,4.050221827861579,5.845000000000001,8.031606905710492,11.065466101694918,13.553885135135133,17.69640350877193,0,0,0.19249605055292257,1.3069182389937108,2.417531446540881,3.547514262428688,4.760869565217392,6.088042328042327,7.661344537815127,9.580030721966207,12.297089947089948,14.597727272727273,18.24678571428571,20230413_A12,20230414,A12,P3,DMSO,NA,NA,NA,NA,141.07336923050724,3.5640771292451348,29,"PMS1
delta PE",1.0112725093587085
20230413_B01.fsa,NA,NA,NA,163.32995818865345,537,157.32995818865345,398,38,38,24,132.32995818865345,180.32995818865345,160.38258976760082,163.31720699004077,161.82995818865345,537,-25,23,5.987248801387324,5.987248801387331,8.197184535346322,8.499388753056234,14.232774674115456,14.232774674115456,-5.359722909450767,-23.935,-6.4784999999999995,-3.2113861386138614,-0.15175879396984893,2.0586206896551738,4.028897338403042,5.874301675977653,7.749618320610687,9.738702928870294,12.047671232876713,15.189406779661018,17.641193181818178,21.223432835820894,0,0.026315789473684306,1.0042283298097254,2.703853955375254,4.325095057034221,5.86219739292365,7.427480916030534,9.04602510460251,10.843822843822846,12.936986301369865,15.877118644067798,18.140624999999996,21.465671641791044,20230413_B01,20230414,B01,P6,DMSO,NA,NA,NA,NA,156.95367332425215,6.363533665788623,29,"PMS1
delta PE",0.9508864095786922
20230413_B02.fsa,NA,NA,NA,162.2745935688757,1031,157.2745935688757,616,42,42,28,143.2745935688757,184.2745935688757,163.7745935688757,164.2310733143447,163.7745935688757,1031,-14,27,6.956479745469011,6.956479745469007,8.25129254019658,8.862137465236392,13.647914645974781,13.647914645974781,-3.658105939004815,-11.76546875,-5.497208121827411,-2.563170731707317,0.5805157593123212,2.7037077426390415,4.501842870999031,6.214847590953786,8.026222222222223,10.024097938144331,12.481219903691816,15.969750000000003,19.040979381443297,24.442911392405055,0,0.19928366762177654,1.2386861313868613,2.964449291166849,4.491367604267702,5.958949416342413,7.480810234541578,9.142427745664738,10.990206185567011,13.319927536231885,16.709850746268657,19.68505154639175,24.759240506329114,20230413_B02,20230414,B02,P6,DMSO,NA,NA,NA,NA,156.95367332425215,7.277399990092562,29,"PMS1
delta PE",1.0874430954691183
20230413_B03.fsa,NA,NA,NA,162.34540077978727,695,157.34540077978727,447,47,47,27,130.34540077978727,183.34540077978727,159.89859226914896,163.64588556084107,160.34540077978727,695,-27,26,6.300484781053797,6.300484781053803,8.486767861400303,8.907036859741503,14.028776978417266,14.028776978417266,-5.321083172147002,-22.88142857142857,-7.780978260869565,-3.72509505703422,-0.15302013422818783,2.1693623639191295,4.132661870503598,5.972551928783383,7.921439749608763,9.972158154859969,12.456944444444446,16.064609053497946,18.99413265306122,23.458382352941182,0,0.1452702702702703,1.141207815275311,2.872472783825817,4.475539568345325,6.009216589861752,7.625195618153365,9.30807248764415,11.159318637274552,13.507894736842106,16.944444444444446,19.714527027027025,23.77279411764706,20230413_B03,20230414,B03,P6,DMSO,NA,NA,NA,NA,156.95367332425215,6.692212236588915,29,"PMS1
delta PE",1
20230413_B04.fsa,NA,NA,NA,158.34310747730737,871,150.34310747730737,512,41,41,27,136.34310747730737,176.34310747730737,156.34310747730737,157.41686434807306,156.34310747730737,871,-14,26,7.073756870765692,7.073756870765691,8.496356896331331,9.166541240216738,14.256027554535017,14.256027554535017,-3.8777003484320556,-11.917272727272728,-6.024025974025974,-2.9048128342245985,0.44156729131175526,2.8149506346967574,4.783453237410073,6.630484988452657,8.458404907975458,10.48512396694215,12.867114093959733,16.254117647058827,18.902409638554214,23.32666666666666,0,0.25962521294718915,1.3487101669195753,3.244358974358975,4.886570743405277,6.457505773672056,7.986222732491388,9.650843060959792,11.494955489614245,13.748854961832063,16.94764705882353,19.452173913043474,23.668405797101443,20230413_B04,20230414,B04,P14,DMSO,NA,NA,NA,NA,150.57864927402295,6.838215074050112,29,"PMS1
delta PE",1
20230413_B05.fsa,NA,NA,NA,158.27230026639577,913,150.27230026639577,608,44,44,28,134.27230026639577,177.27230026639577,155.77230026639577,156.65572747735914,155.77230026639577,913,-16,27,6.383427210963362,6.383427210963359,8.383775622786134,8.956959706959706,14.548740416210295,14.548740416210295,-4.740985411505643,-14.259875000000001,-8.712867647058824,-3.9750684931506846,-0.3105263157894732,2.1239802224969107,4.196655518394649,6.138105975197295,8.050913242009132,10.050897435897438,12.381957186544344,15.657457212713936,18.54478672985781,24.264647887323935,0,0.149266862170088,1.1725699067909456,2.9866501854140917,4.637458193979934,6.242841037204059,7.8192771084337345,9.444888366627497,11.22841530054645,13.355398230088497,16.490634441087614,19.332530120481923,24.69070422535211,20230413_B05,20230414,B05,P14,DMSO,NA,NA,NA,NA,150.57864927402295,6.077078203336185,29,"PMS1
delta PE",0.8886936338691197
20230413_B06.fsa,NA,NA,NA,156.3065572206116,722,150.3065572206116,444,43,43,31,136.3065572206116,181.3065572206116,159.28330140665813,157.79714211032032,159.3065572206116,722,-14,31,7.490584889708714,7.490584889708708,8.723080470371224,9.459061967536543,14.444598337950138,14.444598337950138,-3.4800347222222223,-10.28375,-5.372543352601156,-2.659870550161812,0.590495049504951,2.902975206611572,4.865491923641704,6.698424068767908,8.563556851311953,10.620133111480866,13.077522935779818,16.975403225806453,20.716803278688516,27.228653846153843,0,0.22485148514851494,1.303102189781022,3.1963246554364475,4.866813509544788,6.433237822349571,8.022594752186588,9.706836248012719,11.586654804270465,13.93073394495413,17.869082125603867,21.503879310344825,27.58634615384615,20230413_B06,20230414,B06,P14,DMSO,NA,NA,NA,NA,150.57864927402295,7.218492836297372,29,"PMS1
delta PE",1.0556106759043529
20230413_B08.fsa,NA,NA,NA,128.72546268456642,665,125.72546268456642,503,37,35,23,110.72546268456642,147.72546268456642,130.46831982742356,130.32216132387046,130.72546268456642,665,-15,22,4.596698639304037,4.596698639304037,6.060227526210127,6.553497942386831,9.962406015037594,9.962406015037594,-3.0110142267095,-13.666857142857143,-5.296850393700788,-3.0573705179282866,-0.7669980119284294,0.8513333333333338,2.277293233082707,3.6540880503144653,5.103663003663003,6.862711864406782,9.253939393939396,12.36255707762557,14.934965034965032,20.02528301886792,0,0,0.3766666666666667,1.5698234349919744,2.693233082706767,3.8254716981132075,4.996774193548387,6.383474576271186,8.082840236686392,10.29470198675497,13.160000000000002,15.801075268817204,20.341509433962266,20230413_B08,20230414,B08,CC4,"100 nM
Bran.",NA,NA,NA,NA,125.81332377408606,4.508837549784403,29,WT,0.9245458298572224
20230413_B09.fsa,NA,NA,NA,129.59875161914292,762,125.59875161914292,562,33,30,20,115.59875161914292,144.59875161914292,130.09875161914292,129.99772239300447,130.09875161914292,762,-10,19,4.398970773861549,4.39897077386154,5.659093115836489,6.172565844357049,10.011811023622048,10.011811023622048,-2.6271255060728746,-8.926617647058823,-4.97025,-2.9877192982456138,-0.7298932384341636,0.9805379746835451,2.4183783783783785,3.7867454068241466,5.20233918128655,6.740519877675842,8.540350877192983,10.98056338028169,13.136956521739124,16.98403225806451,0,0,0.4384493670886076,1.683898305084746,2.831486486486487,3.9375328083989505,5.091374269005848,6.332721712538226,7.690737564322471,9.326905829596413,11.671167883211679,13.72950310559006,17.317368421052628,20230413_B09,20230414,B09,CC4,"100 nM
Bran.",NA,NA,NA,NA,125.81332377408606,4.184398618918408,29,WT,0.8580190017638407
20230413_B10.fsa,NA,NA,NA,139.21167344338068,961,132.21167344338068,594,33,32,25,125.21167344338068,156.21167344338068,140.71167344338068,138.98304916275586,140.71167344338068,961,-7,24,6.771375719375186,6.771375719375172,7.3774321731981365,7.9374279345068794,12.536940686784598,12.536940686784598,-2.027968821641449,-6.087391304347826,-3.0448529411764707,-1.2728051391862953,1.017661691542289,2.7779326364692225,4.384221748400853,5.923560209424084,7.459611231101512,9.125575447570334,11.155398230088496,14.493114754098361,17.436633663366337,21.60047058823529,0,0.07796961325966857,0.9763812154696133,2.5572590011614404,4.012473347547975,5.392251308900524,6.749739854318419,8.15609756097561,9.734398976982098,11.717168141592921,15.016015625000001,17.829455445544554,21.787176470588236,20230413_B10,20230414,B10,CC5,"100 nM
Bran.",NA,NA,NA,NA,133.31509680901274,5.667952353743118,29,WT,0.8514906742827437
20230413_B11.fsa,NA,NA,NA,139.05994370571295,879,132.05994370571295,520,34,34,27,125.05994370571295,159.05994370571295,141.58935547041884,138.8547292397752,141.55994370571295,879,-7,27,6.7947855340622425,6.794785534062237,7.3896322348803425,7.9559996569174025,12.263936291240045,12.263936291240045,-2.0051546391752577,-5.880725806451613,-3.0123983739837397,-1.26438679245283,1.0683473389355744,2.847889182058048,4.4113689095127615,5.914857142857143,7.45089058524173,9.126142857142858,11.12857142857143,14.206137184115525,17.06654411764706,23.25901960784313,0,0.10039872408293465,1.026470588235294,2.621108179419525,4.047215777262181,5.393828571428572,6.722980659840728,8.173096446700507,9.734714285714288,11.64871794871795,14.718772563176895,17.588602941176468,23.53745098039216,20230413_B11,20230414,B11,CC5,"100 nM
Bran.",NA,NA,NA,NA,133.31509680901274,5.5396324307624525,29,WT,0.8322133037398246
20230413_B12.fsa,NA,NA,NA,135.87024744274242,1355,131.87024744274242,903,32,32,24,123.87024744274242,154.87024744274242,139.37024744274242,138.48016976080945,139.37024744274242,1355,-8,23,6.609922318067021,6.609922318067007,7.300195396273174,7.891953277092797,12.647232472324724,12.647232472324724,-2.1337654684737775,-6.650152671755725,-3.3362623762376233,-1.5357435197817189,0.7543233082706767,2.492505854800937,4.071308339709258,5.663540885221305,7.378919397697076,9.258159392789375,11.455036855036857,14.50219378427788,16.937601078167116,20.805579710144926,0,0.020300751879699312,0.8892857142857143,2.4101483216237316,3.807084870848709,5.210652663165792,6.652209492635024,8.2624,9.967172675521823,12.07328859060403,14.957586837294333,17.34845360824742,20.986086956521742,20230413_B12,20230414,B12,CC5,"100 nM
Bran.",NA,NA,NA,NA,133.31509680901274,5.165072951796702,29,WT,0.7759436170172614
20230413_C01.fsa,NA,NA,NA,135.8399014952089,1068,130.8399014952089,925,39,39,27,118.83990149520889,156.8399014952089,137.8399014952089,136.04767851499253,137.8399014952089,1068,-12,26,5.207777019783634,5.207777019783647,7.318779846018907,8.184336198662846,13.705056179775282,13.705056179775282,-3.7723789620341344,-11.098307692307692,-7.533827893175074,-5.031556503198294,-1.8534131736526946,0.42742268041237197,2.4679097154072624,4.4344569288389515,6.40546875,8.586501687289092,11.133033033033035,14.761883408071748,17.850373134328354,23.334651162790692,0,0,0.6654639175257733,2.2217860647693817,3.7433078393881463,5.2265246853823815,6.753417968749999,8.445444319460067,10.324869791666668,12.641196013289036,16.00783699059561,18.888274336283185,23.894767441860456,20230413_C01,20230414,C01,CC6,"100 nM
Bran.",NA,NA,NA,NA,130.22101209127123,5.826666423721292,29,WT,0.8428247826363652
20230413_C02.fsa,NA,NA,NA,135.05427863128486,1164,130.05427863128486,973,40,40,28,118.05427863128486,158.05427863128486,137.57927863128486,136.56959849660473,137.55427863128486,1164,-12,28,6.515319865319867,6.515319865319865,8.156565656565656,9.078702015729986,15.493986254295532,15.493986254295532,-3.523310444524756,-10.602857142857143,-6.455072463768116,-3.9047619047619047,-0.803699897225077,1.4896860986547098,3.571059431524548,5.6490909090909085,7.847235238987816,10.185897435897438,12.790454016298021,16.503211991434693,19.62025316455696,24.398245614035076,0,0,0.9035305343511453,2.61520979020979,4.273797250859108,5.976909090909091,7.757731958762887,9.616260162601625,11.648449197860964,13.963421052631581,17.571683673469387,20.417181467181464,24.798333333333336,20230413_C02,20230414,C02,CC6,"100 nM
Bran.",NA,NA,NA,NA,130.22101209127123,6.348586405333492,29,WT,0.9183202826473196
20230413_C03.fsa,NA,NA,NA,135.1217140702483,1083,130.1217140702483,924,44,44,27,104.12171407024829,156.1217140702483,133.80353225206647,135.66037036828607,134.6217140702483,1083,-26,26,5.538656298037779,5.538656298037798,7.980287548602948,8.628498874588793,14.999076638965835,14.999076638965835,-4.724759405074366,-24.426233766233768,-7.692105263157894,-4.630857142857143,-1.4156108597285062,0.9440000000000016,3.1046533713200386,5.172062904717854,7.2611810261374625,9.406412825651305,11.890210656753409,15.333039647577095,18.296896551724135,23.102558139534874,0,0,0.8294358974358975,2.538328530259366,4.183841181902125,5.785198889916744,7.439012584704744,9.110420841683366,10.937735849056605,13.181191222570535,16.463947368421053,19.159151785714283,23.65965116279069,20230413_C03,20230414,C03,CC6,"100 nM
Bran.",NA,NA,NA,NA,130.22101209127123,5.439358277014833,29,WT,0.7868008264283687
20230413_C04.fsa,NA,NA,NA,144.71440526279702,1094,141.71440526279702,979,38,37,24,126.71440526279702,164.71440526279702,146.66035120874295,145.36755043790984,146.71440526279702,1094,-15,23,3.653145175112826,3.653145175112838,5.971147803233731,6.641984070656888,10.591407678244973,10.591407678244973,-3.496983278745044,-11.34576923076923,-7.267100371747212,-5.0935146443514645,-2.5384803921568624,-0.5618998978549534,1.167809523809524,2.801188299817185,4.471868978805395,6.278224852071008,8.616358024691358,12.086086956521738,15.147772277227723,20.249583333333337,0,0,0.2823242187500001,1.507809523809524,2.6867458866544798,3.8872483221476513,5.1163391933815925,6.489467455621302,8.147685185185185,10.307910750507101,13.573539518900345,16.420426829268287,20.919305555555546,20230413_C04,20230414,C04,P3,"100 nM
Bran.",NA,NA,NA,NA,141.07336923050724,4.294181207402602,29,"PMS1
delta PE",1.2184324995712958
20230413_C05.fsa,NA,NA,NA,144.64359805188542,1123,141.64359805188542,990,36,36,23,128.64359805188542,163.64359805188542,146.14359805188542,144.9991665280205,146.14359805188542,1123,-13,22,3.3555684761350903,3.3555684761351023,5.939531687721338,6.592217723796671,10.877114870881567,10.877114870881567,-3.7198295541013544,-11.345760869565218,-7.541365979381443,-5.713567073170732,-3.1021935483870964,-0.9043434343434333,0.9761018609206663,2.693232413178985,4.424953445065177,6.284526315789475,8.461302681992338,11.604516129032259,14.397745901639338,19.076447368421057,0,0,0.3367286973555338,1.6029384756657485,2.802671415850401,4.019739292364991,5.27988047808765,6.642947368421051,8.183397190293743,10.075514018691589,13.024161073825505,15.64754901960784,19.810789473684203,20230413_C05,20230414,C05,P3,"100 nM
Bran.",NA,NA,NA,NA,141.07336923050724,3.9257972975132702,29,"PMS1
delta PE",1.1139071182588944
20230413_C06.fsa,NA,NA,NA,144.8492761407239,1402,140.8492761407239,1228,35,34,23,129.8492761407239,162.8492761407239,146.3492761407239,145.4102236212065,146.3492761407239,1402,-11,22,4.560947480482611,4.560947480482612,6.194552874378992,6.9068535293112285,11.51997146932953,11.51997146932953,-2.9609261939218525,-9.691297709923663,-5.920960698689957,-3.86640826873385,-1.4340234023402338,0.4151029748283757,2.0853237410071945,3.7011412268188306,5.363522992985191,7.230797433547205,9.509875141884223,12.758899082568806,15.315044247787608,19.471333333333334,0,0,0.40221205186880254,1.7097151205259316,2.9769064748201446,4.234623813002192,5.5514419329696025,6.99477234401349,8.681262939958593,10.750198675496689,13.76128364389234,16.06857707509881,19.887249999999995,20230413_C06,20230414,C06,P3,"100 nM
Bran.",NA,NA,NA,NA,141.07336923050724,4.336854390699273,29,"PMS1
delta PE",1.2305406037423996
20230413_C07.fsa,NA,NA,NA,165.224894023526,718,157.224894023526,441,40,40,29,146.224894023526,185.224894023526,165.724894023526,164.89126706911065,165.724894023526,718,-11,28,7.666373045584663,7.666373045584673,8.835719004624533,9.645100394714262,15.231197771587745,15.231197771587743,-3.3049792531120334,-9.489718309859155,-5.240730337078651,-2.6175384615384614,0.6015296367112815,2.9864093959731552,4.99184247538678,6.906993006993007,8.861102831594636,10.996822742474917,13.671269487750557,17.331046931407943,20.48935483870967,25.67256756756757,0,0.2709369024856597,1.3558303886925795,3.315562403697997,5.014406779661018,6.653986013986015,8.29806259314456,10.035785953177257,12.074409448818898,14.583412322274883,18.050216450216453,21.146212121212113,25.938648648648645,20230413_C07,20230414,C07,P6,"100 nM
Bran.",NA,NA,NA,NA,156.95367332425215,7.937593744858503,29,"PMS1
delta PE",1.1860941440949235
20230413_C08.fsa,NA,NA,NA,165.29907300638575,836,157.29907300638575,446,39,39,29,147.29907300638575,185.29907300638575,166.29907300638575,165.2839646636649,166.29907300638575,836,-10,28,7.9848916572791495,7.9848916572791735,8.952753296666888,9.70704845814978,14.748803827751196,14.748803827751196,-3.0801349641501474,-8.629358974358974,-4.560208333333333,-2.0481481481481483,1.1787234042553192,3.424078947368422,5.386989795918368,7.29366028708134,9.128644501278773,11.147457627118646,13.744664031620555,17.4121875,20.259848484848483,25.419253731343282,0,0.3946096654275094,1.544353518821604,3.4647368421052636,5.180867346938776,6.8613026819923375,8.45476772616137,10.12103825136612,12.041796200345424,14.554880694143169,18.01594202898551,20.745959595959594,25.706567164179102,20230413_C08,20230414,C08,P6,"100 nM
Bran.",NA,NA,NA,NA,156.95367332425215,8.330291339412753,29,"PMS1
delta PE",1.244773931984378
20230413_C09.fsa,NA,NA,NA,164.52356545830625,790,157.52356545830625,435,49,44,29,129.52356545830625,185.52356545830625,163.13720182194263,165.25979985729177,164.02356545830625,790,-28,28,7.736234398985516,7.736234398985517,9.436160982446774,9.985795234029341,15.30759493670886,15.307594936708862,-5.023668639053255,-21.135283018867923,-5.982880434782609,-2.810714285714285,0.9050980392156864,3.388905325443788,5.461192052980133,7.385549872122763,9.319787516600266,11.429384615384617,14.004958677685954,17.715181518151816,20.87425,25.729480519480518,0,0.4100980392156864,1.5949740034662045,3.657692307692308,5.423708609271524,7.080818414322251,8.732947232947232,10.463649222065063,12.444425385934823,14.872727272727275,18.468560606060606,21.4929012345679,26.002125000000007,20230413_C09,20230414,C09,P6,"100 nM
Bran.",NA,NA,NA,NA,156.95367332425215,8.306126533039617,29,"PMS1
delta PE",1.2411630473443158
20230413_C10.fsa,NA,NA,NA,158.2790438102921,835,150.2790438102921,472,41,41,30,139.2790438102921,179.2790438102921,159.2790438102921,158.34104053696967,159.2790438102921,835,-11,29,8.061996726677563,8.061996726677577,9.13747954173486,9.88717446936625,14.911377245508982,14.911377245508982,-3.3376676147907354,-9.60576923076923,-4.952222222222222,-2.172897196261682,1.1175496688741728,3.4663394109396926,5.49811320754717,7.382634730538922,9.247741935483871,11.337138508371387,13.916201117318437,17.619565217391305,20.73108108108108,26.34191176470588,0,0.36768642447418737,1.552317880794702,3.555680224403927,5.32805031446541,6.98195302843016,8.584146341463414,10.294052558782848,12.268666666666668,14.74587737843552,18.284014869888477,21.347552447552445,26.63441176470587,20230413_C10,20230414,C10,P14,"100 nM
Bran.",NA,NA,NA,NA,150.57864927402295,7.762391262946721,29,"PMS1
delta PE",1.1351487455262566
20230413_C11.fsa,NA,NA,NA,157.314717033115,751,150.314717033115,430,37,37,28,141.314717033115,177.314717033115,159.314717033115,158.30912419195167,159.314717033115,751,-9,27,7.99440715883668,7.994407158836689,8.857046979865771,9.538156339692723,14.773635153129161,14.773635153129161,-2.900702106318957,-8.188607594936709,-4.18298969072165,-1.6558823529411761,1.3557858376511231,3.4955489614243334,5.385752688172044,7.183195592286501,9.071651090342678,11.195164075993095,13.6875,17.110714285714288,19.814903846153843,24.822058823529407,0,0.33672199170124495,1.4708117443868742,3.362314540059347,5.05483870967742,6.641011984021305,8.26923076923077,10.046835443037974,12.005992509363296,14.362758620689656,17.669285714285714,20.259477124183007,25.057096774193557,20230413_C11,20230414,C11,P14,"100 nM
Bran.",NA,NA,NA,NA,150.57864927402295,7.730474917928717,29,"PMS1
delta PE",1.130481395249556
20230413_C12.fsa,NA,NA,NA,160.34256824257326,845,150.34256824257326,432,37,37,27,140.34256824257326,176.34256824257326,158.34256824257326,158.62081497551893,158.34256824257326,845,-10,26,8.27824673294566,8.278246732945664,9.258800725317327,9.981849241938928,15.62603550295858,15.62603550295858,-3.300084175084175,-8.9407,-4.6709745762711865,-1.9443835616438352,1.4791245791245795,3.8387919463087257,5.842804428044281,7.800606060606061,9.697988165680474,11.730291005291006,14.10715532286213,17.501977401129945,20.312387387387385,24.032659574468077,0,0.5026951672862454,1.7321548821548822,3.779597315436242,5.549446494464945,7.2758787878787885,8.955621301775148,10.65959595959596,12.547330447330449,14.785689354275743,18.062629757785466,20.750225225225222,24.239468085106388,20230413_C12,20230414,C12,P14,"100 nM
Bran.",NA,NA,NA,NA,150.57864927402295,8.042165701495975,29,"PMS1
delta PE",1.1760621177322508
20230413_D01.fsa,NA,NA,NA,129.25483088042938,1466,126.25483088042938,1294,36,29,18,115.25483088042938,143.25483088042938,129.25483088042938,129.19595783365713,129.25483088042938,1466,-11,17,2.9411269532277515,2.941126953227758,4.78350081548903,5.219038817005545,8.59481582537517,8.594815825375171,-2.808179631114675,-9.808857142857143,-6.0020900321543404,-4.184703947368421,-1.9832614322691975,-0.4118238021638322,1.001261387526279,2.3243519781718964,3.6409859154929576,5.065025041736227,6.779820179820181,9.415514018691587,11.626576576576573,15.18359649122807,0,0,0.08243045387994155,1.1073580939032936,2.090586630286494,3.051690140845071,4.0456968773800455,5.128213689482471,6.361838161838162,7.9490729295426465,10.422843822843824,12.46127819548872,15.617017543859653,20230413_D01,20230414,D01,CC4,"200 nM
Bran.",NA,NA,NA,NA,125.81332377408606,3.3826340595710747,29,WT,0.6936156335592498
20230413_D02.fsa,NA,NA,NA,128.49618219209074,1375,125.49618219209074,1085,33,29,18,114.49618219209074,142.49618219209074,128.49618219209074,129.07574327233937,128.49618219209074,1375,-11,17,3.5795610802486237,3.5795610802486113,5.132060942742424,5.551559761654399,9.374545454545455,9.374545454545455,-2.8220355928814236,-9.783545454545454,-5.700778816199377,-3.6316720257234727,-1.3061269146608314,0.36734197730956325,1.7701559020044546,3.098596750369276,4.4394117647058815,5.801594533029614,7.4723358449946184,9.925577557755776,11.908269720101778,15.019380530973445,0,0,0.27674230145867107,1.3964365256124722,2.4461818181818185,3.4911373707533238,4.5422794117647065,5.610478359908884,6.817084078711987,8.38200782268579,10.68343195266272,12.528973509933774,15.365929203539823,20230413_D02,20230414,D02,CC4,"200 nM
Bran.",NA,NA,NA,NA,125.81332377408606,3.2624194982533083,29,WT,0.6689654060610845
20230413_D03.fsa,NA,NA,NA,128.59396357858773,1562,125.59396357858773,1279,34,27,17,115.59396357858773,141.59396357858773,128.59396357858773,128.90426876253423,128.59396357858773,1562,-10,16,3.3103051839464968,3.3103051839464883,4.792119565217392,5.21730937478969,8.51280409731114,8.51280409731114,-2.5518358531317493,-8.808188976377952,-5.332075471698113,-3.557879656160458,-1.4199813258636786,0.1298664792691504,1.4511690046760188,2.69910371318822,3.9701612903225802,5.386305732484078,7.050980392156864,9.445117845117846,11.38351063829787,14.395942028985509,0,0,0.14539704848910762,1.1802271209084838,2.165620998719591,3.122715053763441,4.130419075144509,5.224840764331209,6.467427007299271,7.982788671023966,10.203105590062112,11.952260638297872,14.70586956521739,20230413_D03,20230414,D03,CC4,"200 nM
Bran.",NA,NA,NA,NA,125.81332377408606,3.0909449884481717,29,WT,0.6338042273278363
20230413_D04.fsa,NA,NA,NA,136.10289970716627,676,132.10289970716627,516,36,33,24,104.10289970716627,156.10289970716627,138.55744516171174,137.33144180162213,139.10289970716627,676,-28,24,5.228542094455861,5.228542094455852,6.332238193018481,6.871003173053453,11.121301775147929,11.121301775147929,-2.606692531522793,-7.612,-4.07909604519774,-2.3972602739726026,-0.22093023255813948,1.4235474006116213,2.8857566765578637,4.335356600910471,5.846761453396525,7.553435114503818,9.657957244655584,12.762295081967213,15.297297297297293,20.357894736842113,0,0,0.5204116638078904,1.8253822629969423,3.046153846153847,4.264946889226101,5.529225908372828,6.88824531516184,8.496328293736502,10.470655270655271,13.468932038834954,15.819594594594589,20.764736842105254,20230413_D04,20230414,D04,CC5,"200 nM
Bran.",NA,NA,NA,NA,133.31509680901274,4.01634499260939,29,WT,0.603371392783604
20230413_D05.fsa,NA,Low,NA,135.18240596531538,469,132.18240596531538,342,28,28,21,125.18240596531538,152.18240596531538,138.68240596531538,137.5165416656313,138.68240596531538,469,-7,20,5.334135700315926,5.334135700315932,6.2232586129080785,6.829836415362731,10.991471215351812,10.991471215351812,-2.1648351648351647,-6.828360655737705,-3.924869109947644,-2.325974025974026,-0.10409356725146168,1.5936170212765965,3.0509635974304072,4.474304068522484,5.923348017621145,7.605205479452056,9.71808118081181,12.686096256684493,14.844160583941605,18.415531914893613,0,0,0.5830687830687831,1.9569739952718679,3.161027837259101,4.365310492505354,5.585903083700441,6.915403422982884,8.499386503067486,10.523265306122449,13.275949367088607,15.301010101010098,18.6331914893617,20230413_D05,20230414,D05,CC5,"200 nM
Bran.",NA,NA,NA,NA,133.31509680901274,4.201444856618565,29,WT,0.6311787556861396
20230413_D06.fsa,NA,Low,NA,137.21895622201114,457,132.21895622201114,291,31,31,22,122.21895622201114,153.21895622201114,138.18669815749502,137.97945696323995,138.21895622201114,457,-10,21,5.76050074122881,5.7605007412287925,6.610113655081535,7.113279030119341,10.551422319474836,10.551422319474836,-2.38134810710988,-8.268125,-3.753515625,-1.8109649122807017,0.389317507418398,2.0559907834101385,3.4517162471395886,4.8041575492341355,6.219946091644204,7.995924764890284,10.262348178137653,13.46241610738255,15.86116071428571,19.191842105263156,0,0,0.7029673590504453,2.11705069124424,3.3311212814645312,4.515536105032822,5.702981651376147,7.085893416927899,8.812027491408935,10.903643724696359,13.993959731543626,16.261413043478257,19.400263157894738,20230413_D06,20230414,D06,CC5,"200 nM
Bran.",NA,NA,NA,NA,133.31509680901274,4.664360154227211,29,WT,0.700722046507255
20230413_D07.fsa,NA,NA,NA,134.40015487333955,1361,130.40015487333955,1142,38,37,25,118.40015487333955,154.40015487333955,136.40015487333955,135.0118600876312,136.40015487333955,1361,-12,24,4.611705214291646,4.611705214291636,6.657796568017906,7.390670870936175,12.515062454077883,12.515062454077883,-3.590631364562118,-10.888658536585366,-7.1793010752688176,-4.835139092240117,-1.872762271414822,0.29197431781701544,2.15483870967742,3.9448934606906683,5.728667163067759,7.625270157938488,9.883282674772039,13.289843750000001,16.137847222222216,21.074423076923075,0,0,0.5597110754414126,1.9749244712990937,3.3476855253490085,4.7002207505518765,6.068672839506173,7.525685785536159,9.18115501519757,11.285597826086958,14.47744874715262,17.164377682403426,21.625576923076917,20230413_D07,20230414,D07,CC6,"200 nM
Bran.",NA,NA,NA,NA,130.22101209127123,4.7908479963599575,29,WT,0.6929940943138999
20230413_D08.fsa,NA,NA,NA,133.44594341200693,1382,130.44594341200693,1133,36,35,23,118.44594341200693,152.44594341200693,135.44594341200693,135.00344688876532,135.44594341200693,1382,-12,22,4.557503476758399,4.557503476758397,6.586413249610182,7.3670808491669915,11.986251808972504,11.986251808972504,-3.481127982646421,-10.603591549295775,-6.909694989106754,-4.7773039889958735,-1.9693171188026188,0.16507293354943356,2.012011577424024,3.741899852724594,5.572545889864325,7.611336405529955,10.036138613861386,13.484180790960453,16.1810294117647,19.926166666666667,0,0,0.5362236628849271,1.9218702865761692,3.2276141384388812,4.571494252873563,5.9860335195530725,7.555944700460828,9.317152466367714,11.525905292479111,14.664410480349346,17.03817204301075,20.353412698412697,20230413_D08,20230414,D08,CC6,"200 nM
Bran.",NA,NA,NA,NA,130.22101209127123,4.782434797494091,29,WT,0.6917771287301945
20230413_D09.fsa,NA,NA,NA,134.41027018918405,1123,130.41027018918405,969,36,36,24,118.41027018918405,153.41027018918405,135.91027018918405,134.98037129655046,135.91027018918405,1123,-12,23,4.570101107366412,4.570101107366394,6.721954742416948,7.507554417413572,12.909171861086376,12.909171861086376,-3.6520673312632783,-10.855244755244755,-7.2859237536656885,-5.095505617977528,-2.1146732429099875,0.1101278269419868,2.073909171861087,3.923419412288513,5.785650224215246,7.755778894472362,10.063945578231294,13.435064935064934,16.25551470588235,20.541739130434784,0,0,0.5830875122910523,2.043633125556545,3.434550311665183,4.831390134529149,6.238489871086556,7.738693467336683,9.423305588585018,11.516616314199396,14.654639175257733,17.24229074889868,20.989565217391306,20230413_D09,20230414,D09,CC6,"200 nM
Bran.",NA,NA,NA,NA,130.22101209127123,4.759359205279225,29,WT,0.6884392542787721
20230413_D10.fsa,NA,NA,NA,145.90801253244982,692,140.90801253244982,551,35,33,23,130.90801253244982,162.90801253244982,146.90801253244982,145.57012410115067,146.90801253244982,692,-10,22,4.662111568700851,4.662111568700861,6.122613253463123,6.796272266131886,11.25,11.25,-2.828861493836113,-8.761518987341772,-5.565296803652968,-3.6155619596541784,-1.1387351778656125,0.7355263157894748,2.355197657393851,3.9221732745961817,5.502954898911353,7.264716636197442,9.327111111111114,12.174901960784315,14.789542483660124,19.357500000000005,0,0,0.4879934210526316,1.8066165413533835,3.053010279001469,4.293063583815029,5.557542768273716,6.932450331125827,8.500770712909443,10.350000000000001,13.050738916256158,15.596564885496182,19.81729166666667,20230413_D10,20230414,D10,P3,"200 nM
Bran.",NA,NA,NA,NA,141.07336923050724,4.496754870643429,29,"PMS1
delta PE",1.2759108226621672
20230413_D12.fsa,NA,NA,NA,144.5862779287665,1230,141.5862779287665,1119,37,37,23,126.58627792876649,163.5862779287665,145.55925090173946,145.57601951442427,145.5862779287665,1230,-15,22,3.9897415856577823,3.98974158565776,6.118509110448928,6.776016765996463,11.413821138211382,11.413821138211382,-3.4470811580446132,-12.046338028169014,-6.941784702549575,-4.6932389937106915,-2.095805739514349,-0.16058981233243896,1.5345424567188792,3.210241465445462,4.965377855887523,6.844919278252612,9.085263157894738,12.286708860759497,14.944984326018808,19.56722772277227,0,0,0.3346185397867105,1.5901071723000828,2.837154471544716,4.110369068541301,5.460196779964222,6.8769230769230765,8.51528735632184,10.515994020926758,13.47421875,15.943774319066145,20.088404255319155,20230413_D12,20230414,D12,P3,"200 nM
Bran.",NA,NA,NA,NA,141.07336923050724,4.502650283917035,29,"PMS1
delta PE",1.2775835893163976
20230413_E01.fsa,NA,NA,NA,163.18834376683023,511,157.18834376683023,310,37,37,27,140.18834376683023,183.18834376683023,164.99915457764104,165.2235650416983,165.18834376683023,511,-17,26,8.035221274868064,8.035221274868046,9.09551360129923,9.768028707026277,15.906066536203522,15.906066536203522,-3.4294156270518714,-9.84983606557377,-4.788571428571428,-1.893333333333333,1.1808411214953274,3.4082644628099183,5.398825831702545,7.356,9.36644880174292,11.592575406032484,14.128313253012049,17.542241379310344,20.279432624113475,24.237377049180328,0,0.3295945945945946,1.4296728971962618,3.3776859504132233,5.132485322896282,6.841200000000001,8.574747474747475,10.442824601366743,12.479134860050893,14.859036144578313,18.081621621621622,20.709574468085105,24.436229508196725,20230413_E01,20230414,E01,P6,"200 nM
Bran.",NA,NA,NA,NA,156.95367332425215,8.269891717446143,29,"PMS1
delta PE",1.2357485723826036
20230413_E02.fsa,NA,NA,NA,162.88825606344292,509,156.88825606344292,269,39,39,27,139.88825606344292,182.88825606344292,163.6574868326737,164.18069005501158,163.88825606344292,509,-17,26,7.292433991568657,7.292433991568671,8.631905924118039,9.257190764865213,14.231827111984282,14.231827111984282,-3.945751633986928,-14.983333333333333,-5.464423076923077,-2.558454106280193,0.8192192192192193,3.078980891719746,4.9427419354838715,6.719367588932807,8.552421052631578,10.579611650485438,12.981471389645776,16.505820105820106,19.41491228070175,24.07423076923077,0,0.35630630630630633,1.4536649214659687,3.3070063694267517,4.905040322580645,6.433201581027668,7.9828973843058355,9.648444444444443,11.55733695652174,13.799348534201956,17.19235294117647,19.967982456140348,24.31673076923077,20230413_E02,20230414,E02,P6,"200 nM
Bran.",NA,NA,NA,NA,156.95367332425215,7.227016730759431,29,"PMS1
delta PE",1.0799144550805684
20230413_E03.fsa,NA,NA,NA,164.361720404794,595,157.361720404794,306,39,39,29,147.361720404794,185.361720404794,166.361720404794,165.44949711316744,166.361720404794,595,-10,28,8.08777670837344,8.087776708373436,8.988450433108758,9.677211737754991,14.40672268907563,14.40672268907563,-3.0601700457815566,-8.713559322033898,-4.223404255319149,-1.6996197718631174,1.426858513189449,3.6422924901185776,5.544982698961938,7.3073005093378605,9.130434782608695,11.181425485961125,13.7090395480226,17.275362318840582,20.518018018018015,25.446666666666665,0,0.41064690026954187,1.5748201438848923,3.522529644268775,5.2285467128027685,6.791260504201681,8.362099644128113,10.058989898989898,11.973866090712745,14.416470588235295,17.86618357487923,21.068918918918918,25.718444444444447,20230413_E03,20230414,E03,P6,"200 nM
Bran.",NA,NA,NA,NA,156.95367332425215,8.495823788915288,29,"PMS1
delta PE",1.2695090186269542
20230413_E04.fsa,NA,Low,NA,158.40717114432266,396,150.40717114432266,242,36,36,25,136.40717114432266,174.40717114432266,156.79606003321155,158.12098238152166,156.90717114432266,396,-14,24,7.713811237198996,7.713811237199003,8.823415444229173,9.52327064073956,14.843434343434344,14.843434343434344,-3.3576214405360134,-10.43,-4.8870000000000005,-2.143558282208589,0.9624521072796934,3.4147692307692314,5.511827956989248,7.393939393939394,9.252941176470587,11.214035087719301,13.512547528517112,16.649019607843137,18.92426470588235,22.36958333333333,0,0.27471264367816106,1.449097472924188,3.534769230769231,5.3607526881720435,7.011616161616162,8.608247422680412,10.274054054054053,12.052664576802508,14.259166666666667,17.14390243902439,19.31344537815126,22.567916666666665,20230413_E04,20230414,E04,P14,"200 nM
Bran.",NA,NA,NA,NA,150.57864927402295,7.542333107498706,29,"PMS1
delta PE",1.1029681029075271
20230413_E05.fsa,NA,Low,NA,156.47177404607203,489,150.47177404607203,255,36,36,27,141.47177404607203,176.47177404607203,158.97177404607203,158.34733991954852,158.97177404607203,489,-9,26,7.875565873476489,7.875565873476495,8.750319210679049,9.41820094687007,14.550102249488752,14.550102249488752,-2.976303317535545,-8.223584905660378,-4.19375,-1.7222222222222219,1.4110787172011663,3.607865168539327,5.468302658486708,7.24012474012474,9.040339702760084,10.945727482678986,13.259868421052632,16.700520833333336,19.572314049586772,23.741489361702133,0,0.3962025316455697,1.552186588921283,3.4894382022471913,5.153783231083845,6.713168724279836,8.29350104821803,9.898938428874734,11.696019900497514,13.925,17.27080745341615,19.9900826446281,23.95659574468084,20230413_E05,20230414,E05,P14,"200 nM
Bran.",NA,NA,NA,NA,150.57864927402295,7.768690645525567,29,"PMS1
delta PE",1.1360699482832084
20230413_E06.fsa,NA,NA,NA,157.40238310376745,515,150.40238310376745,261,39,39,30,141.40238310376745,179.40238310376745,160.40238310376745,158.86820924842573,160.40238310376745,515,-9,29,8.46582614465828,8.465826144658262,9.245078522450786,9.926977436151748,14.662135922330098,14.662135922330098,-2.8480194017784966,-8.0316,-3.779432624113475,-1.314912280701754,1.7353424657534249,4.005316973415134,5.81761252446184,7.576998050682262,9.394491525423728,11.462755102040818,13.942261904761905,17.849999999999998,21.228125,26.664782608695646,0,0.46963696369636965,1.6646575342465755,3.7116945107398567,5.385127201565559,6.95611650485437,8.540918163672655,10.239359267734553,12.218037135278514,14.610416666666667,18.499310344827588,21.736458333333324,26.87695652173913,20230413_E06,20230414,E06,P14,"200 nM
Bran.",NA,NA,NA,NA,150.57864927402295,8.289559974402778,29,"PMS1
delta PE",1.212240311928807
20230413_E07.fsa,NA,NA,NA,127.79485362687099,1254,125.79485362687099,1160,37,28,18,115.79485362687099,142.79485362687097,129.29485362687097,128.97778193058275,129.29485362687097,1254,-10,16.999999999999986,3.182928303711762,3.182928303711756,4.755652279047266,5.245665894383628,8.981658692185007,8.981658692185007,-2.5087753134040502,-8.757614678899083,-5.376635514018691,-3.692920353982301,-1.6883765609990393,-0.19172413793103393,1.1617224880382777,2.489448051948045,3.836897959183659,5.2717370892018645,6.979487179487165,9.526538461538449,11.512341772151881,14.97895652173911,0,0,0.07461350691619209,1.0912280701754387,2.0909902597402588,3.1075918367346795,4.136051502145909,5.230234741784024,6.481493868450377,8.080830670926504,10.37303102625297,12.208628318584056,15.42033333333332,20230413_E07,20230414,E07,CC4,"300 nM
Bran.",NA,NA,NA,NA,125.81332377408606,3.1644581564966927,29,WT,0.6488782441244945
20230413_E08.fsa,NA,NA,NA,128.75918040404815,1618,125.75918040404815,1418,37,27,18,116.75918040404815,142.75918040404815,129.75918040404815,129.15963957098813,129.75918040404815,1618,-9,17,3.4004591669399815,3.40045916693998,4.890877571100595,5.363134925445508,9.19653893695921,9.19653893695921,-2.5395178029698227,-8.290254777070064,-5.421753246753246,-3.6545098039215684,-1.480333333333333,0.08787688442211096,1.421892393320965,2.741347342398023,4.09561170212766,5.552533904354034,7.246315789473685,9.662278106508877,11.717710843373492,15.054297520661162,0,0,0.14560301507537693,1.1790970933828078,2.1992583436341167,3.225318066157761,4.287234042553191,5.412419700214132,6.6612800000000005,8.201779755283649,10.473567467652497,12.397142857142857,15.454710743801645,20230413_E08,20230414,E08,CC4,"300 nM
Bran.",NA,NA,NA,NA,125.81332377408606,3.3463157969020756,29,WT,0.6861685037996319
20230413_E09.fsa,NA,NA,NA,129.70327654953624,1494,125.70327654953624,1222,36,28,19,116.70327654953624,143.70327654953624,130.20327654953624,129.17589008765353,130.20327654953624,1494,-9,18,3.4726135381172867,3.472613538117276,4.988862330264965,5.499371983869902,9.12516733601071,9.12516733601071,-2.5889197638068775,-8.328560606060606,-5.403364269141531,-3.7071146245059285,-1.5623485554520036,0.10345080763583006,1.5244194229415908,2.8707827260458836,4.196501049685095,5.6245038167938946,7.3108190091001015,9.731317829457366,11.941763005780343,15.847829457364346,0,0,0.21343612334801762,1.3106263194933145,2.3597165991902838,3.377376171352075,4.4076277116864935,5.50854961832061,6.7445586975149965,8.277490774907749,10.57913223140496,12.759742647058824,16.257300000000004,20230413_E09,20230414,E09,CC4,"300 nM
Bran.",NA,NA,NA,NA,125.81332377408606,3.36256631356747,29,WT,0.6895007035629022
20230413_E10.fsa,NA,NA,NA,134.34620652216879,583,132.34620652216879,511,32,32,21,121.34620652216879,152.34620652216879,136.84620652216879,136.32257655736234,136.84620652216879,583,-11,20,3.976370035193554,3.9763700351935642,5.500502765208648,6.102136613790871,9.596912521440823,9.596912521440823,-2.6487549148099605,-9.661,-5.475641025641026,-3.526618705035971,-1.399145299145299,0.17157894736842194,1.5547169811320756,2.96229802513465,4.51358024691358,6.326208651399493,8.462804878048782,11.357345971563984,13.767187499999995,18.373636363636354,0,0,0.18736842105263166,1.2651801029159522,2.340035906642729,3.476571428571429,4.705761316872428,6.111450381679388,7.708707124010554,9.592079207920793,12.257317073170732,14.679310344827583,18.77772727272728,20230413_E10,20230414,E10,CC5,"300 nM
Bran.",NA,NA,NA,NA,133.31509680901274,3.0074797483495956,29,WT,0.4518106008994083
20230413_E11.fsa,NA,NA,NA,134.2855146271017,823,132.2855146271017,675,33,30,21,123.28551462710169,152.2855146271017,137.7855146271017,136.64315864482694,137.7855146271017,823,-9,20,4.357644017725249,4.357644017725258,5.518833087149187,6.104188063448591,9.647630619684083,9.647630619684083,-2.2919096209912535,-7.995616438356165,-4.57489539748954,-2.847058823529412,-0.8557037037037035,0.6226600985221682,1.9438639125151886,3.328785811732606,4.831504922644163,6.519800332778704,8.599553571428572,11.572241992882564,13.873891625615759,17.840563380281687,0,0,0.2479064039408867,1.3227217496962334,2.4006281407035184,3.544611186903138,4.763009845288327,6.094509151414309,7.631368821292777,9.586000000000002,12.355327868852461,14.474695121951218,18.173518518518517,20230413_E11,20230414,E11,CC5,"300 nM
Bran.",NA,NA,NA,NA,133.31509680901274,3.3280618358141965,29,WT,0.49997131940614226
20230413_E12.fsa,NA,NA,NA,135.0643939471294,989,132.0643939471294,780,30,27,19,124.06439394712939,150.0643939471294,137.0643939471294,136.11864034915374,137.0643939471294,989,-8,18,4.054246402024347,4.054246402024355,5.221255733038115,5.729679562329035,9.34984833164813,9.34984833164813,-2.313166144200627,-7.482342342342342,-4.714236111111111,-2.9630952380952382,-0.8471794871794869,0.651348435814456,1.9816475495307615,3.2747603833865813,4.6462901439645625,6.108344733242136,7.954517133956387,10.531147540983607,12.62207792207792,16.19386666666667,0,0,0.2627831715210357,1.3547445255474453,2.4093023255813955,3.4679446219382326,4.580287929125139,5.744341801385682,7.110903426791278,8.79718309859155,11.218927444794952,13.18863636363636,16.515199999999997,20230413_E12,20230414,E12,CC5,"300 nM
Bran.",NA,NA,NA,NA,133.31509680901274,2.8035435401409927,29,WT,0.42117347330896004
20230413_F01.fsa,NA,NA,NA,133.85055604578753,807,130.85055604578753,737,32,32,20,118.85055604578753,149.85055604578753,134.35055604578753,133.67292446684016,134.35055604578753,807,-12,19,2.82236842105263,2.822368421052632,5.740274599542334,6.3074167720185415,10.762081784386618,10.762081784386616,-3.9017020462803593,-11.351067961165048,-8.27829457364341,-6.267458432304037,-3.5632258064516127,-1.4252148997134664,0.47227979274611476,2.2627013630731105,4.015856777493606,5.881907433380085,8.061844484629297,10.972058823529414,13.439999999999998,16.975087719298248,0,0,0.2748704663212436,1.4998716302952504,2.6934324659231725,3.8872313527180786,5.109396914446003,6.461380323054332,7.972287145242071,9.785921325051762,12.42621722846442,14.539361702127657,17.532658227848096,20230413_F01,20230414,F01,CC6,"300 nM
Bran.",NA,NA,NA,NA,130.22101209127123,3.4519123755689236,29,WT,0.49931763482704233
20230413_F02.fsa,NA,NA,NA,133.09190735744886,1001,130.09190735744886,939,35,35,22,117.09190735744886,151.09190735744886,134.09190735744886,133.39033728799225,134.09190735744886,1001,-13,21,3.298429930543392,3.2984299305433957,5.947819996497986,6.58803959078433,11.010989010989011,11.010989010989011,-3.7520251281203505,-11.701478260869566,-8.008639705882352,-5.768798449612403,-3.0005738880918216,-0.9681576144834921,0.833367875647669,2.5809190809190805,4.387125416204217,6.377683956574187,8.597714285714288,11.660762331838566,14.226844262295078,18.573917525773194,0,0,0.2728497409326426,1.5155509783728116,2.731168831168832,3.9875132275132277,5.341391509433962,6.7765983112183354,8.340142857142858,10.255909943714823,13.002405498281787,15.36730769230769,19.13383561643836,20230413_F02,20230414,F02,CC6,"300 nM
Bran.",NA,NA,NA,NA,130.22101209127123,3.1693251967210188,29,WT,0.4584415214084545
20230413_F03.fsa,NA,NA,NA,134.12029780164127,948,130.12029780164127,879,33,33,21,118.12029780164127,150.12029780164127,134.12029780164127,133.52951524673873,134.12029780164127,948,-12,20,3.409217445097454,3.4092174450974326,5.911784720074235,6.560170672239638,11.113924050632912,11.113924050632912,-3.63794964028777,-11.229716981132075,-7.705445544554455,-5.544624746450304,-2.8503311258278146,-0.8083048919226389,0.9977973568281946,2.7419181034482767,4.488054607508532,6.385161290322583,8.658646616541354,11.698581560283689,14.133403361344532,18.003846153846148,0,0,0.29669603524229077,1.550539956803456,2.7890086206896556,4.005233219567691,5.315668202764977,6.715354838709677,8.339548872180453,10.245490196078434,12.962146892655367,15.146315789473682,18.518241758241757,20230413_F03,20230414,F03,CC6,"300 nM
Bran.",NA,NA,NA,NA,130.22101209127123,3.3085031554674913,29,WT,0.4785735530536352
20230413_F04.fsa,NA,NA,NA,141.32914622683253,1075,141.32914622683253,1075,35,34,21,128.32914622683253,161.32914622683253,144.82914622683253,144.4046953597805,144.82914622683253,1075,-13,20,3.0755491329479696,3.0755491329479767,5.515780346820809,6.111933547166708,10.310697674418604,10.310697674418604,-3.3957528957528957,-11.5125,-7.348122866894197,-5.261044176706827,-2.765294771968854,-0.9544186046511617,0.6604127579737342,2.3005725190839694,3.9679611650485427,5.7765607886089825,7.895348837209303,10.945175438596493,13.549800796812743,17.639999999999993,0,0,0.13217636022514087,1.2761633428300097,2.432919847328245,3.603495145631068,4.8173076923076925,6.146938775510203,7.652842377260983,9.52822299651568,12.326265822784812,14.69927184466019,18.20546666666666,20230413_F04,20230414,F04,P3,"300 nM
Bran.",NA,NA,NA,NA,141.07336923050724,3.3313261292732648,29,"PMS1
delta PE",0.9452316580353947
20230413_F05.fsa,NA,NA,NA,142.4822922331073,643,141.4822922331073,634,37,34,21,125.4822922331073,161.4822922331073,144.89405693898965,144.33355961647845,144.9822922331073,643,-16,20,2.8512673833711517,2.851267383371141,5.428050103560508,5.917383335683068,10.031104199066874,10.031104199066874,-3.549728260869565,-11.659824561403509,-7.704569892473118,-5.549346405228758,-2.8952380952380947,-1.00758377425044,0.5841368584758945,2.1776212832550863,3.7839486356340277,5.516909090909092,7.568275862068966,10.527099236641222,13.131751824817513,17.59290909090909,0,0,0.11710730948678082,1.223696682464455,2.3410015649452274,3.4626003210272875,4.629411764705882,5.888727272727273,7.338160919540231,9.169470404984425,11.868750000000002,14.308796296296293,18.18340909090909,20230413_F05,20230414,F05,P3,"300 nM
Bran.",NA,NA,NA,NA,141.07336923050724,3.260190385971214,29,"PMS1
delta PE",0.9250475769884734
20230413_F07.fsa,NA,NA,NA,163.64353297983342,651,156.64353297983342,332,43,42,28,140.64353297983342,183.64353297983342,163.00067583697628,164.25992100114522,163.14353297983342,651,-16,27,7.616388021311792,7.616388021311777,8.779717067793497,9.330266596968112,13.692780337941628,13.692780337941628,-3.8306110102843314,-12.908095238095239,-4.7796992481203,-1.8212014134275616,1.2654788418708243,3.493916349809887,5.368810289389068,7.070202808112325,8.81153212520593,10.741947565543073,13.068617021276598,16.41872340425532,19.562096774193545,24.552333333333337,0,0.3611111111111111,1.4888641425389757,3.4334600760456278,5.105305466237943,6.614439324116744,8.106260296540363,9.716262975778546,11.52540650406504,13.771276595744682,16.980851063829785,20.112980769230766,24.772500000000004,20230413_F07,20230414,F07,P6,"300 nM
Bran.",NA,NA,NA,NA,156.95367332425215,7.306247676893065,29,"PMS1
delta PE",1.0917537308435887
20230413_F08.fsa,NA,Low,NA,163.64353297983342,366,156.64353297983342,178,36,36,26,131.64353297983342,181.64353297983342,163.64353297983342,164.330520852662,164.14353297983342,366,-25,25,7.686987872828581,7.686987872828581,8.79285480170436,9.347462353597322,13.69672131147541,13.69672131147541,-3.74472807991121,-11.879999999999999,-4.430526315789473,-1.7621621621621617,1.4736000000000002,3.632298136645964,5.457062146892656,7.146067415730337,8.900588235294117,10.829054054054057,13.14107142857143,16.455813953488374,19.360240963855418,23.682439024390245,0,0.4524875621890548,1.6356000000000002,3.5335403726708075,5.162994350282486,6.660109289617487,8.169117647058824,9.771601208459215,11.60253623188406,13.786607142857143,17.019266055045872,19.795783132530115,23.85878048780487,20230413_F08,20230414,F08,P6,"300 nM
Bran.",NA,NA,NA,NA,156.95367332425215,7.376847528409854,29,"PMS1
delta PE",1.102303284417337
20230413_F10.fsa,NA,NA,NA,158.34310747730737,536,150.34310747730737,308,36,36,27,141.34310747730737,176.34310747730737,158.84310747730737,157.8801837484938,158.84310747730737,536,-9,26,7.537076271186436,7.537076271186441,8.435169491525423,9.143602183141299,14.382462686567164,14.382462686567164,-2.820359281437126,-7.9013333333333335,-4.296296296296296,-1.9691119691119692,1.0501253132832085,3.218295218295219,5.078947368421053,6.851782363977486,8.637596899224807,10.568627450980394,12.829015544041454,16.35,19.2016806722689,23.554166666666667,0,0.28561643835616446,1.3796992481203008,3.2432432432432434,4.875475285171103,6.425891181988743,7.967350746268657,9.586693548387096,11.376760563380284,13.54920634920635,16.9475,19.703781512605037,23.80312499999999,20230413_F10,20230414,F10,P14,"300 nM
Bran.",NA,NA,NA,NA,150.57864927402295,7.301534474470856,29,"PMS1
delta PE",1.0677544352442152
20230413_F11.fsa,NA,NA,NA,156.21551937801098,685,150.21551937801098,419,36,36,25,139.21551937801098,174.21551937801098,156.71551937801098,157.12337982357636,156.71551937801098,685,-11,24,6.907860445565376,6.907860445565364,8.061118116855821,8.742806638515173,13.865693430656934,13.865693430656934,-3.2186766776161426,-9.693076923076923,-5.087171052631579,-2.512861736334405,0.5050916496945014,2.6714046822742485,4.493353028064993,6.246189024390244,8.06829268292683,10.065589353612168,12.442013129102845,15.680212014134275,18.33285714285714,22.110365853658536,0,0.1836048879837068,1.1987155963302754,2.9725752508361207,4.506499261447564,5.998832116788321,7.553598774885145,9.192096219931273,11.044556451612905,13.217412935323384,16.33625,18.822,22.319146341463412,20230413_F11,20230414,F11,P14,"300 nM
Bran.",NA,NA,NA,NA,150.57864927402295,6.544730549553407,29,"PMS1
delta PE",0.9570817060711603
20230413_F12.fsa,NA,NA,NA,156.14471216709936,572,150.14471216709936,435,35,35,25,140.14471216709936,174.14471216709936,157.14471216709936,156.74758251016434,157.14471216709936,572,-10,24,6.6028703430649784,6.602870343064976,7.707166027720437,8.39441817552762,14.15909090909091,14.159090909090908,-2.8998451213216314,-9.077636363636364,-4.841369047619048,-2.509507042253521,0.1995910020449899,2.195936395759718,3.995044247787611,5.80506993006993,7.689015151515151,9.732572614107886,12.092011019283749,15.297402597402597,17.867543859649118,22.00482142857143,0,0,0.8836400817995912,2.5215547703180214,4.056498194945849,5.602097902097903,7.184659090909091,8.873199999999999,10.696320346320348,12.91955922865014,15.947619047619048,18.41299212598425,22.273035714285715,20230413_F12,20230414,F12,P14,"300 nM
Bran.",NA,NA,NA,NA,150.57864927402295,6.168933236141385,29,"PMS1
delta PE",0.9021262375252659
