exp,drug_conc,Elapsed,mean_conf,std_dev,number,upper,lower
Branaplam,0,0,13.067319555555557,3.303370721254014,18,14.593398969566472,11.541240141544641
Branaplam,0,2,14.964336333333334,3.9121517836149966,18,16.771658249413804,13.157014417252862
Branaplam,0,4,16.349342,4.599767772193211,18,18.474326295952757,14.224357704047243
Branaplam,0,6,17.50174227777778,5.362216007160208,18,19.97895968766647,15.02452486788909
Branaplam,0,8,18.381115611111113,5.343653339450313,18,20.849757506032944,15.912473716189282
Branaplam,0,10,19.192892222222223,5.460066735079727,18,21.715314362104788,16.67047008233966
Branaplam,0,12,19.72659722222222,4.672205551380489,18,21.885046064828224,17.56814837961622
Branaplam,0,14,21.24174111111111,5.49555215363767,18,23.780556677989445,18.702925544232777
Branaplam,0,16,22.555687222222222,6.549288399461969,18,25.58130409850344,19.530070345941002
Branaplam,0,18,23.99052111111111,6.939097598311528,18,27.19622064960427,20.78482157261795
Branaplam,0,20,25.425174444444444,7.301883519872053,18,28.798472527970517,22.05187636091837
Branaplam,0,22,27.44540111111111,7.672977762313886,18,30.990135988093254,23.900666234128966
Branaplam,0,24,29.155047777777778,7.417286717981698,18,32.58165941882043,25.728436136735127
Branaplam,0,26,31.43870888888889,7.583031699798678,18,34.941890804983956,27.935526972793827
Branaplam,0,28,33.87066333333333,8.324617893269407,18,37.71644059190354,30.024886074763124
Branaplam,0,30,36.13600611111111,9.4130593127184,18,40.48461765131089,31.787394570911324
Branaplam,0,32,38.551470555555554,9.631992745580295,18,43.00122418155867,34.10171692955244
Branaplam,0,34,41.642585555555556,9.90067116432382,18,46.21646227836866,37.06870883274245
Branaplam,0,36,44.507508888888886,10.162928877011721,18,49.20254249364791,39.81247528412986
Branaplam,0,38,47.36982,10.041951710334706,18,52.008965005140666,42.73067499485933
Branaplam,0,40,50.88323944444444,10.49717609011472,18,55.73268738357565,46.03379150531323
Branaplam,0,42,53.76126111111111,10.767048796183053,18,58.73538387964747,48.78713834257475
Branaplam,0,44,56.83860611111111,11.108712238268158,18,61.97056933701165,51.70664288521057
Branaplam,0,46,59.62146,11.369767027147557,18,64.87402438539941,54.368895614600596
Branaplam,0,48,63.128950555555555,11.489831009824949,18,68.43698167108889,57.820919440022216
Branaplam,0,50,66.385345,11.588835388885515,18,71.73911380516326,61.03157619483675
Branaplam,0,52,69.309025,11.26984228337487,18,74.51542650896515,64.10262349103486
Branaplam,0,54,72.56010833333333,11.260568710130913,18,77.76222567003441,67.35799099663225
Branaplam,0,56,75.57770333333333,10.55343326491487,18,80.45314076126171,70.70226590540496
Branaplam,0,58,78.61858555555555,9.92463656744771,18,83.20353372975633,74.03363738135478
Branaplam,0,60,81.0410938888889,9.287989316624511,18,85.33192603874619,76.7502617390316
Branaplam,0,62,83.846125,8.803528132053081,18,87.91314750115363,79.77910249884637
Branaplam,0,64,86.06686722222223,8.142017908626688,18,89.82828759170063,82.30544685274383
Branaplam,0,66,88.04344833333333,7.419053959126222,18,91.47087639813154,84.61602026853512
Branaplam,0,68,89.80776055555556,7.072411492285877,18,93.07504797090641,86.54047314020471
Branaplam,0,70,91.15233277777777,6.042496802628378,18,93.94382388120965,88.36084167434589
Branaplam,0,72,92.70690166666667,5.593778413884324,18,95.29109545062286,90.12270788271047
Branaplam,0,74,93.53950666666667,4.932559466717649,18,95.81823288171434,91.260780451619
Branaplam,0,76,93.89872333333334,4.74580921068634,18,96.09117533172801,91.70627133493866
Branaplam,0,78,94.71304055555555,4.135175238641784,18,96.62339405127925,92.80268705983185
Branaplam,0,80,95.19847555555556,3.7457651595984287,18,96.92893077301068,93.46802033810044
Branaplam,0,82,95.92374277777778,3.07855271055354,18,97.34596156972123,94.501523985834325
Branaplam,0,84,96.32512,2.6872964910766637,18,97.56658764030743,95.08365235969256
Branaplam,25,0,13.957595375,3.061843997061231,24,15.182588100917943,12.732602649082057
Branaplam,25,2,15.788211041666667,3.5303535266069375,24,17.200646617797613,14.375775465535721
Branaplam,25,4,17.088985125,3.7463984984037237,24,18.587856691722312,15.590113558277691
Branaplam,25,6,18.089787916666666,4.06503404268432,24,19.71614025129788,16.46343558203545
Branaplam,25,8,19.18201125,4.327060142605422,24,20.913195857833923,17.450826642166074
Branaplam,25,10,20.433060416666667,4.8348338176076355,24,22.36739680456755,18.498724028765782
Branaplam,25,12,21.73822291666667,5.418165030191999,24,23.9059403954731,19.570505437860238
Branaplam,25,14,22.673299583333332,5.081730906205328,24,24.70641537928792,20.640183787378742
Branaplam,25,16,24.214915,5.918389315449439,24,26.58276387392519,21.84706612607481
Branaplam,25,18,25.433919583333335,5.932867291054556,24,27.807560853872886,23.060278312793784
Branaplam,25,20,27.306083333333333,6.308855665018172,24,29.830151282559722,24.782015384106945
Branaplam,25,22,28.98059125,6.520454521930142,24,31.58931637339284,26.37186612660716
Branaplam,25,24,31.3300075,7.06977558284515,24,34.1585068197465,28.501508180253502
Branaplam,25,26,34.16193583333333,7.537420272167231,24,37.17753199514087,31.146339671525794
Branaplam,25,28,36.575640416666666,7.965554474103935,24,39.76252593338338,33.38875489994995
Branaplam,25,30,39.418555,8.261833738920508,24,42.72397691001074,36.113133089989255
Branaplam,25,32,42.10894208333333,8.61378555870408,24,45.55517404752132,38.662710119145345
Branaplam,25,34,45.07944,9.259029405188166,24,48.78382326750225,41.37505673249775
Branaplam,25,36,48.376038333333334,9.958645498826709,24,52.36032633356035,44.391750333106316
Branaplam,25,38,51.90289583333333,10.254032795890565,24,56.005363365430384,47.80042830123628
Branaplam,25,40,55.90155125,11.097336695476047,24,60.34141060993739,51.4616918900626
Branaplam,25,42,59.067850416666666,11.07487428073525,24,63.49872293903479,54.63697789429854
Branaplam,25,44,62.59860041666666,11.276124706428826,24,67.10998987843442,58.0872109548989
Branaplam,25,46,66.05763125,11.48268120367414,24,70.65166052191466,61.46360197808533
Branaplam,25,48,69.41146416666666,11.46683061246993,24,73.9991518813546,64.82377645197872
Branaplam,25,50,72.92607083333334,11.504801147603333,24,77.52894992595638,68.3231917407103
Branaplam,25,52,76.13411625,11.327924550442212,24,80.66622996557723,71.60200253442278
Branaplam,25,54,79.18239458333333,10.964408501223593,24,83.56907158937388,74.79571757729279
Branaplam,25,56,82.49235125,10.173103812473322,24,86.56244044535056,78.42226205464944
Branaplam,25,58,85.22301416666667,9.444098628804689,24,89.00144054444466,81.44458778888868
Branaplam,25,60,87.67173333333334,8.29016537177934,24,90.98849025721114,84.35497640945553
Branaplam,25,62,89.78196291666667,7.371532993142978,24,92.73119034436428,86.83273548896906
Branaplam,25,64,91.34459458333333,6.787575362606347,24,94.06019030074843,88.62899886591823
Branaplam,25,66,92.59392541666666,5.927742078399322,24,94.96551617508754,90.22233465824579
Branaplam,25,68,93.94692875,5.34215799576824,24,96.08423708177703,91.80962041822296
Branaplam,25,70,94.75303791666667,4.972496146029485,24,96.74245070660226,92.76362512673109
Branaplam,25,72,95.66031083333333,4.302506918377498,24,97.38167210558716,93.9389495610795
Branaplam,25,74,96.28641999999999,3.6385253809057927,24,97.74213333123288,94.8307066687671
Branaplam,25,76,96.68181291666667,3.296326118805179,24,98.00061802942399,95.36300780390935
Branaplam,25,78,97.09244125000001,2.6855934646996555,24,98.16690241202767,96.01798008797235
Branaplam,25,80,97.30425625,2.535427990315763,24,98.31863870978782,96.28987379021217
Branaplam,25,82,97.67767625,2.2276768299729577,24,98.56893260239157,96.78641989760844
Branaplam,25,84,97.77616541666667,2.116025964386152,24,98.62275211955371,96.92957871377963
Branaplam,50,0,14.17390975,4.086174076640293,24,15.80871985969963,12.53909964030037
Branaplam,50,2,16.41208045833333,4.774651429288234,24,18.32233887622974,14.501822040436926
Branaplam,50,4,17.625248625,5.200645476472519,24,19.705940157576958,15.544557092423045
Branaplam,50,6,18.517320416666667,5.63312196019106,24,20.771038578684664,16.26360225464867
Branaplam,50,8,19.763981666666666,6.035254196587182,24,22.178586230772808,17.349377102560524
Branaplam,50,10,20.494228333333332,6.253066041422272,24,22.995975784470247,17.992480882196418
Branaplam,50,12,21.643367083333334,6.595698019815959,24,24.282195875518973,19.004538291147696
Branaplam,50,14,22.801637083333333,6.97649610775226,24,25.592816840562634,20.01045732610403
Branaplam,50,16,23.848175833333332,7.204880356686327,24,26.730728320174915,20.96562334649175
Branaplam,50,18,25.299214583333335,7.542927932974257,24,28.317014268387616,22.281414898279053
Branaplam,50,20,26.89856875,7.933718406970787,24,30.072717187134156,23.724420312865842
Branaplam,50,22,28.94424375,8.540071288373067,24,32.360983863839465,25.52750363616053
Branaplam,50,24,31.577479166666667,9.491065854589099,24,35.37469634828629,27.78026198504704
Branaplam,50,26,33.95807166666667,10.099124926500645,24,37.99856314336304,29.91758018997029
Branaplam,50,28,36.69796708333333,10.900580149967878,24,41.05910743039627,32.336826736270396
Branaplam,50,30,39.28643375,11.569895930278195,24,43.91535617969326,34.65751132030674
Branaplam,50,32,42.01942,12.269636442062275,24,46.92829694004333,37.11054305995666
Branaplam,50,34,45.37091875,12.412856076005935,24,50.33709547734733,40.40474202265267
Branaplam,50,36,48.14560708333333,12.998130297404643,24,53.34594226701248,42.94527189965418
Branaplam,50,38,52.073370833333335,13.703187444804955,24,57.55578762461588,46.59095404205079
Branaplam,50,40,55.85449375,14.55930343171523,24,61.67942827161555,50.02955922838446
Branaplam,50,42,59.363843333333335,15.004870737528405,24,65.367041904016,53.360644762650665
Branaplam,50,44,62.782284583333336,15.136927659774688,24,68.83831692651195,56.72625224015472
Branaplam,50,46,65.894315,15.206927048463372,24,71.97835293132898,59.810277068671034
Branaplam,50,48,69.34729791666666,15.198922492047565,24,75.42813335845241,63.26646247488091
Branaplam,50,50,72.33955,14.858467215239234,24,78.28417496274407,66.39492503725593
Branaplam,50,52,75.18431208333334,14.340428156684068,24,80.92167825722973,69.44694590943695
Branaplam,50,54,78.69811208333333,13.658513473994407,24,84.16265556384846,73.2335686028182
Branaplam,50,56,81.32991166666666,13.10555015930097,24,86.57322374582724,76.08659958750609
Branaplam,50,58,84.02373458333334,12.348561509251393,24,88.96418812665628,79.08328104001039
Branaplam,50,60,86.33395583333333,11.460151237283007,24,90.91897124138988,81.74894042527679
Branaplam,50,62,88.3683225,10.438176741558822,24,92.54446295409502,84.19218204590499
Branaplam,50,64,90.08080833333334,9.422730641883634,24,93.85068573586278,86.31093093080389
Branaplam,50,66,91.07977875,8.558864427929226,24,94.5040376855938,87.6555198144062
Branaplam,50,68,92.43112166666667,7.409725037113852,24,95.39562909429151,89.46661423904183
Branaplam,50,70,93.53301375,6.4291364913546465,24,96.10520405211928,90.96082344788071
Branaplam,50,72,94.38108041666666,5.526598583140391,24,96.5921803518408,92.16998048149253
Branaplam,50,74,95.1221375,4.876914143362852,24,97.07330952453158,93.1709654754684
Branaplam,50,76,95.83795541666667,4.135936345204364,24,97.49267458021578,94.18323625311757
Branaplam,50,78,96.41262333333333,3.451618209470005,24,97.7935582220164,95.03168844465026
Branaplam,50,80,96.75704458333334,3.330659491683134,24,98.08958590605828,95.4245032606084
Branaplam,50,82,97.15995291666667,2.8509678348291234,24,98.30057760650838,96.01932822682495
Branaplam,50,84,97.34250333333333,2.618238195421172,24,98.39001677529505,96.2949898913716
Branaplam,100,0,14.051684791666666,3.576485912745164,24,15.482577166218043,12.62079241711529
Branaplam,100,2,16.27887625,4.447068046016692,24,18.05807401881553,14.49967848118447
Branaplam,100,4,17.290223458333333,4.654312735723634,24,19.152336371623825,15.428110545042841
Branaplam,100,6,18.305015416666667,4.946903705124422,24,20.284189097758933,16.3258417355744
Branaplam,100,8,19.2646975,5.414476595851123,24,21.43093929773256,17.09845570226744
Branaplam,100,10,20.231762916666668,5.676378123716228,24,22.502787148399616,17.96073868493372
Branaplam,100,12,21.53453,6.244038441524426,24,24.03266565895613,19.03639434104387
Branaplam,100,14,22.5867125,6.4769635055937655,24,25.178037592984374,19.995387407015627
Branaplam,100,16,23.595985833333334,6.474972124510698,24,26.18651420795334,21.005457458713327
Branaplam,100,18,24.81693041666667,6.857543425020919,24,27.560519189112235,22.073341644221102
Branaplam,100,20,26.38779375,6.829171224957021,24,29.120031278316233,23.655556221683767
Branaplam,100,22,28.247824166666668,7.336208821927101,24,31.182918982503566,25.31272935082977
Branaplam,100,24,30.682237916666665,7.6845701310964,24,33.75670628325704,27.60776955007629
Branaplam,100,26,33.00110041666667,8.223901778138753,24,36.29134638169718,29.710854451636155
Branaplam,100,28,35.60209666666667,8.748454392957534,24,39.10220738579014,32.1019859475432
Branaplam,100,30,37.926173750000004,9.29552965711584,24,41.64516015964421,34.207187340355794
Branaplam,100,32,40.79350083333333,9.869008950998825,24,44.74192674549481,36.84507492117186
Branaplam,100,34,43.389895,10.45834693531689,24,47.574105212272684,39.20568478772732
Branaplam,100,36,46.633140833333336,10.93665906132848,24,51.00871575120333,42.25756591546334
Branaplam,100,38,50.19203666666667,11.402212057627684,24,54.753871575098955,45.63020175823438
Branaplam,100,40,54.065195,11.788841049753271,24,58.78171372100975,49.348676278990254
Branaplam,100,42,57.3084175,12.163128246080536,24,62.174682286892,52.442152713107994
Branaplam,100,44,60.674474583333335,12.332998666930285,24,65.60870169295939,55.74024747370729
Branaplam,100,46,64.29360708333333,12.502709394960368,24,69.29573262525919,59.29148154140746
Branaplam,100,48,67.75675541666666,12.978078921440193,24,72.94906837918606,62.56444245414727
Branaplam,100,50,71.26624,12.676208537608177,24,76.33777965574112,66.19470034425888
Branaplam,100,52,74.20281,12.69330854449321,24,79.28119108334731,69.12442891665269
Branaplam,100,54,76.91531499999999,12.475835726556253,24,81.90668883532508,71.9239411646749
Branaplam,100,56,80.0292875,11.921114261052239,24,84.79872652714897,75.25984847285102
Branaplam,100,58,82.67709166666667,11.318369751769126,24,87.20538266662436,78.14880066670898
Branaplam,100,60,85.01338083333333,10.62988132929257,24,89.2662190962404,80.76054257042625
Branaplam,100,62,87.03285041666666,9.908638012603591,24,90.99713125554791,83.06856957778541
Branaplam,100,64,88.73910291666667,9.330111194237197,24,92.47192482265405,85.00628101067929
Branaplam,100,66,90.45485666666667,8.604204496948075,24,93.89725540781359,87.01245792551975
Branaplam,100,68,91.50959,8.046969114716962,24,94.72904815680873,88.29013184319128
Branaplam,100,70,92.61438625,6.907725921410664,24,95.37805220244064,89.85072029755935
Branaplam,100,72,93.66219458333333,6.613399155800868,24,96.30810530485397,91.0162838618127
Branaplam,100,74,94.00136375,6.272271508370106,24,96.51079498820494,91.49193251179506
Branaplam,100,76,94.4959425,5.680117330223603,24,96.76846272590399,92.22342227409601
Branaplam,100,78,95.21993583333334,4.849880604723948,24,97.16029218984909,93.27957947681759
Branaplam,100,80,95.46610458333333,4.459095680237515,24,97.25011440803566,93.68209475863101
Branaplam,100,82,95.90108000000001,3.924523346699736,24,97.47121634823218,94.33094365176784
Branaplam,100,84,95.79624749999999,3.6899627272033517,24,97.27254005575101,94.31995494424898
Branaplam,250,0,14.531268541666666,3.4401163513387285,24,15.907601728708867,13.154935354624465
Branaplam,250,2,16.440478666666667,3.672716087103878,24,17.909871129307568,14.971086204025767
Branaplam,250,4,17.700978916666667,3.9268210236034764,24,19.27203452711347,16.129923306219865
Branaplam,250,6,18.544661291666667,4.105029742741907,24,20.18701523894881,16.902307344384525
Branaplam,250,8,19.369060416666667,4.2236222175711555,24,21.058861235557508,17.679259597775825
Branaplam,250,10,20.4360925,4.7049829844891695,24,22.318477734877682,18.55370726512232
Branaplam,250,12,21.479563333333335,5.197187731287881,24,23.558871479721013,19.400255186945657
Branaplam,250,14,22.4458375,5.411990418685283,24,24.61108461970637,20.280590380293628
Branaplam,250,16,23.350114583333333,5.517935984638979,24,25.55774875729887,21.142480409367796
Branaplam,250,18,24.3683125,5.950461065576457,24,26.748992746343497,21.9876322536565
Branaplam,250,20,25.769319583333335,6.460923907598516,24,28.354227500625647,23.184411666041022
Branaplam,250,22,27.51006,6.7543302563428025,24,30.21235490477269,24.80776509522731
Branaplam,250,24,29.748725416666666,7.171678390050188,24,32.61799435031139,26.87945648302194
Branaplam,250,26,31.772035833333334,7.916574006410973,24,34.93932508169231,28.604746584974357
Branaplam,250,28,34.10598958333333,8.37080080039901,24,37.455007397578235,30.75697176908843
Branaplam,250,30,36.064470416666666,8.648099780673348,24,39.524430928863055,32.60450990447028
Branaplam,250,32,38.427656666666664,9.35297262221862,24,42.16962504876721,34.68568828456612
Branaplam,250,34,41.01091875,9.79288273590096,24,44.92888783293176,37.09294966706825
Branaplam,250,36,43.660579166666665,10.359154267755443,24,47.805104046720004,39.516054286613326
Branaplam,250,38,46.45104625,10.936107132173326,24,50.82640035021863,42.07569214978137
Branaplam,250,40,49.509082916666664,11.20919071652345,24,53.99369320522069,45.02447262811264
Branaplam,250,42,51.98187375,11.45638932076762,24,56.56538407799,47.39836342201
Branaplam,250,44,54.464198333333336,11.954713155490515,24,59.247079717873895,49.68131694879278
Branaplam,250,46,57.33087125,12.193613029460495,24,62.20933249037803,52.45241000962197
Branaplam,250,48,59.6380775,12.866511131129204,24,64.78575405004742,54.490400949952594
Branaplam,250,50,62.02094,12.648414777913786,24,67.08135983595794,56.96052016404206
Branaplam,250,52,63.672188750000004,12.76795500230994,24,68.78043463636432,58.563942863635695
Branaplam,250,54,66.0800325,13.07433646236422,24,71.31085649951535,60.84920850048465
Branaplam,250,56,68.13288875,13.132830116426051,24,73.38711508510362,62.878662414896404
Branaplam,250,58,69.54767041666666,12.933200944392986,24,74.72202844892524,64.37331238440808
Branaplam,250,60,71.03663833333333,13.477569742778803,24,76.42878924428832,65.64448742237833
Branaplam,250,62,72.20138416666667,13.503284564116699,24,77.60382314883543,66.79894518449791
Branaplam,250,64,73.5770375,13.336099731487641,24,78.9125886184987,68.2414863815013
Branaplam,250,66,75.73176708333334,13.128283629608543,24,80.98417444487549,70.47935972179118
Branaplam,250,68,77.08566458333333,12.482855975792308,24,82.07984710331267,72.09148206335398
Branaplam,250,70,78.39574916666666,12.417867543608253,24,83.36393089863373,73.4275674346996
Branaplam,250,72,79.55585041666667,12.004847912553632,24,84.35878988149379,74.75291095183955
Branaplam,250,74,79.69797125,11.89228011699929,24,84.4558742169327,74.94006828306729
Branaplam,250,76,80.0970275,12.022353706658729,24,84.9069707411334,75.28708425886659
Branaplam,250,78,80.91580125,11.806441612184983,24,85.63936166254322,76.19224083745678
Branaplam,250,80,81.13410333333333,11.889407362267315,24,85.89085695900195,76.3773497076647
Branaplam,250,82,81.09211833333333,11.206120105944697,24,85.57550012179829,76.60873654486838
Branaplam,250,84,80.51789583333333,11.033918706463783,24,84.93238271338379,76.10340895328287
Branaplam,500,0,14.163618875000001,2.8865040272015423,24,15.318461002831645,13.008776747168357
Branaplam,500,2,15.90463375,3.0945345606348598,24,17.142705425277313,14.666562074722687
Branaplam,500,4,16.785664999999998,3.385397418431363,24,18.14010605444307,15.431223945556926
Branaplam,500,6,17.386330416666667,3.5661695056893348,24,18.813095368784655,15.959565464548676
Branaplam,500,8,18.208000000000002,3.915916777261078,24,19.774693003317285,16.64130699668272
Branaplam,500,10,19.2847075,4.066748222874677,24,20.91174564954083,17.65766935045917
Branaplam,500,12,20.422905416666666,4.296158002968395,24,22.141726593735665,18.704084239597666
Branaplam,500,14,21.2347025,4.676655614128402,24,23.105754426365024,19.363650573634978
Branaplam,500,16,22.130571666666665,4.72807784087201,24,24.022196768468415,20.238946564864914
Branaplam,500,18,23.08833625,4.982795948374517,24,25.081869819101076,21.094802680898926
Branaplam,500,20,24.18052125,5.177304855300271,24,26.251874589258865,22.10916791074114
Branaplam,500,22,25.757094166666665,5.9218351979814035,24,28.12632168073161,23.38786665260172
Branaplam,500,24,27.37797625,6.057541196059247,24,29.8014974709515,24.9544550290485
Branaplam,500,26,29.314634166666668,6.903527276245104,24,32.076620311190425,26.55264802214291
Branaplam,500,28,31.43960625,7.344928646698028,24,34.37818972232166,28.501022777678347
Branaplam,500,30,33.06210291666667,7.677539572114674,24,36.133758473845454,29.99044735948788
Branaplam,500,32,34.79701166666667,7.830279460617119,24,37.929775906244885,31.664247427088455
Branaplam,500,34,36.545587499999996,8.030931194623994,24,39.758629152417384,33.33254584758261
Branaplam,500,36,37.87073791666667,8.188715353413782,24,41.146906379910504,34.594569453422835
Branaplam,500,38,39.98523541666667,8.685288173981073,24,43.460074384896174,36.51039644843716
Branaplam,500,40,41.325415,8.763495871076943,24,44.831543563697196,37.819286436302804
Branaplam,500,42,42.73854625,8.913239954884805,24,46.3045849245944,39.1725075754056
Branaplam,500,44,44.27903583333333,9.572208811317733,24,48.10871695885325,40.44935470781341
Branaplam,500,46,45.61012541666667,9.602753349604422,24,49.452026902614364,41.768223930718975
Branaplam,500,48,46.899752916666664,9.891663454678907,24,50.85724251797887,42.94226331535446
Branaplam,500,50,48.62165291666667,10.019664427993792,24,52.630353572941715,44.61295226039162
Branaplam,500,52,49.144481666666664,10.254178269549088,24,53.24700740034867,45.041955932984656
Branaplam,500,54,50.706200833333334,10.853151429885084,24,55.04836574038143,46.36403592628524
Branaplam,500,56,51.90119833333333,10.651616604089675,24,56.16273251724352,47.63966414942315
Branaplam,500,58,52.46276375,11.128436255896252,24,56.91506552546561,48.010461974534394
Branaplam,500,60,53.8826325,11.295471117937046,24,58.4017621384041,49.3635028615959
Branaplam,500,62,54.75789541666666,10.975391246597,24,59.14896643599003,50.366824397343294
Branaplam,500,64,55.452137083333334,11.34149869927346,24,59.98968158950432,50.914592577162345
Branaplam,500,66,56.683249583333335,11.22129282926785,24,61.17270172538948,52.19379744127719
Branaplam,500,68,57.40168333333333,11.454155985461146,24,61.98430014110885,52.819066525557815
Branaplam,500,70,59.24464458333333,11.488944299346135,24,63.841179615387084,54.64810955127958
Branaplam,500,72,58.927645416666664,11.160369285799517,24,63.392723064902256,54.46256776843107
Branaplam,500,74,59.26604458333333,11.334139321567568,24,63.80064472520436,54.73144444146231
Branaplam,500,76,59.784730833333334,11.52621638753978,24,64.39617780634842,55.17328386031825
Branaplam,500,78,60.67280958333333,11.521036987060736,24,65.28218436458505,56.06343480208162
Branaplam,500,80,61.00941375,11.57812508868596,24,65.64162852874816,56.37719897125185
Branaplam,500,82,60.90115,11.376392823491987,24,65.45265506339925,56.349644936600754
Branaplam,500,84,59.52067208333333,11.818912145772417,24,64.24922174841443,54.792122418252234
Branaplam,750,0,15.086642583333333,3.916826741606259,24,16.653699648211152,13.519585518455512
Branaplam,750,2,17.31791395833333,4.326119296871389,24,19.048722149477996,15.587105767188667
Branaplam,750,4,18.649582916666667,4.788320167243441,24,20.565309968688023,16.73385586464531
Branaplam,750,6,19.572377083333333,5.0452288601000825,24,21.590889019325438,17.553865147341227
Branaplam,750,8,20.390449583333332,5.153590382629822,24,22.45231515752377,18.328584009142894
Branaplam,750,10,21.035602083333334,5.435657898154099,24,23.210318166911783,18.860885999754885
Branaplam,750,12,22.243879166666666,5.7936913985906795,24,24.5618384834375,19.92591984989583
Branaplam,750,14,23.42135,6.076125116746406,24,25.852306337725135,20.990393662274865
Branaplam,750,16,24.433735,6.040307302833984,24,26.850361227653192,22.017108772346806
Branaplam,750,18,25.254225416666667,6.3253444360878595,24,27.784890248242085,22.72356058509125
Branaplam,750,20,26.62843708333333,6.609460322619572,24,29.272771943379542,23.98410222328712
Branaplam,750,22,27.936691666666665,6.913779908334713,24,30.702779718323296,25.170603615010034
Branaplam,750,24,29.782561666666666,7.570751534581116,24,32.811493110755684,26.753630222577648
Branaplam,750,26,31.414219583333335,7.644017437220163,24,34.472463493334004,28.355975673332665
Branaplam,750,28,32.900464166666666,7.71455805167196,24,35.986930200220385,29.813998133112943
Branaplam,750,30,34.6521475,8.247151491410865,24,37.95169528761368,31.352599712386315
Branaplam,750,32,36.5272325,8.586865440862093,24,39.96269417394167,33.09177082605832
Branaplam,750,34,38.02690666666667,9.25033798789638,24,41.72781264304287,34.32600069029047
Branaplam,750,36,39.321758333333335,9.162473687041956,24,42.987511268105244,35.656005398561426
Branaplam,750,38,40.40153083333333,9.395785330808387,24,44.16062786622394,36.642433800442724
Branaplam,750,40,41.77978,9.630165715277855,24,45.63264871634297,37.926911283657034
Branaplam,750,42,42.427269583333334,10.162588334769616,24,46.493151711403875,38.36138745526279
Branaplam,750,44,43.673161666666665,10.246666248408996,24,47.77268196595607,39.57364136737726
Branaplam,750,46,44.907498333333336,10.385450395692027,24,49.062543855677085,40.75245281098959
Branaplam,750,48,45.952827916666664,10.848143984953282,24,50.292989428498416,41.61266640483491
Branaplam,750,50,46.858889166666664,10.858455359682056,24,51.20317608758167,42.51460224575166
Branaplam,750,52,47.62106791666667,10.724305459685644,24,51.91168369958903,43.33045213374431
Branaplam,750,54,48.89199375,10.883900130646829,24,53.24646069947766,44.537526800522336
Branaplam,750,56,49.88269625,11.529120146515504,24,54.49530496856009,45.27008753143991
Branaplam,750,58,49.97622041666666,11.213496929048409,24,54.46255354904434,45.48988728428899
Branaplam,750,60,50.88334916666667,11.30393552216715,24,55.405865272056374,46.36083306127696
Branaplam,750,62,51.075828333333334,11.462656396773513,24,55.66184601392764,46.48981065273903
Branaplam,750,64,51.61417375,11.255769055173367,24,56.11741925513797,47.11092824486203
Branaplam,750,66,52.46882625,11.184816882088828,24,56.943684973838835,47.993967526161164
Branaplam,750,68,52.99278666666667,11.278330721400785,24,57.505058718238644,48.48051461509469
Branaplam,750,70,53.714455,10.941980193553713,24,58.0921588141416,49.336751185858404
Branaplam,750,72,53.256967083333336,11.235710373768669,24,57.752187444526726,48.76174672213995
Branaplam,750,74,53.302827083333334,11.33073526017906,24,57.836065317006714,48.769588849659954
Branaplam,750,76,53.4542075,11.434676244806086,24,58.02903078837083,48.87938421162917
Branaplam,750,78,53.58861666666667,11.391149513412161,24,58.14602563563007,49.031207697703266
Branaplam,750,80,53.1757525,11.663177800736907,24,57.84199545055638,48.50950954944362
Branaplam,750,82,53.488068750000004,11.299293871015093,24,58.008727808164906,48.9674096918351
Branaplam,750,84,51.655833333333334,10.883628311682951,24,56.01019153257623,47.30147513409044
Branaplam,1000,0,13.131284666666666,3.587751979933816,24,14.56668440683466,11.695884926498671
Branaplam,1000,2,15.098286916666666,4.231667973708712,24,16.791306708422383,13.40526712491095
Branaplam,1000,4,16.297803291666668,4.714184429281766,24,18.183869871168596,14.411736712164737
Branaplam,1000,6,16.863934791666665,4.717607929518214,24,18.751371056525148,14.976498526808182
Branaplam,1000,8,17.459809791666668,5.024739584672951,24,19.470124310226126,15.44949527310721
Branaplam,1000,10,18.38504345833333,5.406647466831605,24,20.548152952098615,16.22193396456805
Branaplam,1000,12,19.378732333333332,5.609087400977738,24,21.622834668994656,17.134629997672008
Branaplam,1000,14,20.458116416666666,6.132295457633717,24,22.91154557112098,18.004687262212354
Branaplam,1000,16,21.61518125,6.567034610294263,24,24.24254229000826,18.98782020999174
Branaplam,1000,18,22.582952083333332,6.710561238394542,24,25.267735733888415,19.89816843277825
Branaplam,1000,20,23.676534583333332,7.151503559994117,24,26.537731903894883,20.81533726277178
Branaplam,1000,22,24.940763333333333,7.467916015575166,24,27.928552001085873,21.952974665580793
Branaplam,1000,24,25.871950416666667,7.711206944143321,24,28.957075727979056,22.78682510535428
Branaplam,1000,26,27.698804583333335,8.174539615526278,24,30.969301570233707,24.428307596432962
Branaplam,1000,28,28.714012083333333,8.4118956452416,24,32.079471259729026,25.34855290693764
Branaplam,1000,30,30.280015,8.800895770268525,24,33.80110663970751,26.758923360292485
Branaplam,1000,32,31.5030475,9.07750135711424,24,35.13480442251078,27.87129057748922
Branaplam,1000,34,32.5803025,9.533913856105773,24,36.394662452521224,28.765942547478783
Branaplam,1000,36,33.617200833333335,9.971888596488725,24,37.6067871761017,29.627614490564973
Branaplam,1000,38,34.518002083333336,10.223806460518032,24,38.60837656268242,30.42762760398425
Branaplam,1000,40,35.46847291666667,10.701778215327817,24,39.75007592477104,31.186869908562297
Branaplam,1000,42,35.672579166666665,10.724205784058109,24,39.963155071032574,31.382003262300756
Branaplam,1000,44,36.51590375,10.861727719390732,24,40.861499887466714,32.170307612533286
Branaplam,1000,46,37.03688125,10.772931108960213,24,41.346951344347616,32.726811155652385
Branaplam,1000,48,38.146037916666664,11.017720950773084,24,42.55404434476844,33.738031488564886
Branaplam,1000,50,38.8216925,11.632875912064442,24,43.47581217019299,34.16757282980701
Branaplam,1000,52,38.80460458333333,11.502991364157328,24,43.406759611778384,34.202449554888275
Branaplam,1000,54,39.89146208333333,11.513405967854803,24,44.49778382105063,35.28514034561603
Branaplam,1000,56,40.74496875,11.709247704925298,24,45.42964350099059,36.0602939990094
Branaplam,1000,58,41.114095416666665,12.110567739884821,24,45.95933162149436,36.26885921183897
Branaplam,1000,60,41.846619583333336,12.33168360433452,24,46.78032055834394,36.912918608322734
Branaplam,1000,62,41.671987916666666,12.241120784706155,24,46.569456217710254,36.77451961562308
Branaplam,1000,64,42.379142916666666,12.254425015435986,24,47.28193401857262,37.47635181476071
Branaplam,1000,66,42.70110125,12.35479842171183,24,47.6440500779957,37.7581524220043
Branaplam,1000,68,42.64953416666667,12.319955375094901,24,47.57854287273077,37.720525460602566
Branaplam,1000,70,42.87911458333333,12.438102355709768,24,47.85539192619973,37.90283724046694
Branaplam,1000,72,43.086994583333336,12.835001647450303,24,48.22206471439234,37.95192445227433
Branaplam,1000,74,43.155478333333335,12.673933714448745,24,48.226107870261835,38.084848796404835
Branaplam,1000,76,43.18558291666667,12.76486110516321,24,48.29259098637438,38.07857484695896
Branaplam,1000,78,43.132734166666665,12.931659760449703,24,48.30647559692931,37.95899273640402
Branaplam,1000,80,42.88401375,12.653172462588467,24,47.94633705626025,37.821690443739755
Branaplam,1000,82,42.514963333333334,12.831882596841986,24,47.648785584255194,37.381141082411474
Branaplam,1000,84,41.50775083333333,12.286839832196538,24,46.423510562896915,36.59199110376975
Branaplam,1250,0,16.763449833333333,8.855116918276602,24,20.306234450202506,13.220665216464159
Branaplam,1250,2,20.041667083333333,11.515355813596669,24,24.648768921817602,15.434565244849065
Branaplam,1250,4,20.845451666666666,9.899146025453812,24,24.805934919771456,16.884968413561875
Branaplam,1250,6,22.45174875,11.497019479288614,24,27.051514526892323,17.851982973107678
Branaplam,1250,8,23.233506666666667,12.202949417888128,24,28.11570324036709,18.351310092966244
Branaplam,1250,10,23.810060416666666,11.81431758932962,24,28.53677187633081,19.08334895700252
Branaplam,1250,12,25.21834666666667,12.694845215865708,24,30.297342546605584,20.139350786727753
Branaplam,1250,14,26.303165833333335,12.081801614802796,24,31.13689319120078,21.46943847546589
Branaplam,1250,16,27.223215,11.916351265890002,24,31.990748432209152,22.455681567790847
Branaplam,1250,18,27.815485,10.287195960426601,24,31.931220561220698,23.6997494387793
Branaplam,1250,20,29.249520416666666,10.986781789611307,24,33.645148602308815,24.853892231024513
Branaplam,1250,22,30.707495,12.114114767889921,24,35.55415031158462,25.860839688415385
Branaplam,1250,24,32.3165625,12.306375453585465,24,37.240138105918064,27.392986894081943
Branaplam,1250,26,33.19774041666667,12.356531147531896,24,38.14138247936917,28.254098353964164
Branaplam,1250,28,34.70788666666667,12.748228170404758,24,39.80824017653745,29.607533156795885
Branaplam,1250,30,35.26343333333333,11.947882480677656,24,40.043581878785126,30.483284787881537
Branaplam,1250,32,36.7003875,13.157413758859283,24,41.96444934050041,31.436325659499587
Branaplam,1250,34,37.76765,12.77988101735523,24,42.880667286113514,32.65463271388649
Branaplam,1250,36,38.04648666666667,12.25285589150108,24,42.948649988251944,33.14432334508139
Branaplam,1250,38,38.75505291666666,12.472222920956403,24,43.74498132871603,33.7651245046173
Branaplam,1250,40,40.09815291666666,13.200692812501556,24,45.37952998483618,34.816775848497144
Branaplam,1250,42,40.298973333333336,13.102553876014987,24,45.54108664951524,35.05686001715143
Branaplam,1250,44,40.83176,13.517957402515592,24,46.24006934013751,35.423450659862496
Branaplam,1250,46,41.469422083333335,13.151506860813553,24,46.73112067242521,36.207723494241456
Branaplam,1250,48,41.655058333333336,11.974992355935717,24,46.44605308780935,36.864063578857326
Branaplam,1250,50,42.269555000000004,13.39929115591308,24,47.630387953672496,36.90872204632751
Branaplam,1250,52,42.35271708333333,12.728090875562527,24,47.44501399733409,37.260420169332576
Branaplam,1250,54,43.288799166666664,12.288655166702023,24,48.20528518129456,38.372313152038764
Branaplam,1250,56,44.259933333333336,13.194931918134218,24,49.539005563731386,38.980861102935286
Branaplam,1250,58,43.571490833333336,12.123507784342285,24,48.42190413416875,38.72107753249792
Branaplam,1250,60,44.227235416666666,12.590032770107568,24,49.264297584841486,39.190173248491845
Branaplam,1250,62,44.77743541666667,12.618921373748364,24,49.826055433430724,39.728815399902615
Branaplam,1250,64,44.84791416666667,12.4453988131039,24,49.82711070046551,39.86871763286783
Branaplam,1250,66,44.58825916666667,12.062587886341484,24,49.4142994321723,39.762218901161035
Branaplam,1250,68,45.21562541666667,13.127777211895914,24,50.467830168926696,39.96342066440664
Branaplam,1250,70,45.4451175,12.725320395051561,24,50.536305990947035,40.35392900905297
Branaplam,1250,72,44.89458583333333,12.000249220851503,24,49.6956854382952,40.09348622837146
Branaplam,1250,74,45.00950291666667,12.509656963110185,24,50.01440806475618,40.004597768577156
Branaplam,1250,76,45.15876125,12.429053723841996,24,50.131418386145164,40.18610411385483
Branaplam,1250,78,45.513877916666665,13.00894358385999,24,50.718539315941314,40.30921651739202
Branaplam,1250,80,44.81198625,12.501098617931914,24,49.81346734689704,39.81050515310295
Branaplam,1250,82,44.92198166666667,12.696033417896512,24,50.00145292642443,39.84251040690891
Branaplam,1250,84,42.60235875,11.150540665698024,24,47.063504131228626,38.141213368771375
Branaplam,1500,0,13.915186041666667,4.047624477018722,24,15.534573099385597,12.295798983947737
Branaplam,1500,2,15.982113375,4.5852978144371654,24,17.816614569131428,14.147612180868574
Branaplam,1500,4,17.265378875,4.91849110388108,24,19.233185148124747,15.297572601875254
Branaplam,1500,6,17.973336083333333,5.413808528278116,24,20.13931059837019,15.807361568296475
Branaplam,1500,8,18.766502125,5.542451993989556,24,20.98394474549378,16.549059504506218
Branaplam,1500,10,19.705998166666667,5.782323237535371,24,22.019409271767287,17.392587061566047
Branaplam,1500,12,20.670531708333332,6.237363686258772,24,23.165996909011525,18.17506650765514
Branaplam,1500,14,21.811397916666667,6.5969028585000995,24,24.450708744718728,19.172087088614607
Branaplam,1500,16,23.016324166666667,7.0757420927351236,24,25.847210587526533,20.1854377458068
Branaplam,1500,18,24.359754583333334,7.374895073152466,24,27.310327123178897,21.40918204348777
Branaplam,1500,20,25.64605,7.70945191066079,24,28.730473151681817,22.56162684831818
Branaplam,1500,22,26.8675875,8.323920496113047,24,30.197849286245358,23.53732571375464
Branaplam,1500,24,27.994956666666667,8.656041575705158,24,31.458094558623106,24.531818774710228
Branaplam,1500,26,29.3612025,8.939533034314124,24,32.93776059722789,25.78464440277211
Branaplam,1500,28,30.424355,9.30724107805035,24,34.14802695386811,26.700683046131882
Branaplam,1500,30,31.43860125,9.45928065041179,24,35.223101701457544,27.65410079854246
Branaplam,1500,32,32.54435,9.684931439930615,24,36.419129569539166,28.669570430460837
Branaplam,1500,34,33.39188625,9.689641756868545,24,37.26855033879987,29.51522216120013
Branaplam,1500,36,34.41149791666667,10.243533345908478,24,38.50976479390785,30.313231039425492
Branaplam,1500,38,34.96475958333333,10.159620353737326,24,39.02945427168496,30.900064894981703
Branaplam,1500,40,35.6947725,10.734874531651803,24,39.98961679237309,31.399928207626907
Branaplam,1500,42,35.822894166666664,10.710899369273507,24,40.108146396366315,31.537641936967013
Branaplam,1500,44,36.0351025,10.733186463036338,24,40.32927142426917,31.74093357573083
Branaplam,1500,46,37.2011975,10.698124422201202,24,41.48133868640268,32.92105631359732
Branaplam,1500,48,37.82324125,11.155496460867955,24,42.28636936223652,33.360113137763484
Branaplam,1500,50,38.46005958333333,11.361896384489036,24,43.00576486322063,33.91435430344604
Branaplam,1500,52,37.81014416666667,10.99434448839114,24,42.20879806198002,33.411490271353316
Branaplam,1500,54,38.64558,11.121563999239223,24,43.095132300174384,34.19602769982562
Branaplam,1500,56,39.11199166666667,11.307349858754883,24,43.63587379118988,34.58810954214346
Branaplam,1500,58,39.42429166666667,10.973221471274144,24,43.81449459506511,35.034088738268224
Branaplam,1500,60,39.909605416666665,10.90301344763754,24,44.27171928555115,35.54749154778218
Branaplam,1500,62,39.71603291666666,10.932906639730183,24,44.09010655322811,35.341959280105215
Branaplam,1500,64,40.258541666666666,11.141501674027323,24,44.71607069805615,35.80101263527718
Branaplam,1500,66,40.0877525,10.955323448045604,24,44.47079472776043,35.70471027223957
Branaplam,1500,68,40.43097958333333,11.28967641175912,24,44.947790856424376,35.91416831024229
Branaplam,1500,70,40.24280875,11.227789323868166,24,44.73486003121444,35.750757468785565
Branaplam,1500,72,40.76139875,11.389237881290395,24,45.31804290682861,36.20475459317139
Branaplam,1500,74,40.897742916666665,10.96702334555794,24,45.285466078321946,36.510019755011385
Branaplam,1500,76,40.738879583333336,11.069797756873932,24,45.16772107315734,36.310038093509334
Branaplam,1500,78,41.06515625,11.087735391803045,24,45.50117428844288,36.62913821155712
Branaplam,1500,80,40.68566875,10.768334320828508,24,44.99389974606915,36.37743775393085
Branaplam,1500,82,41.047695833333336,11.04523440825122,24,45.46670993697571,36.62868172969096
Branaplam,1500,84,40.017684583333335,10.369453638094493,24,44.166330069713766,35.8690390969529
Branaplam,1750,0,13.266873583333334,3.2486696489366755,24,14.566612137184364,11.967135029482304
Branaplam,1750,2,15.333429916666667,3.8600137719296663,24,16.877757059752774,13.789102773580558
Branaplam,1750,4,16.548536708333334,4.240179807108436,24,18.244961942694516,14.852111473972151
Branaplam,1750,6,17.351847833333334,4.301971933148955,24,19.072995066918285,15.630700599748385
Branaplam,1750,8,18.10861125,4.696237346359514,24,19.98749750089854,16.229724999101457
Branaplam,1750,10,18.71488375,4.736121213533848,24,20.609726871077733,16.820040628922264
Branaplam,1750,12,19.987375833333335,5.081550560441273,24,22.020419475955052,17.954332190711618
Branaplam,1750,14,21.10399375,5.3693110370624,24,23.252165560812486,18.955821939187516
Branaplam,1750,16,22.29540875,5.676521268382073,24,24.566490251526766,20.024327248473234
Branaplam,1750,18,23.585907916666667,6.097629122449065,24,26.025467648486714,21.14634818484662
Branaplam,1750,20,24.949044166666667,6.318484632527505,24,27.47696450522718,22.421123828106154
Branaplam,1750,22,25.896434166666666,6.357764665572954,24,28.440069791440543,23.35279854189279
Branaplam,1750,24,26.96633125,6.738203248678913,24,29.66217400792979,24.27048849207021
Branaplam,1750,26,28.162138333333335,7.089755851564784,24,30.998631425416676,25.325645241249994
Branaplam,1750,28,29.350394583333333,7.3749832179558386,24,32.30100238844488,26.399786778221785
Branaplam,1750,30,29.541984583333335,7.492496541924304,24,32.5396075097894,26.54436165687727
Branaplam,1750,32,30.938334166666667,7.488824791737826,24,33.934488087100824,27.94218024623251
Branaplam,1750,34,31.72377875,7.5985186020287285,24,34.76381933474937,28.68373816525063
Branaplam,1750,36,32.2159125,8.271775071416446,24,35.525311771367214,28.906513228632786
Branaplam,1750,38,33.14867125,8.30359975150972,24,36.470803045185,29.826539454815
Branaplam,1750,40,33.777867916666665,7.964118706419916,24,36.964179006674925,30.591556826658405
Branaplam,1750,42,34.17829666666667,8.290705512537187,24,37.495269691854645,30.861323641478688
Branaplam,1750,44,34.41900416666667,7.994208268511548,24,37.61735358871395,31.220654744619388
Branaplam,1750,46,35.39980625,8.753906466899972,24,38.902098252992616,31.89751424700738
Branaplam,1750,48,35.52418,8.969167388464532,24,39.11259430816038,31.935765691839624
Branaplam,1750,50,35.73784,8.355976006067909,24,39.08092666124159,32.394753338758406
Branaplam,1750,52,35.86307958333333,8.717645248035472,24,39.35086407732661,32.37529508934005
Branaplam,1750,54,36.48867333333333,8.795014535542117,24,40.00741198909843,32.96993467756823
Branaplam,1750,56,36.560922500000004,8.591995130395071,24,39.99843647718448,33.12340852281553
Branaplam,1750,58,36.59306541666667,8.907358334395797,24,40.156750952981476,33.02937988035186
Branaplam,1750,60,36.883934583333335,8.936190707970438,24,40.45915547152556,33.30871369514111
Branaplam,1750,62,37.39019916666667,8.944281452584743,24,40.96865702686312,33.81174130647022
Branaplam,1750,64,37.42087291666667,8.91195229724543,24,40.98639642091169,33.855349412421646
Branaplam,1750,66,37.66487375,8.559898294502363,24,41.08954631836962,34.240201181630376
Branaplam,1750,68,37.52310541666667,8.563275908514155,24,40.94912931207953,34.097081521253806
Branaplam,1750,70,37.56273958333333,8.59772114222311,24,41.002544442366975,34.12293472429969
Branaplam,1750,72,37.76496625,8.675150202455495,24,41.2357491848763,34.2941833151237
Branaplam,1750,74,37.79790666666667,8.337265326163566,24,41.133507496885585,34.462305836447754
Branaplam,1750,76,37.56323833333333,8.386628831630516,24,40.918588678936075,34.20788798773059
Branaplam,1750,78,37.550738333333335,8.153024349260866,24,40.81262742097541,34.28884924569126
Branaplam,1750,80,37.29155791666667,8.076649483959772,24,40.52289069427904,34.060225139054296
Branaplam,1750,82,37.329307916666664,8.19515693406145,24,40.608053548912054,34.050562284421275
Branaplam,1750,84,37.155797916666664,8.016228587158828,24,40.3629573010083,33.94863853232503
Branaplam,2000,0,13.511102666666666,7.21616703257155,24,16.39817076432071,10.624034569012624
Branaplam,2000,2,15.26061425,7.731946199532646,24,18.35403699155941,12.16719150844059
Branaplam,2000,4,16.404208458333333,8.619339568124063,24,19.85266248907523,12.955754427591437
Branaplam,2000,6,17.947479791666666,9.692071641259886,24,21.82511603669235,14.069843546640984
Branaplam,2000,8,18.506107208333333,9.99479091996174,24,22.504856388819093,14.507358027847573
Branaplam,2000,10,19.250961083333333,10.857728709557374,24,23.594957283650594,14.906964883016073
Branaplam,2000,12,20.492689666666667,11.424919775159191,24,25.06360955422428,15.921769779109056
Branaplam,2000,14,21.454488333333334,11.873260256267358,24,26.20478177114994,16.70419489551673
Branaplam,2000,16,22.6432625,13.113903805719781,24,27.889916733792795,17.396608266207203
Branaplam,2000,18,23.54417875,13.149556898958632,24,28.805097191870015,18.283260308129986
Branaplam,2000,20,24.762696666666667,13.645289462638003,24,30.221949440753065,19.30344389258027
Branaplam,2000,22,25.317394583333332,14.023436912119337,24,30.927937846217873,19.70685132044879
Branaplam,2000,24,26.176911666666665,14.272334091367318,24,31.88703454052189,20.466788792811442
Branaplam,2000,26,27.403153333333332,14.857565264633386,24,33.347417440680346,21.45888922598632
Branaplam,2000,28,28.42919875,15.493730349607002,24,34.627981899572426,22.230415600427573
Branaplam,2000,30,28.68077125,15.21274883656191,24,34.76713838166687,22.594404118333127
Branaplam,2000,32,29.93575583333333,15.641075014420236,24,36.19348912627435,23.678022540392313
Branaplam,2000,34,30.438945416666666,15.095361939600487,24,36.47834800832632,24.399542825007007
Branaplam,2000,36,30.995399583333334,15.862778103703755,24,37.3418325853211,24.64896658134557
Branaplam,2000,38,30.92181125,15.205820297734197,24,37.00540638881768,24.83821611118232
Branaplam,2000,40,32.38400375,15.950608306481827,24,38.7655761515203,26.002431348479696
Branaplam,2000,42,31.549075416666668,15.053455238439007,24,37.57171183600033,25.526438997333
Branaplam,2000,44,32.22672166666667,15.725873760376054,24,38.51838152381623,25.935061809517105
Branaplam,2000,46,32.774939583333335,15.54787147289845,24,38.995383693512736,26.55449547315393
Branaplam,2000,48,32.9818325,15.60654657620606,24,39.225751540585165,26.73791345941484
Branaplam,2000,50,33.84575,16.011013131918862,24,40.251489364906334,27.44001063509367
Branaplam,2000,52,33.37208208333333,16.16479355970628,24,39.83934643305565,26.904817733611008
Branaplam,2000,54,33.551260416666665,15.929911915408773,24,39.92455253723811,27.177968296095223
Branaplam,2000,56,33.32068125,15.860737435367634,24,39.666297814615334,26.97506468538467
Branaplam,2000,58,33.49663125,15.778978506696625,24,39.80953743061244,27.183725069387563
Branaplam,2000,60,33.527946666666665,16.02319930309736,24,39.938561515452896,27.11733181788043
Branaplam,2000,62,33.76043166666667,16.297350863175563,24,40.280729983068234,27.240133350265104
Branaplam,2000,64,33.3955625,15.774762951691912,24,39.70678210735088,27.08434289264911
Branaplam,2000,66,33.44929416666667,15.815046605198184,24,39.77663059204158,27.12195774129176
Branaplam,2000,68,33.590817083333334,15.942486900886951,24,39.969140245902366,27.2124939207643
Branaplam,2000,70,33.496204999999996,15.79218665476752,24,39.814395540405165,27.178014459594827
Branaplam,2000,72,34.805373333333335,15.350462770581972,24,40.946837513574216,28.663909153092455
Branaplam,2000,74,34.46508333333333,16.06108268817724,24,40.8908546927715,28.03931197389517
Branaplam,2000,76,34.08871333333333,15.336843555636996,24,40.22472869277984,27.952697973886824
Branaplam,2000,78,33.423017916666666,14.906033560657352,24,39.38667338102729,27.45936245230604
Branaplam,2000,80,33.57327333333333,15.138383839813246,24,39.62988826986307,27.516658396803596
Branaplam,2000,82,33.35830875,15.193890204144935,24,39.43713085731105,27.27948664268895
Branaplam,2000,84,33.03679541666666,15.017438296594593,24,39.045022058163326,27.02856877517
Risdiplam,0,0,7.850911388888889,2.1232792645570986,18,8.83181636421868,6.870006413559097
Risdiplam,0,2,8.438890444444445,2.299672647572238,18,9.501285005201378,7.376495883687511
Risdiplam,0,4,8.874262777777778,2.253285417036084,18,9.915227531356628,7.833298024198929
Risdiplam,0,6,9.682267611111111,2.465969613940842,18,10.821487450773239,8.543047771448984
Risdiplam,0,8,10.205363222222223,2.6763147046444637,18,11.44175753603456,8.968968908409886
Risdiplam,0,10,10.80941961111111,2.7645574019774397,18,12.086579971244015,9.532259250978205
Risdiplam,0,12,11.501118444444444,2.9879535590795294,18,12.881482563794913,10.120754325093975
Risdiplam,0,14,12.134103388888889,3.0219976103584614,18,13.53019505752471,10.738011720253068
Risdiplam,0,16,12.774381333333334,3.06510605509321,18,14.19038808738674,11.358374579279928
Risdiplam,0,18,13.751012555555555,3.302309946844271,18,15.276601916791224,12.225423194319886
Risdiplam,0,20,14.952585055555556,3.650585211630184,18,16.639069380405,13.266100730706109
Risdiplam,0,22,15.96606388888889,3.7691891566397997,18,17.707340440882298,14.224787336895483
Risdiplam,0,24,17.119893333333334,4.176787255464631,18,19.04947060004956,15.19031606661711
Risdiplam,0,26,18.731353333333335,4.5536825471673446,18,20.835047341535603,16.627659325131066
Risdiplam,0,28,20.03965388888889,5.0686193117317915,18,22.3812365454536,17.698071232324178
Risdiplam,0,30,21.325604444444444,5.039253882007934,18,23.653620964608894,18.997587924279994
Risdiplam,0,32,22.949181666666668,5.116180449296882,18,25.312736447788286,20.58562688554505
Risdiplam,0,34,25.155908888888888,5.7029849323746955,18,27.790553510430964,22.52126426734681
Risdiplam,0,36,27.044060555555557,6.007651051133215,18,29.819453743097963,24.26866736801315
Risdiplam,0,38,29.284105,6.392946902090156,18,32.23749578940588,26.330714210594127
Risdiplam,0,40,31.07334722222222,7.03370560986656,18,34.32275343217847,27.82394101226597
Risdiplam,0,42,32.744368333333334,7.391760858388408,18,36.15918762887882,29.32954903778785
Risdiplam,0,44,34.44830666666667,7.741987499802239,18,38.02492241583481,30.871690917498523
Risdiplam,0,46,36.85965888888889,8.1970762521494,18,40.64651491537028,33.07280286240749
Risdiplam,0,48,39.37457444444445,8.817032003121753,18,43.44783541575063,35.301313473138265
Risdiplam,0,50,41.571509999999996,8.845423438280518,18,45.65788714517406,37.485132854825935
Risdiplam,0,52,43.963562777777774,9.338521973650993,18,48.27773982414553,39.64938573141002
Risdiplam,0,54,46.05746555555555,9.569435115773075,18,50.47831903104759,41.636612080063514
Risdiplam,0,56,48.69916222222222,10.105801837261927,18,53.36780448107974,44.0305199633647
Risdiplam,0,58,51.04600277777778,10.710822465367505,18,55.99415030671088,46.09785524884468
Risdiplam,0,60,53.23941166666667,10.990098403911666,18,58.31657809677809,48.16224523655525
Risdiplam,0,62,55.575377777777774,10.88149089848205,18,60.60237010021886,50.548385455336685
Risdiplam,0,64,57.77365277777778,11.216477379350964,18,62.955400958874634,52.59190459668092
Risdiplam,0,66,60.095421111111115,11.338588394407257,18,65.33358170305317,54.85726051916905
Risdiplam,0,68,62.052005,11.674500440920374,18,67.44534904011023,56.65866095988978
Risdiplam,0,70,65.708615,11.432830241001389,18,70.99031310382358,60.42691689617641
Risdiplam,0,72,67.89766777777777,11.660894891612308,18,73.28472637478536,62.51060918077018
Risdiplam,0,74,69.0038111111111,11.430861314855905,18,74.28459961746233,63.72302260475988
Risdiplam,0,76,70.92487611111112,10.996597035871725,18,76.00504475601777,65.84470746620447
Risdiplam,0,78,72.18886555555555,10.936566782392546,18,77.24130163824537,67.13642947286573
Risdiplam,0,80,74.29860444444445,10.63431573871848,18,79.21140766890053,69.38580121998837
Risdiplam,0,82,75.88394166666667,10.155340222293507,18,80.57546949180762,71.19241384152572
Risdiplam,0,84,76.62795777777778,10.336540560671473,18,81.40319588842537,71.85271966713019
Risdiplam,25,0,10.356535708333332,2.5039943760600387,24,11.358342103223817,9.354729313442848
Risdiplam,25,2,11.378990583333334,2.861370267167371,24,12.523777112889436,10.234204053777232
Risdiplam,25,4,12.173201,2.888755935174066,24,13.328944078660108,11.017457921339894
Risdiplam,25,6,13.16722625,3.057836564022992,24,14.390615668784674,11.943836831215327
Risdiplam,25,8,13.887518958333334,3.249868131846282,24,15.187737005211382,12.587300911455287
Risdiplam,25,10,14.793272833333333,3.5310569824129048,24,16.205989850401878,13.380555816264788
Risdiplam,25,12,15.6018335,3.5448530317454443,24,17.020070086352604,14.183596913647394
Risdiplam,25,14,16.703569166666668,3.990512207871715,24,18.300106557866695,15.107031775466641
Risdiplam,25,16,17.59008625,4.188892819339188,24,19.265992415782943,15.914180084217055
Risdiplam,25,18,18.776363333333332,4.541003375387874,24,20.593143061026208,16.959583605640457
Risdiplam,25,20,20.252635,4.928982843287861,24,22.22463884310802,18.28063115689198
Risdiplam,25,22,21.889600416666667,5.003172978117056,24,23.891286495573723,19.88791433775961
Risdiplam,25,24,23.715451666666667,5.441328329305396,24,25.89243639519235,21.53846693814098
Risdiplam,25,26,25.583663333333334,6.09470659189536,24,28.02205380941305,23.14527285725362
Risdiplam,25,28,27.562770416666666,6.420042761074902,24,30.13132246894212,24.994218364391212
Risdiplam,25,30,29.688942083333334,6.767589436977946,24,32.39654176517673,26.98134240148994
Risdiplam,25,32,31.61768125,7.423517816964813,24,34.58770693884384,28.647655561156164
Risdiplam,25,34,33.99712291666667,7.786703629577951,24,37.11245319288815,30.88179264044519
Risdiplam,25,36,36.850635833333335,8.404621823031771,24,40.21318487475637,33.4880867919103
Risdiplam,25,38,39.41779916666667,9.035065977628216,24,43.0325784014697,35.80301993186364
Risdiplam,25,40,42.42949458333333,9.632348718066357,24,46.283236682689655,38.575752483977006
Risdiplam,25,42,45.09133416666667,9.960128041566934,24,49.07621530752213,41.106453025811206
Risdiplam,25,44,47.82148875,10.135674663599945,24,51.87660316703032,43.76637433296968
Risdiplam,25,46,50.586479583333336,10.42029450192413,24,54.75546565154304,46.41749351512363
Risdiplam,25,48,53.461787083333334,11.021475459508675,24,57.8712956277725,49.05227853889417
Risdiplam,25,50,55.95201458333333,11.178256289037591,24,60.42424852329252,51.47978064337414
Risdiplam,25,52,58.63200125,10.910265260223396,24,62.99701644817361,54.26698605182639
Risdiplam,25,54,62.1861525,10.990268568724295,24,66.583175687822,57.789129312177984
Risdiplam,25,56,64.87861375,11.23925826611456,24,69.37525356375865,60.38197393624135
Risdiplam,25,58,67.63753583333333,11.07946546931595,24,72.07024521369294,63.20482645297373
Risdiplam,25,60,70.28232416666667,11.05384741554994,24,74.70478419090439,65.85986414242895
Risdiplam,25,62,73.0043775,10.236873758556348,24,77.09997998739252,68.90877501260749
Risdiplam,25,64,75.21754208333333,9.837762834093398,24,79.15346694516073,71.28161722150593
Risdiplam,25,66,76.88843833333333,9.774588531369476,24,80.79908821009421,72.97778845657244
Risdiplam,25,68,78.8064575,9.198619100790522,24,82.48667161207544,75.12624338792455
Risdiplam,25,70,82.04399791666667,8.376665913068576,24,85.39536226468789,78.69263356864545
Risdiplam,25,72,83.18037208333334,8.123638981075661,24,86.43050457517568,79.930239591491
Risdiplam,25,74,84.29769541666667,7.7830713541953,24,87.411572480077,81.18381835325634
Risdiplam,25,76,85.49865791666667,7.214512219572183,24,88.38506395123424,82.6122518820991
Risdiplam,25,78,86.85421708333334,6.897252340225925,24,89.61369273059255,84.09474143607413
Risdiplam,25,80,87.82055916666667,6.327354838472954,24,90.3520283267122,85.28909000662114
Risdiplam,25,82,89.33707958333333,5.450409538021953,24,91.51769755203422,87.15646161463245
Risdiplam,25,84,89.0609375,5.518796872941917,24,91.26891610101993,86.85295889898006
Risdiplam,50,0,10.485572666666666,3.1565068254723645,24,11.748438411696542,9.22270692163679
Risdiplam,50,2,11.477156708333332,3.4756284313777606,24,12.86769768642295,10.086615730243714
Risdiplam,50,4,12.529680916666667,4.007298847138252,24,14.132934362314227,10.926427471019107
Risdiplam,50,6,13.528788291666666,4.252847286278979,24,15.230281573209393,11.82729501012394
Risdiplam,50,8,14.519351791666667,4.696079740969926,24,16.39817498727696,12.640528596056372
Risdiplam,50,10,15.417623208333334,4.836331769342096,24,17.352558901744313,13.482687514922352
Risdiplam,50,12,16.696744125,5.27062159963414,24,18.805431937577897,14.5880563124221
Risdiplam,50,14,17.57129475,5.549910383233089,24,19.7917213476589,15.3508681523411
Risdiplam,50,16,18.634570749999998,5.860618385732703,24,20.97930643829573,16.289835061704267
Risdiplam,50,18,19.758832166666668,6.030803006253202,24,22.17165588374532,17.346008449588016
Risdiplam,50,20,21.657411,6.818807811167427,24,24.385502299272524,18.929319700727476
Risdiplam,50,22,23.19230125,7.323954848873786,24,26.1224934555575,20.2621090444425
Risdiplam,50,24,25.267518333333335,7.97653317968656,24,28.45879624707995,22.07624041958672
Risdiplam,50,26,27.227546666666665,8.279429563111673,24,30.54000837251985,23.91508496081348
Risdiplam,50,28,29.108858333333334,8.96851083192341,24,32.697009964169915,25.52070670249675
Risdiplam,50,30,31.176491666666667,9.559335669443392,24,35.00102246278675,27.351960870546584
Risdiplam,50,32,33.685761666666664,10.244106955066014,24,37.78425803536664,29.587265297966688
Risdiplam,50,34,36.210712083333334,10.926342980554114,24,40.58215970930972,31.839264457356947
Risdiplam,50,36,38.74185583333333,11.361976661163174,24,43.287593230579304,34.19611843608736
Risdiplam,50,38,41.567265416666665,11.881623832378622,24,46.320904981819865,36.813625851513464
Risdiplam,50,40,44.31273041666667,12.39783716330094,24,49.27289832748629,39.35256250584705
Risdiplam,50,42,46.79835125,12.886008662435364,24,51.953828437194936,41.64287406280507
Risdiplam,50,44,49.4851125,13.373692922790216,24,54.835704027459414,44.134520972540585
Risdiplam,50,46,52.108203333333336,13.978009493690179,24,57.700571843622264,46.51583482304441
Risdiplam,50,48,54.92627041666667,14.35100021572394,24,60.66786629509218,49.184674538241154
Risdiplam,50,50,57.64228791666667,14.581473170027595,24,63.47609218089295,51.80848365244039
Risdiplam,50,52,60.06107375,14.262793858677203,24,65.76737973584258,54.354767764157415
Risdiplam,50,54,62.92704375,14.536534387384329,24,68.74286875666044,57.11121874333957
Risdiplam,50,56,66.21372416666667,14.520134776316619,24,72.0229879624081,60.40446037092524
Risdiplam,50,58,68.24773083333334,14.27980457201706,24,73.96084252192368,62.534619144743
Risdiplam,50,60,70.029765,13.833251391343408,24,75.56421820743134,64.49531179256866
Risdiplam,50,62,72.44000583333333,13.412018641044995,24,77.8059308415719,67.07408082509477
Risdiplam,50,64,73.86776458333334,13.152603864058706,24,79.1299020651307,68.60562710153599
Risdiplam,50,66,76.06292458333333,12.678859765438716,24,81.13552495111931,70.99032421554735
Risdiplam,50,68,77.96219666666667,12.054522480244092,24,82.78501009768617,73.13938323564717
Risdiplam,50,70,80.5036625,11.248320669655246,24,85.00392803029658,76.00339696970343
Risdiplam,50,72,82.01170291666666,10.91142312120949,24,86.37718135571308,77.64622447762025
Risdiplam,50,74,83.41855083333333,10.23485095838507,24,87.5133440321082,79.32375763455846
Risdiplam,50,76,84.40878208333334,9.709695014186227,24,88.29346914599101,80.52409502067566
Risdiplam,50,78,85.92576,8.850279435212153,24,89.46660922056178,82.38491077943821
Risdiplam,50,80,86.87473791666666,8.354512061944874,24,90.2172388782764,83.53223695505692
Risdiplam,50,82,88.2129175,7.665953442595751,24,91.27993763996098,85.14589736003903
Risdiplam,50,84,87.94283375,7.51423551449879,24,90.94915407687824,84.93651342312177
Risdiplam,100,0,11.013846625,2.974728439619815,24,12.203985869067644,9.823707380932355
Risdiplam,100,2,12.023012666666666,3.33411888424351,24,13.356938034668447,10.689087298664885
Risdiplam,100,4,13.099162083333333,3.7837512691075665,24,14.612977870743897,11.585346295922768
Risdiplam,100,6,14.117151458333334,4.156715435892403,24,15.780183989568203,12.454118927098465
Risdiplam,100,8,14.94245025,4.382740228640259,24,16.695911531771795,13.188988968228205
Risdiplam,100,10,15.943385583333333,4.770780729942964,24,17.852095398966945,14.03467576769972
Risdiplam,100,12,16.90243375,4.851178077772372,24,18.843309203846612,14.961558296153386
Risdiplam,100,14,18.016431999999998,5.3446249258043395,24,20.154727309347567,15.878136690652429
Risdiplam,100,16,19.07356525,5.299083533481478,24,21.19364020769764,16.953490292302362
Risdiplam,100,18,20.600974166666667,5.878623416957347,24,22.952913367715265,18.24903496561807
Risdiplam,100,20,22.044455,6.256647634865621,24,24.54763538694929,19.54127461305071
Risdiplam,100,22,23.69840625,6.807598116428317,24,26.42201273733294,20.974799762667065
Risdiplam,100,24,25.74270333333333,7.219109908992856,24,28.63094882677006,22.854457839896604
Risdiplam,100,26,27.864904583333335,7.522065817169815,24,30.874357683737248,24.85545148292942
Risdiplam,100,28,29.958672083333333,7.943196863056421,24,33.136612692690825,26.780731473975845
Risdiplam,100,30,31.96542583333333,8.283882427915652,24,35.27966905614153,28.651182610525137
Risdiplam,100,32,34.73062625,8.722724821521139,24,38.22044299664125,31.240809503358744
Risdiplam,100,34,37.016902916666666,8.874215373867036,24,40.567328507144225,33.46647732618911
Risdiplam,100,36,39.456820416666666,9.17261386861217,24,43.126630268993786,35.787010564339546
Risdiplam,100,38,42.8747425,9.664760669220243,24,46.74145208053252,39.00803291946749
Risdiplam,100,40,45.355109166666665,10.050459932760559,24,49.37613059087322,41.33408774246011
Risdiplam,100,42,47.8565125,9.821334990746577,24,51.785864855644306,43.927160144355696
Risdiplam,100,44,50.915393333333334,10.126389914589575,24,54.966793077111,46.86399358955567
Risdiplam,100,46,53.67987458333333,10.194089939556827,24,57.75835997817909,49.60138918848757
Risdiplam,100,48,56.315423333333335,10.072314269988526,24,60.345188313436175,52.285658353230495
Risdiplam,100,50,58.72971416666667,10.144768765125642,24,62.78846698207013,54.6709613512632
Risdiplam,100,52,61.79537166666667,10.385375498982533,24,65.95038722408587,57.640356109247456
Risdiplam,100,54,64.83001666666667,10.146948765221158,24,68.8896416637561,60.77039166957724
Risdiplam,100,56,67.94754333333333,10.277754673546445,24,72.05950159311,63.83558507355666
Risdiplam,100,58,70.01843458333333,9.716710263162732,24,73.90592833012481,66.13094083654185
Risdiplam,100,60,72.26836833333333,9.900760010912938,24,76.22949731510654,68.30723935156011
Risdiplam,100,62,74.97916541666666,9.660866947195641,24,78.84431718394629,71.11401364938703
Risdiplam,100,64,76.19560875,9.566715770726317,24,80.02309220157765,72.36812529842236
Risdiplam,100,66,78.99964708333333,9.090401797640371,24,82.63656525697931,75.36272890968735
Risdiplam,100,68,80.13628541666667,8.597530404219464,24,83.57601396460568,76.69655686872765
Risdiplam,100,70,83.05256916666667,7.857891117695924,24,86.1963803698082,79.90875796352515
Risdiplam,100,72,84.0817175,8.12371244420616,24,87.33187938321583,80.83155561678416
Risdiplam,100,74,84.51196208333333,7.740621475509113,24,87.6088556581477,81.41506850851896
Risdiplam,100,76,85.57175583333333,7.54588738203505,24,88.590739544607,82.55277212205965
Risdiplam,100,78,86.87771625,6.831125367962769,24,89.61073559834684,84.14469690165318
Risdiplam,100,80,88.04521208333334,6.16668997308716,24,90.51240190988015,85.57802225678653
Risdiplam,100,82,88.52937208333333,6.511912887901463,24,91.13467984138599,85.92406432528067
Risdiplam,100,84,88.6313025,6.128368145408232,24,91.08316040232219,86.17944459767781
Risdiplam,250,0,10.027355583333334,2.24428592594139,24,10.92525695805946,9.129454208607207
Risdiplam,250,2,10.885453583333334,2.5636112502218076,24,11.911111695443974,9.859795471222693
Risdiplam,250,4,11.773375291666667,2.722473732756703,24,12.86259163395275,10.684158949380585
Risdiplam,250,6,12.678023125,2.9279775273135775,24,13.849458108641528,11.50658814135847
Risdiplam,250,8,13.426379333333333,2.901392829920225,24,14.587178222856794,12.265580443809872
Risdiplam,250,10,14.374236333333332,3.1526852687008518,24,15.635573137224705,13.11289952944196
Risdiplam,250,12,15.444865666666667,3.4538279385819046,24,16.82668463111941,14.063046702213924
Risdiplam,250,14,16.352947666666665,3.5408040564229335,24,17.769564325510796,14.936331007822535
Risdiplam,250,16,17.647345041666668,3.9585346536898074,24,19.231088746675276,16.06360133665806
Risdiplam,250,18,18.714957875,4.047831493987177,24,20.33442775675593,17.09548799324407
Risdiplam,250,20,20.5524755,4.408288047352831,24,22.316158038019992,18.788792961980008
Risdiplam,250,22,22.087341666666667,4.879523226418092,24,24.03955754182129,20.135125791512046
Risdiplam,250,24,23.997921666666667,5.44491616681235,24,26.176341829150456,21.819501504182877
Risdiplam,250,26,25.929897083333334,5.8222071121006564,24,28.25926506157014,23.600529105096527
Risdiplam,250,28,27.935317916666666,6.5408434481687445,24,30.55220030945518,25.31843552387815
Risdiplam,250,30,29.754455833333335,7.012004598688264,24,32.55984194566978,26.94906972099689
Risdiplam,250,32,31.8387025,7.273335904412745,24,34.74864290996702,28.92876209003298
Risdiplam,250,34,34.5489575,7.745300563302184,24,37.647723099814975,31.450191900185025
Risdiplam,250,36,36.908509583333334,8.081573377399422,24,40.14181232860329,33.67520683806338
Risdiplam,250,38,39.81873041666667,8.83677034472903,24,43.35417487539491,36.283285957938425
Risdiplam,250,40,42.09000541666666,9.023097941383536,24,45.69999643973934,38.48001439359399
Risdiplam,250,42,44.611329166666664,9.448928867284797,24,48.391688042314655,40.83097029101867
Risdiplam,250,44,47.33820166666667,9.973029056067285,24,51.328244288294854,43.348159045038486
Risdiplam,250,46,49.48606541666667,10.12365502459118,24,53.53637097656121,45.43575985677213
Risdiplam,250,48,51.92647916666667,10.194462688536154,24,56.005113692163334,47.84784464117
Risdiplam,250,50,54.55574416666667,10.415270859420554,24,58.722720359281674,50.38876797405167
Risdiplam,250,52,56.84093375,10.816377647872617,24,61.168386080080424,52.51348141991957
Risdiplam,250,54,59.495915833333335,11.164855859895106,24,63.9627884850494,55.02904318161727
Risdiplam,250,56,61.86893666666667,11.277503545049578,24,66.38087777877398,57.35699555455936
Risdiplam,250,58,64.09454166666667,11.197636138473568,24,68.57452916121952,59.61455417211383
Risdiplam,250,60,66.56306833333333,11.446777872267079,24,71.14273328105249,61.983403385614174
Risdiplam,250,62,68.68376541666667,10.995866932014277,24,73.08302841628637,64.28450241704698
Risdiplam,250,64,70.75074875,10.794016118281265,24,75.06925460497716,66.43224289502284
Risdiplam,250,66,73.05948041666667,10.572220489484398,24,77.28924953908093,68.82971129425242
Risdiplam,250,68,74.2777225,10.222720052882313,24,78.36766232577025,70.18778267422974
Risdiplam,250,70,77.62874583333334,9.610068930604218,24,81.47357416124922,73.78391750541746
Risdiplam,250,72,78.42337083333334,9.4235885715788,24,82.19359147922754,74.65315018743914
Risdiplam,250,74,79.61055875,9.0926880945589,24,83.24839163291828,75.9727258670817
Risdiplam,250,76,80.90344541666667,8.523489943521033,24,84.31355161093049,77.49333922240285
Risdiplam,250,78,82.19899958333333,8.197726927847786,24,85.4787734272371,78.91922573942956
Risdiplam,250,80,83.21074791666666,7.381659385050502,24,86.16402674490539,80.25746908842794
Risdiplam,250,82,83.92757791666666,7.416404955076735,24,86.89475786807851,80.96039796525481
Risdiplam,250,84,84.42979666666666,7.180502531484685,24,87.30259599215373,81.5569973411796
Risdiplam,500,0,10.095306166666667,2.4017557533245233,24,11.056208593465021,9.134403739868313
Risdiplam,500,2,11.087657166666666,2.589824740737735,24,12.12380285921372,10.051511474119613
Risdiplam,500,4,11.9706865,2.91158893572584,24,13.135564681432701,10.805808318567298
Risdiplam,500,6,12.796901708333333,3.0925670519731443,24,14.034186216203981,11.559617200462686
Risdiplam,500,8,13.343262916666667,3.0798264152527213,24,14.575450108239991,12.111075725093343
Risdiplam,500,10,14.304159416666666,3.4647076210917436,24,15.690331160669132,12.9179876726642
Risdiplam,500,12,15.27200075,3.5725878059550498,24,16.701333557026928,13.842667942973073
Risdiplam,500,14,16.07177383333333,3.7791456774244816,24,17.583747000311327,14.559800666355338
Risdiplam,500,16,16.978138625,3.990526638765885,24,18.574681789760145,15.381595460239856
Risdiplam,500,18,18.356655416666666,4.12923465670564,24,20.008693346400396,16.704617486932936
Risdiplam,500,20,19.568687916666665,4.552675245184183,24,21.390137364832583,17.747238468500747
Risdiplam,500,22,21.2053425,5.051643437166932,24,23.226420801311267,19.184264198688734
Risdiplam,500,24,22.9735275,5.262660134126459,24,25.079030062988462,20.868024937011537
Risdiplam,500,26,24.946818333333333,5.633685553976549,24,27.200761979826783,22.692874686839883
Risdiplam,500,28,26.34640875,5.99512367459937,24,28.744957761449133,23.947859738550864
Risdiplam,500,30,28.22363,6.041437814533024,24,30.640708526532308,25.806551473467692
Risdiplam,500,32,30.49249,6.198129299806655,24,32.97225817690565,28.012721823094353
Risdiplam,500,34,32.36179083333333,6.94840124613157,24,35.14173030491972,29.581851361746946
Risdiplam,500,36,34.68480666666667,7.177611841369734,24,37.55644947524199,31.81316385809134
Risdiplam,500,38,36.80847,7.365579158936283,24,39.755315397913755,33.861624602086245
Risdiplam,500,40,38.647027916666666,7.835599933803231,24,41.781920788845916,35.512135044487415
Risdiplam,500,42,40.59402541666667,8.09495918853422,24,43.832683601758625,37.35536723157471
Risdiplam,500,44,42.803666666666665,8.44763366111052,24,46.183424027267755,39.423909306065575
Risdiplam,500,46,44.47662666666667,8.563284718937496,24,47.90265408698299,41.050599246350345
Risdiplam,500,48,46.38172,8.779398720828606,24,49.89421102869733,42.869228971302675
Risdiplam,500,50,47.17514625,9.050163663243556,24,50.7959658170586,43.554326682941394
Risdiplam,500,52,48.66505958333333,9.295594314953481,24,52.38407186150019,44.94604730516647
Risdiplam,500,54,50.05225708333333,9.69897243911794,24,53.93265422250883,46.17185994415783
Risdiplam,500,56,51.297826666666666,9.513403224112931,24,55.103980657349425,47.49167267598391
Risdiplam,500,58,52.066021666666664,9.396453529618256,24,55.82538603475865,48.30665729857468
Risdiplam,500,60,52.98405833333334,9.453774005652184,24,56.766355668047765,49.20176099861891
Risdiplam,500,62,53.042810833333334,9.653069374278978,24,56.90484292171623,49.18077874495044
Risdiplam,500,64,54.37094375,9.504141495796457,24,58.17339227762586,50.568495222374146
Risdiplam,500,66,55.33136833333334,10.107907760204242,24,59.37537367533774,51.28736299132893
Risdiplam,500,68,55.23042791666667,9.620538606410035,24,59.07944498728699,51.38141084604635
Risdiplam,500,70,58.35244208333333,10.200595286118899,24,62.433530158859675,54.271354007806984
Risdiplam,500,72,56.9490275,10.305591345589917,24,61.07212274807514,52.82593225192486
Risdiplam,500,74,57.37698625,11.06774898748801,24,61.80500806135663,52.94896443864337
Risdiplam,500,76,57.74574125,10.255457568531101,24,61.84877880987196,53.642703690128045
Risdiplam,500,78,58.46810583333333,10.348460211029892,24,62.60835219961787,54.327859467048796
Risdiplam,500,80,58.90409833333334,10.655189145824336,24,63.16706183161819,54.64113483504848
Risdiplam,500,82,57.920810833333334,10.46851123515449,24,62.10908761247783,53.73253405418884
Risdiplam,500,84,58.04142791666667,11.13832892449389,24,62.49768758387452,53.58516824945882
Risdiplam,750,0,10.97428,3.010213323622575,24,12.178616154434451,9.76994384556555
Risdiplam,750,2,11.946774583333333,3.220054865444942,24,13.23506483947072,10.658484327195946
Risdiplam,750,4,12.797713625,3.427991906640081,24,14.169196023897577,11.426231226102423
Risdiplam,750,6,13.536832416666666,3.622709723051252,24,14.986218166923505,12.087446666409827
Risdiplam,750,8,14.124093083333333,3.665771799736821,24,15.590707252397065,12.657478914269602
Risdiplam,750,10,15.059824291666667,4.150631437937895,24,16.720422716772703,13.39922586656063
Risdiplam,750,12,16.104517583333333,4.362444406985127,24,17.849858845300744,14.35917632136592
Risdiplam,750,14,16.987418208333334,4.515477802743012,24,18.79398558005874,15.180850836607926
Risdiplam,750,16,18.092471083333333,4.6915969950933585,24,19.96950080706975,16.215441359596916
Risdiplam,750,18,19.147227916666665,5.360288315353276,24,21.291789886980332,17.002665946352998
Risdiplam,750,20,20.868758333333332,5.433171948441125,24,23.042479829885693,18.69503683678097
Risdiplam,750,22,22.13924375,5.873202652889027,24,24.489014193737972,19.789473306262025
Risdiplam,750,24,24.020169583333335,6.435963797907667,24,26.595091376956788,21.44524778970988
Risdiplam,750,26,25.825947916666667,6.589772240889651,24,28.4624059035183,23.189489929815036
Risdiplam,750,28,27.321084166666665,6.773383579540625,24,30.031001988330058,24.611166345003273
Risdiplam,750,30,29.091845,7.33268454907146,24,32.025529813035824,26.158160186964178
Risdiplam,750,32,30.991298333333333,7.786313341486745,24,34.10647246179771,27.876124204868958
Risdiplam,750,34,32.42458875,7.118628510033628,24,35.27263331127517,29.576544188724824
Risdiplam,750,36,34.65639208333333,7.461090767548074,24,37.6414500831636,31.671334083503062
Risdiplam,750,38,36.4220175,7.7651332726177476,24,39.528717836094856,33.31531716390515
Risdiplam,750,40,37.80222083333334,7.648474148572503,24,40.862247799228875,34.7421938674378
Risdiplam,750,42,39.26598833333333,7.9118158980898095,24,42.43137394189611,36.10060272477055
Risdiplam,750,44,40.48489416666666,8.599882157642535,24,43.92556361193394,37.04422472139939
Risdiplam,750,46,41.84794625,8.4873273616261,24,45.2435843982712,38.452308101728796
Risdiplam,750,48,42.861810416666664,8.579207272926732,24,46.294208185319995,39.42941264801333
Risdiplam,750,50,43.307673333333334,8.820142871090539,24,46.83646541712768,39.77888124953899
Risdiplam,750,52,44.528452916666666,8.366553489688663,24,47.875771452721736,41.181134380611596
Risdiplam,750,54,44.905080416666664,8.402991248024604,24,48.26697709221973,41.543183741113594
Risdiplam,750,56,46.07648125,8.21765894208707,24,49.36422956042768,42.78873293957232
Risdiplam,750,58,46.238044583333334,8.002514785227355,24,49.43971730420457,43.0363718624621
Risdiplam,750,60,46.658672083333336,7.8759572723822675,24,49.809711253705494,43.50763291296118
Risdiplam,750,62,47.30207458333334,8.05398478409883,24,50.52433959247304,44.07980957419363
Risdiplam,750,64,47.71177333333333,7.874597478503222,24,50.86226847284952,44.561278193817145
Risdiplam,750,66,47.8738375,7.768378499738119,24,50.98183619735043,44.76583880264957
Risdiplam,750,68,48.26352958333333,8.07223654936096,24,51.49309681939992,45.03396234726674
Risdiplam,750,70,49.0569725,8.169630432274767,24,52.32550540454377,45.78843959545623
Risdiplam,750,72,48.03839583333333,8.351214725419299,24,51.37957758558342,44.697214081083246
Risdiplam,750,74,47.87566875,8.54549883251605,24,51.294580333744904,44.4567571662551
Risdiplam,750,76,48.289017083333334,8.238232670554739,24,51.5849965994469,44.993037567219766
Risdiplam,750,78,48.230896666666666,7.922451293829545,24,51.400537319716015,45.06125601361732
Risdiplam,750,80,47.4992225,8.14662352057814,24,50.75855072282215,44.239894277177854
Risdiplam,750,82,46.727037083333336,8.663642522239748,24,50.19321598724986,43.260858179416815
Risdiplam,750,84,45.722132083333335,7.994838809433071,24,48.92073377428883,42.52353039237784
Risdiplam,1000,0,9.439857083333333,2.1202691536053893,24,10.288141415470342,8.591572751196324
Risdiplam,1000,2,10.380902833333334,2.1927225833882895,24,11.258174574540513,9.503631092126154
Risdiplam,1000,4,11.053715541666667,2.4543518793231605,24,12.035660801418508,10.071770281914826
Risdiplam,1000,6,11.783562083333333,2.4425588748608082,24,12.76078915865221,10.806335008014456
Risdiplam,1000,8,12.246258291666667,2.5505129740228387,24,13.26667600188838,11.225840581444954
Risdiplam,1000,10,12.968059458333334,2.6318280193649497,24,14.021009962239956,11.915108954426712
Risdiplam,1000,12,13.884351041666667,2.8077465555834054,24,15.007683618411939,12.761018464921396
Risdiplam,1000,14,14.643556125,3.0924378219966555,24,15.880788930112008,13.406323319887992
Risdiplam,1000,16,15.339447208333333,3.2227436098003714,24,16.628813186251588,14.05008123041508
Risdiplam,1000,18,16.493241208333334,3.5430688739646,24,17.91076398290927,15.075718433757398
Risdiplam,1000,20,17.90828875,3.9553505716151927,24,19.490758556866222,16.32581894313378
Risdiplam,1000,22,19.180274583333333,4.250127229722177,24,20.880679615605565,17.4798695510611
Risdiplam,1000,24,20.730240833333333,4.8077706901802,24,22.6537497152375,18.806731951429168
Risdiplam,1000,26,22.218141666666668,5.0752876503433315,24,24.248679623394388,20.187603709938948
Risdiplam,1000,28,23.760357083333332,5.535937313775901,24,25.975193288908173,21.54552087775849
Risdiplam,1000,30,25.261685,6.040503216350366,24,27.678389609384173,22.844980390615827
Risdiplam,1000,32,26.851173333333335,6.206743564721721,24,29.334387933985656,24.367958732681014
Risdiplam,1000,34,28.4400175,6.626419308644457,24,31.091137367557817,25.788897632442183
Risdiplam,1000,36,29.588861666666666,7.038971054417509,24,32.40503660826542,26.772686725067913
Risdiplam,1000,38,31.507157083333333,7.194981835401115,24,34.385749336869964,28.6285648297967
Risdiplam,1000,40,32.61469375,7.012450389203609,24,35.42025821568792,29.80912928431208
Risdiplam,1000,42,33.32271458333334,7.309099171543098,24,36.24696328011438,30.398465886552295
Risdiplam,1000,44,34.19740041666667,7.772955297723824,24,37.30723021457149,31.087570618761845
Risdiplam,1000,46,35.080457083333336,7.506968346298384,24,38.08386993739713,32.07704422926954
Risdiplam,1000,48,35.94600333333334,7.803335788594108,24,39.06798785903018,32.82401880763649
Risdiplam,1000,50,36.020057916666666,7.636246485826932,24,39.0751927985982,32.96492303473513
Risdiplam,1000,52,36.56078125,7.942497703727994,24,39.73844213736891,33.38312036263109
Risdiplam,1000,54,37.14214916666667,7.70574961017106,24,40.225091089659685,34.059207243673654
Risdiplam,1000,56,37.55761416666667,7.961155954182028,24,40.74273990890946,34.37248842442387
Risdiplam,1000,58,37.68238958333333,7.716345369669042,24,40.76957069301354,34.59520847365312
Risdiplam,1000,60,37.755602083333336,8.092440696614705,24,40.99325266180502,34.51795150486165
Risdiplam,1000,62,37.94548625,8.098819828432767,24,41.18568901273787,34.705283487262136
Risdiplam,1000,64,38.052774166666666,7.971749871172477,24,41.242138358440116,34.863409974893216
Risdiplam,1000,66,38.3794375,7.900220988263143,24,41.54018417849026,35.218690821509746
Risdiplam,1000,68,38.3645375,7.973208450037538,24,41.55448524485505,35.17458975514494
Risdiplam,1000,70,39.39922833333333,7.8753405503798986,24,42.5500207635164,36.248435903150266
Risdiplam,1000,72,38.3109725,7.291057146030364,24,41.2280028832304,35.393942116769594
Risdiplam,1000,74,37.8395275,7.695865432874103,24,40.91851492847858,34.760540071521426
Risdiplam,1000,76,37.82198041666667,7.726394159128924,24,40.91318187944274,34.7307789538906
Risdiplam,1000,78,37.81796625,7.679816167665004,24,40.890532635095454,34.74539986490454
Risdiplam,1000,80,37.57421541666667,7.648290741298648,24,40.63416900437032,34.514261828963015
Risdiplam,1000,82,36.22565916666667,7.497327798842973,24,39.22521499845301,33.22610333488032
Risdiplam,1000,84,36.338694583333336,7.820337875171034,24,39.46748136035394,33.20990780631273
Risdiplam,1250,0,10.771782166666666,3.0333027452490975,24,11.985356013669808,9.558208319663525
Risdiplam,1250,2,12.123068458333334,3.4223958231357647,24,13.492311957537458,10.75382495912921
Risdiplam,1250,4,13.033376208333333,3.8160769383044126,24,14.560124956947856,11.50662745971881
Risdiplam,1250,6,13.759099375,4.082412609505836,24,15.392404584422898,12.125794165577101
Risdiplam,1250,8,14.36764175,3.927197886249268,24,15.938848136907069,12.796435363092932
Risdiplam,1250,10,15.128721125,4.278557654017382,24,16.8405006959456,13.4169415540544
Risdiplam,1250,12,16.160984166666665,4.218107865276034,24,17.848578785157958,14.473389548175373
Risdiplam,1250,14,16.763853833333332,4.234421239902657,24,18.45797516098158,15.069732505685083
Risdiplam,1250,16,17.549785416666666,4.4123145265938515,24,19.31507888188806,15.784491951445272
Risdiplam,1250,18,18.64577125,4.525255238589899,24,20.456250410765627,16.835292089234372
Risdiplam,1250,20,20.117366666666666,4.8780167914008254,24,22.068979842291203,18.16575349104213
Risdiplam,1250,22,21.54023375,5.3102822613646055,24,23.66478913198102,19.415678368018977
Risdiplam,1250,24,22.761265,5.522570369590437,24,24.97075331410465,20.551776685895355
Risdiplam,1250,26,24.772554583333335,6.0993389875054635,24,27.212798403649856,22.332310763016814
Risdiplam,1250,28,26.329495833333333,6.300916111494123,24,28.850387299589546,23.80860436707712
Risdiplam,1250,30,27.6687225,6.529746028246594,24,30.281165000130976,25.056279999869027
Risdiplam,1250,32,28.944569166666668,6.649955039802192,24,31.605105287794245,26.28403304553909
Risdiplam,1250,34,30.63835458333333,6.896261450921121,24,33.39743379230511,27.87927537436155
Risdiplam,1250,36,32.10237583333333,7.429875873619329,24,35.07494527462185,29.129806392044816
Risdiplam,1250,38,33.211007083333335,7.536913146329683,24,36.22640035254977,30.1956138141169
Risdiplam,1250,40,33.98883791666667,7.76190590023676,24,37.094247034889435,30.883428798443898
Risdiplam,1250,42,35.16596208333333,8.390306700894675,24,38.522783883098924,31.809140283567743
Risdiplam,1250,44,35.73161666666667,8.146198945692225,24,38.990775024156896,32.47245830917644
Risdiplam,1250,46,36.19165666666667,8.298122501430887,24,39.51159710543016,32.87171622790317
Risdiplam,1250,48,36.62324625,8.68290285860558,24,40.09713089332373,33.14936160667627
Risdiplam,1250,50,37.07076375,8.619545499008943,24,40.519300170254965,33.62222732974503
Risdiplam,1250,52,37.546985416666665,9.18091293415808,24,41.220115586728916,33.873855246604414
Risdiplam,1250,54,37.52911625,9.297967450428317,24,41.24907798009748,33.80915451990252
Risdiplam,1250,56,37.97826625,8.942867354140667,24,41.556158352989556,34.40037414701044
Risdiplam,1250,58,38.323384583333336,9.023696408473866,24,41.93361504310921,34.713154123557466
Risdiplam,1250,60,38.47651875,9.065522907221101,24,42.10348329445332,34.849554205546674
Risdiplam,1250,62,38.20107458333333,8.955293467450693,24,41.7839381670485,34.618210999618164
Risdiplam,1250,64,38.49038958333333,8.615921269515084,24,41.937476009803085,35.04330315686358
Risdiplam,1250,66,38.458099583333336,8.782362453730267,24,41.971776352143344,34.94442281452333
Risdiplam,1250,68,38.250479166666665,9.135150584858618,24,41.905300583877185,34.595657749456144
Risdiplam,1250,70,39.55522583333333,9.275873510392861,24,43.26634814644671,35.84410352021995
Risdiplam,1250,72,37.91900625,9.445625052861343,24,41.69804332458941,34.13996917541059
Risdiplam,1250,74,38.45761208333333,8.918413464172815,24,42.025720592723815,34.88950357394285
Risdiplam,1250,76,37.95386125,8.948735686804085,24,41.53410117503172,34.37362132496828
Risdiplam,1250,78,38.05644375,9.228488586128902,24,41.74860814507535,34.36427935492465
Risdiplam,1250,80,37.998276249999996,8.986250838856577,24,41.593525361789794,34.4030271382102
Risdiplam,1250,82,36.943574166666664,8.915657696445164,24,40.51058013934269,33.376568193990636
Risdiplam,1250,84,36.98535625,8.849220981441304,24,40.52578200085816,33.44493049914185
Risdiplam,1500,0,10.331631541666667,2.4339809424924317,24,11.30542672928494,9.357836354048393
Risdiplam,1500,2,11.429058041666668,2.783900269442097,24,12.54285011697186,10.315265966361476
Risdiplam,1500,4,12.020739541666666,2.9377799695688283,24,13.19609631899541,10.845382764337922
Risdiplam,1500,6,12.875023166666667,3.090712516516352,24,14.11156570582607,11.638480627507263
Risdiplam,1500,8,13.25116575,3.027705348037315,24,14.462500171717238,12.039831328282762
Risdiplam,1500,10,14.300254791666667,3.281672098204034,24,15.613197075142327,12.987312508191007
Risdiplam,1500,12,15.119511333333334,3.3252671090533683,24,16.44989525368795,13.789127412978718
Risdiplam,1500,14,15.815230458333334,3.4646455094351847,24,17.201377352497744,14.429083564168923
Risdiplam,1500,16,16.605716958333332,3.5548251559414585,24,18.027943225288148,15.183490691378516
Risdiplam,1500,18,17.809408333333334,3.898678712762175,24,19.369204674495286,16.24961199217138
Risdiplam,1500,20,19.180823750000002,4.29466094939004,24,20.89904598089619,17.462601519103814
Risdiplam,1500,22,20.63286,4.489838842190606,24,22.429169651146914,18.836550348853088
Risdiplam,1500,24,22.069585833333335,4.988243678517404,24,24.0652989484218,20.07387271824487
Risdiplam,1500,26,23.42517625,5.340145110264011,24,25.561679259852355,21.288673240147645
Risdiplam,1500,28,24.67496416666667,5.780478334212051,24,26.98763715671203,22.36229117662131
Risdiplam,1500,30,26.199760833333332,5.993683512963725,24,28.597733660127236,23.80178800653943
Risdiplam,1500,32,27.26113375,6.1869258883557885,24,29.73641962880491,24.785847871195088
Risdiplam,1500,34,28.570952916666666,6.392916478945223,24,31.12865219580216,26.01325363753117
Risdiplam,1500,36,29.364412083333335,6.7618030679012,24,32.06969673539882,26.659127431267844
Risdiplam,1500,38,30.258389166666667,6.942301393102207,24,33.035888188773164,27.480890144560174
Risdiplam,1500,40,30.743283333333334,6.797594026146416,24,33.46288735096614,28.023679315700527
Risdiplam,1500,42,31.613959583333333,7.307252001665718,24,34.53746925824863,28.690449908418035
Risdiplam,1500,44,31.976159583333335,7.296395160758126,24,34.895325617243074,29.05699354942359
Risdiplam,1500,46,32.0242775,7.299063963107962,24,34.94451127722671,29.104043722773287
Risdiplam,1500,48,32.193746250000004,7.281043607832252,24,35.10677038357655,29.280722116423455
Risdiplam,1500,50,32.195712916666665,7.070638108847208,24,35.02455731868367,29.36686851464966
Risdiplam,1500,52,32.489353333333334,7.397084603748595,24,35.44880353435232,29.529903132314345
Risdiplam,1500,54,32.862089166666664,7.570292430968693,24,35.890836931056064,29.833341402277263
Risdiplam,1500,56,32.829773333333335,7.527914392616478,24,35.84156635124644,29.81798031542023
Risdiplam,1500,58,32.79567875,7.410266350598432,24,35.760402748123425,29.830954751876575
Risdiplam,1500,60,33.03363,7.5143138527282956,24,36.03998166869755,30.027278331302455
Risdiplam,1500,62,32.84478333333333,7.522855184643005,24,35.85455224650029,29.83501442016637
Risdiplam,1500,64,33.11411,7.355311453048594,24,36.05684746000563,30.171372539994362
Risdiplam,1500,66,33.096120416666665,7.606582571581171,24,36.13938726116449,30.052853572168843
Risdiplam,1500,68,32.98867,7.3508603244051,24,35.92962663765948,30.04771336234052
Risdiplam,1500,70,33.86663291666667,7.43649440996196,24,36.84185032397949,30.891415509353845
Risdiplam,1500,72,33.23102083333333,7.372537701955535,24,36.18065022827298,30.281391438393683
Risdiplam,1500,74,33.19301291666667,7.684399824802296,24,36.267413146548684,30.118612686784648
Risdiplam,1500,76,33.01064125,7.225433212928459,24,35.901416591898084,30.119865908101914
Risdiplam,1500,78,32.66613625,7.61722119064016,24,35.71365942858068,29.618613071419322
Risdiplam,1500,80,32.47132,7.378731252715469,24,35.423427331319104,29.519212668680897
Risdiplam,1500,82,32.04664625,7.447724524424901,24,35.02635663884341,29.066935861156594
Risdiplam,1500,84,31.39178666666667,7.372421317895657,24,34.341369498284706,28.44220383504863
Risdiplam,1750,0,10.234394166666666,2.777855486838139,24,11.345767825250851,9.123020508082481
Risdiplam,1750,2,11.384107166666666,2.974189401451963,24,12.574030750552,10.194183582781333
Risdiplam,1750,4,12.166422541666666,3.47655467452863,24,13.557334094195522,10.77551098913781
Risdiplam,1750,6,12.600178125,3.4971086741932758,24,13.999312990049635,11.201043259950364
Risdiplam,1750,8,13.275327291666667,3.4207986374522505,24,14.64393178351244,11.906722799820894
Risdiplam,1750,10,13.945373958333333,3.7583556391569126,24,15.44902937768154,12.441718538985125
Risdiplam,1750,12,14.605144833333334,3.8095812366084756,24,16.12929476001738,13.080994906649288
Risdiplam,1750,14,14.938965208333332,3.795376540412638,24,16.45743207293764,13.420498343729024
Risdiplam,1750,16,15.933572958333333,3.987422122183132,24,17.528874057777603,14.338271858889062
Risdiplam,1750,18,16.86734166666667,4.315265115720517,24,18.59380728093009,15.140876052403248
Risdiplam,1750,20,17.937480208333334,4.653274691318007,24,19.799177817366882,16.075782599299785
Risdiplam,1750,22,19.209142833333335,4.878931657874504,24,21.161122031778277,17.257163634888393
Risdiplam,1750,24,20.538174833333333,5.1518740926016235,24,22.59935374850322,18.476995918163446
Risdiplam,1750,26,21.639703333333333,5.506669003856314,24,23.84282977616852,19.436576890498145
Risdiplam,1750,28,22.775049166666665,5.711787224545942,24,25.060239989182595,20.489858344150736
Risdiplam,1750,30,23.846283333333332,5.900451523779799,24,26.20695559593037,21.485611070736294
Risdiplam,1750,32,25.2142475,6.38147164601126,24,27.767367892325154,22.661127107674844
Risdiplam,1750,34,26.035334166666665,6.445780242785006,24,28.614183356192935,23.456484977140395
Risdiplam,1750,36,26.960789166666668,6.882773641829298,24,29.714472128134684,24.207106205198652
Risdiplam,1750,38,27.5535775,7.187664370629089,24,30.429242157902596,24.677912842097403
Risdiplam,1750,40,27.860164166666667,6.813637779147448,24,30.586187022340066,25.134141310993268
Risdiplam,1750,42,28.717215833333334,7.392638090968796,24,31.67488705873626,25.75954460793041
Risdiplam,1750,44,29.049832083333335,7.215213211083309,24,31.936518572915237,26.163145593751434
Risdiplam,1750,46,29.153985416666668,7.324263671965215,24,32.08430117719332,26.22366965614002
Risdiplam,1750,48,29.55786541666667,7.309317944282983,24,32.48220164077283,26.63352919256051
Risdiplam,1750,50,29.4543,7.133360147636383,24,32.30823844382489,26.60036155617511
Risdiplam,1750,52,29.648939166666665,7.356133033668257,24,32.59200532737808,26.705873005955244
Risdiplam,1750,54,29.997904166666668,7.388485916942081,24,32.95391417648044,27.041894156852894
Risdiplam,1750,56,29.574294166666668,6.924727343474893,24,32.34476210457062,26.803826228762716
Risdiplam,1750,58,29.6469525,7.027741965771917,24,32.45863487048059,26.83527012951942
Risdiplam,1750,60,30.097825416666666,7.492838653234154,24,33.095585216152976,27.100065617180356
Risdiplam,1750,62,30.138075416666666,6.831451673032784,24,32.871225314230756,27.404925519102576
Risdiplam,1750,64,29.982937916666668,7.186111659254216,24,32.857981360640174,27.107894472693157
Risdiplam,1750,66,30.212403333333334,7.553185794710367,24,33.23430701781485,27.19049964885182
Risdiplam,1750,68,30.17554,7.332373559168361,24,33.109100391161455,27.241979608838545
Risdiplam,1750,70,31.08122416666667,7.355527347216022,24,34.024048002328584,28.138400331004757
Risdiplam,1750,72,30.413245416666665,8.237755697268934,24,33.709034103722274,27.117456729611057
Risdiplam,1750,74,30.367434166666666,7.600741897682218,24,33.40836425493277,27.326504078400557
Risdiplam,1750,76,30.13584416666667,7.5099556338381035,24,33.14045218466106,27.131236148672283
Risdiplam,1750,78,30.075313333333334,7.584817759591491,24,33.10987243948984,27.040754227176823
Risdiplam,1750,80,29.826775,7.329212506318985,24,32.75907070662807,26.894479293371933
Risdiplam,1750,82,30.084934583333332,7.304328597507442,24,33.00727465299368,27.162594513672985
Risdiplam,1750,84,28.9335475,7.162609093138235,24,31.79918795918391,26.06790704081609
Risdiplam,2000,0,8.417990666666666,1.7536729374750104,24,9.119605965848443,7.716375367484891
Risdiplam,2000,2,9.24338175,1.9720878168938945,24,10.032381200293713,8.454382299706285
Risdiplam,2000,4,9.619302166666667,1.8584340208820898,24,10.362830628392363,8.875773704940972
Risdiplam,2000,6,10.137234916666667,2.0078077707643125,24,10.940525324861365,9.33394450847197
Risdiplam,2000,8,10.523715416666667,2.058909154781914,24,11.347450636473578,9.699980196859755
Risdiplam,2000,10,10.959732166666667,2.1837638089678757,24,11.833419651618897,10.086044681714437
Risdiplam,2000,12,11.395189958333333,2.395383162352029,24,12.353542817748748,10.436837098917918
Risdiplam,2000,14,11.903546833333333,2.364665492368528,24,12.849610065216106,10.95748360145056
Risdiplam,2000,16,12.376902375,2.4767307750247283,24,13.367801057746222,11.386003692253778
Risdiplam,2000,18,13.093064958333333,2.7161054838417877,24,14.179733470421308,12.006396446245358
Risdiplam,2000,20,13.898329541666667,3.1181117675293,24,15.145834064264378,12.650825019068957
Risdiplam,2000,22,14.816966333333333,3.3190531131854417,24,16.14486413756172,13.489068529104948
Risdiplam,2000,24,15.8493175,3.4775565787392457,24,17.240629897696422,14.458005102303575
Risdiplam,2000,26,16.978633333333335,3.8647662877768214,24,18.524861878760046,15.432404787906622
Risdiplam,2000,28,18.070624166666665,4.069864416645539,24,19.698909053371608,16.442339279961722
Risdiplam,2000,30,18.480415833333332,3.940842242111193,24,20.05708109949641,16.903750567170253
Risdiplam,2000,32,19.716344583333335,4.548156887982666,24,21.535986312128095,17.896702854538574
Risdiplam,2000,34,20.336645833333332,4.543721362458325,24,22.154512982329724,18.51877868433694
Risdiplam,2000,36,20.963416666666667,4.691278902899337,24,22.840319127020553,19.08651420631278
Risdiplam,2000,38,21.56779,4.912913593936591,24,23.53336480440286,19.602215195597136
Risdiplam,2000,40,21.81765125,4.781577769079913,24,23.73068078094795,19.904621719052052
Risdiplam,2000,42,22.054501666666667,4.935086856236382,24,24.028947623568868,20.080055709764466
Risdiplam,2000,44,22.37739625,4.980455036014639,24,24.369993259101413,20.384799240898587
Risdiplam,2000,46,22.669621666666668,5.020248807002945,24,24.678139499965624,20.66110383336771
Risdiplam,2000,48,22.74070875,5.305154245026666,24,24.863212498155658,20.61820500184434
Risdiplam,2000,50,22.841037083333333,4.966026701270806,24,24.8278615563012,20.854212610365465
Risdiplam,2000,52,22.88859625,5.13726673481634,24,24.94393100490273,20.83326149509727
Risdiplam,2000,54,22.760475,5.096075673952671,24,24.79932989832634,20.721620101673658
Risdiplam,2000,56,23.19254625,5.267375503775318,24,25.299935353754552,21.085157146245447
Risdiplam,2000,58,23.267295833333332,5.241589023798792,24,25.364368196447735,21.17022347021893
Risdiplam,2000,60,23.157709583333332,5.181965431640509,24,25.230927541469203,21.08449162519746
Risdiplam,2000,62,23.407720416666667,5.20199048968547,24,25.488950066601568,21.326490766731766
Risdiplam,2000,64,23.29461375,5.111548414772532,24,25.339659033915073,21.249568466084927
Risdiplam,2000,66,23.40647625,5.1341496862977625,24,25.46056392576831,21.352388574231693
Risdiplam,2000,68,23.61685625,5.136267168250747,24,25.671791094987956,21.561921405012047
Risdiplam,2000,70,23.86442125,5.537616510130715,24,26.07992927403522,21.64891322596478
Risdiplam,2000,72,23.937022083333332,4.794554478905326,24,25.85524337949131,22.018800787175355
Risdiplam,2000,74,23.825312916666668,4.885224218088201,24,25.779809663522496,21.87081616981084
Risdiplam,2000,76,23.936217916666667,4.855640922577422,24,25.878878880300302,21.993556953033032
Risdiplam,2000,78,23.5649725,4.868605982076924,24,25.51282056774254,21.61712443225746
Risdiplam,2000,80,23.573455,4.964907364530975,24,25.55983164500359,21.587078354996407
Risdiplam,2000,82,23.316466666666667,4.884271812048446,24,25.270582371747686,21.362350961585648
Risdiplam,2000,84,22.382880416666666,4.542346984362082,24,24.20019769990498,20.565563133428352
