exp,drug_conc,Elapsed,mean_count,std_dev,number,upper,lower
Branaplam,0,0,36.833333333333336,19.992752309963134,24,44.83210014649904,28.834566520167634
Branaplam,0,2,39.833333333333336,20.601111550143337,24,48.07549453389467,31.591172132772
Branaplam,0,4,39.375,20.59297579695351,24,47.61390622137658,31.13609377862342
Branaplam,0,6,40.708333333333336,20.255925953455794,24,48.81239153274904,32.60427513391763
Branaplam,0,8,38.833333333333336,20.44221264861058,24,47.01192173308549,30.65474493358119
Branaplam,0,10,37.208333333333336,19.037672415883534,24,44.82498860716492,29.59167805950175
Branaplam,0,12,35.875,19.40038659408621,24,43.63677116814627,28.113228831853732
Branaplam,0,14,34.458333333333336,20.012993967326125,24,42.46519849607334,26.45146817059333
Branaplam,0,16,34.041666666666664,20.197888754642836,24,42.122505150627646,25.960828182705686
Branaplam,0,18,34.166666666666664,21.21661913539082,24,42.65508218828393,25.6782511450494
Branaplam,0,20,32.458333333333336,19.26018458231716,24,40.16401201448778,24.75265465217889
Branaplam,0,22,31.583333333333332,18.391672658798758,24,38.94153487662439,24.22513179004228
Branaplam,0,24,30.791666666666668,17.956418657808488,24,37.97573034217232,23.607602991161013
Branaplam,0,26,30.458333333333332,17.37058775173079,24,37.408015832250015,23.508650834416652
Branaplam,0,28,29.791666666666668,17.348046291871817,24,36.732330703380406,22.85100262995293
Branaplam,0,30,28.291666666666668,17.188163689425718,24,35.16836434023934,21.414968993093996
Branaplam,0,32,27.666666666666668,16.169393166174135,24,34.13577124223676,21.19756209109658
Branaplam,0,34,26.375,15.248128894477798,24,32.47552210286433,20.274477897135668
Branaplam,0,36,24.958333333333332,15.820952443891741,24,31.288032586287635,18.62863408037903
Branaplam,0,38,24.375,15.942321308255337,24,30.75325691171844,17.99674308828156
Branaplam,0,40,23.333333333333332,16.212358857061638,24,29.819627765359773,16.84703890130689
Branaplam,0,42,22.375,15.841092682997102,24,28.712757026774913,16.037242973225087
Branaplam,0,44,21.041666666666668,15.459566242485495,24,27.22678132667807,14.856552006655267
Branaplam,0,46,19.833333333333332,15.216314661706296,24,25.921127092179105,13.745539574487559
Branaplam,0,48,18.916666666666668,14.696691927885963,24,24.796568034599495,13.036765298733838
Branaplam,0,50,18.375,15.341935992566258,24,24.51305275854376,12.236947241456239
Branaplam,0,52,17.208333333333332,14.470296913112156,24,22.997657831070235,11.419008835596431
Branaplam,0,54,16.083333333333332,14.11726253383691,24,21.731414662892426,10.435252003774238
Branaplam,0,56,15.833333333333334,13.483215545606152,24,21.227743035853837,10.43892363081283
Branaplam,0,58,15,13.660479334641735,24,20.46532998857873,9.53467001142127
Branaplam,0,60,14.291666666666666,13.339966647069533,24,19.628764873607533,8.954568459725799
Branaplam,0,62,13.625,12.76480385244146,24,18.731985163848442,8.518014836151556
Branaplam,0,64,13,12.998327651630053,24,18.200414141813788,7.799585858186214
Branaplam,0,66,12.125,11.410569089949973,24,16.690178417708037,7.559821582291963
Branaplam,0,68,11.625,11.477056507962159,24,16.21677892495405,7.033221075045949
Branaplam,0,70,10.5,10.400668874811767,24,14.661134182066162,6.338865817933838
Branaplam,0,72,9.458333333333334,9.731076023734998,24,13.35157458137576,5.5650920852909085
Branaplam,0,74,8.916666666666666,9.72632763561676,24,12.808008163803995,5.025325169529337
Branaplam,0,76,8.416666666666666,9.491033144232905,24,12.213870761418233,4.619462571915099
Branaplam,0,78,7.833333333333333,9.411679454004345,24,11.59878933987465,4.067877326792018
Branaplam,0,80,7.416666666666667,9.690500353513707,24,11.29367426566687,3.539659067666464
Branaplam,0,82,6.958333333333333,8.80947694576534,24,10.482858158263056,3.4338085084036094
Branaplam,0,84,6.375,8.229387953363027,24,9.667440892253877,3.0825591077461234
Branaplam,25,0,37.875,18.178612612675895,24,45.147959771687155,30.60204022831284
Branaplam,25,2,42.166666666666664,20.044877187183648,24,50.18628777400796,34.14704555932537
Branaplam,25,4,42.166666666666664,20.695865301545382,24,50.446737263112425,33.886596070220904
Branaplam,25,6,41.708333333333336,18.903597924542133,24,49.27134763891768,34.14531902774899
Branaplam,25,8,41.625,18.96865263029232,24,49.2140416085453,34.0359583914547
Branaplam,25,10,41.125,17.886872767236433,24,48.28123952438952,33.96876047561048
Branaplam,25,12,39.541666666666664,17.80077957908553,24,46.66346174211066,32.419871591222666
Branaplam,25,14,38.583333333333336,17.820156312852387,24,45.71288071684372,31.453785949822947
Branaplam,25,16,37.958333333333336,18.58348768376791,24,45.39327686953275,30.523389797133923
Branaplam,25,18,35.791666666666664,17.62897606503138,24,42.844726021020534,28.73860731231279
Branaplam,25,20,35.875,18.709013173148485,24,43.36016419131968,28.389835808680314
Branaplam,25,22,35.291666666666664,18.034939921469505,24,42.5071453903939,28.07618794293943
Branaplam,25,24,34.458333333333336,17.29784899084695,24,41.37891426696436,27.537752399702317
Branaplam,25,26,33.416666666666664,16.428809972163208,24,39.98955958044813,26.843773752885195
Branaplam,25,28,32.041666666666664,15.851153206344783,24,38.38344874107028,25.699884592263047
Branaplam,25,30,30.875,15.5711899520152,24,37.10477344483032,24.64522655516968
Branaplam,25,32,29.666666666666668,15.199160922683305,24,35.74759750057387,23.585735832759468
Branaplam,25,34,28.875,14.795159314128211,24,34.794296527190674,22.955703472809326
Branaplam,25,36,27.375,13.596075200938145,24,32.8145629686451,21.9354370313549
Branaplam,25,38,26.166666666666668,12.953652050648705,24,31.349206845508895,20.98412648782444
Branaplam,25,40,24.916666666666668,13.302228210428463,24,30.23866635440891,19.594666978924426
Branaplam,25,42,23.791666666666668,12.649039030922353,24,28.852336255843703,18.730997077489633
Branaplam,25,44,22.75,12.040691876697336,24,27.567280037170534,17.932719962829466
Branaplam,25,46,21.041666666666668,11.234570739914584,24,25.536431079358824,16.546902253974512
Branaplam,25,48,20.833333333333332,10.696064561391227,24,25.11265040377483,16.554016262891835
Branaplam,25,50,19.583333333333332,10.619574488596074,24,23.83204800114787,15.334618665518793
Branaplam,25,52,18.625,10.273700065871024,24,22.735336078857717,14.514663921142283
Branaplam,25,54,18.25,10.48912480288202,24,22.446523923853917,14.053476076146083
Branaplam,25,56,17.333333333333332,9.862827298439356,24,21.279286069386956,13.387380597279709
Branaplam,25,58,16.333333333333332,9.707310856152233,24,20.21706653411827,12.449600132548394
Branaplam,25,60,15.458333333333334,9.273520820367908,24,19.16851437439965,11.748152292267019
Branaplam,25,62,14.708333333333334,9.424663143174872,24,18.478983897404277,10.937682769262393
Branaplam,25,64,14.125,9.114310296117477,24,17.771483565204203,10.478516434795797
Branaplam,25,66,13.416666666666666,8.510436900176398,24,16.821550555952307,10.011782777381026
Branaplam,25,68,12.5,8.240937050982787,24,15.797061493626352,9.202938506373648
Branaplam,25,70,12.041666666666666,7.7934150948464,24,15.159682088226049,8.923651245107283
Branaplam,25,72,11.541666666666666,7.348345963942982,24,14.48161735063308,8.601715982700252
Branaplam,25,74,10.833333333333334,6.62450435663035,24,13.483687060522792,8.182979606143876
Branaplam,25,76,9.875,6.961462240200627,24,12.660164957516827,7.089835042483172
Branaplam,25,78,8.583333333333334,6.586657572017426,24,11.218545193107367,5.948121473559301
Branaplam,25,80,8.083333333333334,6.446547216494482,24,10.662489376251212,5.504177290415456
Branaplam,25,82,8.625,8.181700152859694,24,11.89836179848304,5.351638201516961
Branaplam,25,84,6.583333333333333,5.547554625133544,24,8.802817431459685,4.363849235206981
Branaplam,50,0,40.125,19.038433667761094,24,47.741959838013656,32.508040161986344
Branaplam,50,2,41.791666666666664,20.50446222202603,24,49.99516008270919,33.58817325062414
Branaplam,50,4,42.291666666666664,21.189577353165806,24,50.76926322214676,33.81407011118657
Branaplam,50,6,42.416666666666664,21.151455221119292,24,50.879011192814666,33.95432214051866
Branaplam,50,8,43.375,20.691969666893776,24,51.653512017982706,35.096487982017294
Branaplam,50,10,42.208333333333336,20.936714510465904,24,50.584763682024445,33.83190298464223
Branaplam,50,12,40.791666666666664,20.459884751825243,24,48.977325380226574,32.606007953106754
Branaplam,50,14,40.208333333333336,19.419799772098727,24,47.97787139028096,32.43879527638571
Branaplam,50,16,39.75,20.2404029861927,24,47.84784771906458,31.652152280935418
Branaplam,50,18,40,20.438667530805002,24,48.1771700572342,31.8228299427658
Branaplam,50,20,38.791666666666664,20.142922301408493,24,46.850513989273175,30.732819344060154
Branaplam,50,22,38.083333333333336,20.673269165059853,24,46.354363592369616,29.812303074297056
Branaplam,50,24,36.75,20.76420414831841,24,45.05741182946577,28.44258817053423
Branaplam,50,26,35.166666666666664,19.378757232703496,24,42.91978428800078,27.41354904533255
Branaplam,50,28,33.333333333333336,18.555830366214014,24,40.757211637974756,25.909455028691912
Branaplam,50,30,32.291666666666664,17.59070695038982,24,39.32941518640315,25.253918146930175
Branaplam,50,32,31.25,17.43372543688513,24,38.22494283390422,24.275057166095777
Branaplam,50,34,30.625,17.151023546589055,24,37.48683852174844,23.763161478251565
Branaplam,50,36,29.041666666666668,15.840177773120413,24,35.37905765325635,22.704275680076982
Branaplam,50,38,27.916666666666668,15.972576135545484,24,34.3070280302742,21.526305303059136
Branaplam,50,40,26.458333333333332,14.943310752034973,24,32.4369027803541,20.47976388631256
Branaplam,50,42,25.583333333333332,14.767522139645754,24,31.491572687873006,19.675093978793658
Branaplam,50,44,24,14.557233373078171,24,29.824106325673803,18.175893674326197
Branaplam,50,46,23.125,13.257688499426516,24,28.429180092085428,17.820819907914572
Branaplam,50,48,22.041666666666668,13.009959952706023,24,27.24673469816831,16.836598635165025
Branaplam,50,50,20.916666666666668,12.010562983824107,24,25.721892636208317,16.11144069712502
Branaplam,50,52,20.375,12.082371276044032,24,25.208955269830767,15.541044730169233
Branaplam,50,54,19.291666666666668,10.81254974018885,24,23.6175875147145,14.965745818618835
Branaplam,50,56,17.833333333333332,10.598058340078627,24,22.07343974891525,13.593226917751414
Branaplam,50,58,16.791666666666668,9.802303042017025,24,20.7134046569886,12.869928676344736
Branaplam,50,60,16.75,10.451752505430973,24,20.93157189083972,12.56842810916028
Branaplam,50,62,15.708333333333334,9.3319421841081,24,19.44188778783568,11.974778878830989
Branaplam,50,64,14.458333333333334,9.198200044463645,24,18.138379787960307,10.77828687870636
Branaplam,50,66,13.416666666666666,9.207353708793889,24,17.100375349751655,9.732957983581676
Branaplam,50,68,12.291666666666666,8.523518189036766,24,15.70178416149033,8.881549171843002
Branaplam,50,70,11.833333333333334,7.838958818766613,24,14.969570039375865,8.697096627290803
Branaplam,50,72,11.166666666666666,6.951175481867089,24,13.947716063709493,8.38561726962384
Branaplam,50,74,10.416666666666666,7.517612171003715,24,13.42433793750561,7.408995395827722
Branaplam,50,76,9.291666666666666,7.183793152504533,24,12.165782514751527,6.417550818581805
Branaplam,50,78,8.666666666666666,6.471789394828488,24,11.255921684213938,6.077411649119394
Branaplam,50,80,7.5,5.461326483238458,24,9.68498565643818,5.3150143435618205
Branaplam,50,82,7.041666666666667,4.786567860592595,24,8.95669265001734,5.126640683315994
Branaplam,50,84,6.041666666666667,4.4864934178493785,24,7.836637869320763,4.246695464012571
Branaplam,100,0,41.125,16.93545932677043,24,47.90059487200683,34.34940512799317
Branaplam,100,2,43.416666666666664,18.626574439824378,24,50.86884849547773,35.9644848378556
Branaplam,100,4,43.125,19.077217233949618,24,50.757476496116325,35.492523503883675
Branaplam,100,6,43.5,18.137158590560166,24,50.75637470869879,36.24362529130121
Branaplam,100,8,43.291666666666664,17.967311300311987,24,50.480088306799395,36.10324502653393
Branaplam,100,10,41.416666666666664,17.442867401560036,24,48.3952670481919,34.43806628514143
Branaplam,100,12,40.041666666666664,16.25203443229203,24,46.543834634738865,33.539498698594464
Branaplam,100,14,38.25,15.195107908396903,24,44.32930929047662,32.17069070952338
Branaplam,100,16,37.958333333333336,13.961061273558611,24,43.543921143365054,32.37274552330162
Branaplam,100,18,37.25,15.615627623856703,24,43.49755221632058,31.002447783679422
Branaplam,100,20,36.5,16.073202110561432,24,42.930620138238524,30.069379861761476
Branaplam,100,22,35.291666666666664,14.994141367958315,24,41.29057259550029,29.292760737833042
Branaplam,100,24,34.041666666666664,14.962210853453055,24,40.02779772909909,28.055535604234237
Branaplam,100,26,32.291666666666664,14.393474266113632,24,38.05025570438363,26.533077628949698
Branaplam,100,28,31.458333333333332,13.064985288155137,24,36.68541608398169,26.23125058268497
Branaplam,100,30,29.458333333333332,13.008288884789765,24,34.662732798427314,24.25393386823935
Branaplam,100,32,28.125,12.49108377656012,24,33.122474325865134,23.12752567413487
Branaplam,100,34,26.916666666666668,12.089940722214756,24,31.753650345687213,22.079682987646123
Branaplam,100,36,26.166666666666668,12.453973232481363,24,31.14929368267703,21.184039650656306
Branaplam,100,38,25,11.632039710475844,24,29.65378511988134,20.34621488011866
Branaplam,100,40,23.708333333333332,11.219079892004888,24,28.19690011609206,19.219766550574604
Branaplam,100,42,23.083333333333332,10.337423220540973,24,27.21916398376888,18.947502682897785
Branaplam,100,44,21.958333333333332,10.318742620850774,24,26.086690187338284,17.82997647932838
Branaplam,100,46,20.541666666666668,8.958741985960668,24,24.125909945132438,16.957423388200898
Branaplam,100,48,19.708333333333332,8.941739771707043,24,23.28577430939402,16.130892357272643
Branaplam,100,50,19.416666666666668,8.85102139361017,24,22.95781273241109,15.875520600922247
Branaplam,100,52,18.375,8.112322886121808,24,21.620605110951097,15.129394889048903
Branaplam,100,54,17,7.424987190737012,24,19.970613560787775,14.029386439212223
Branaplam,100,56,16.791666666666668,6.801401177038044,24,19.512793861885662,14.070539471447674
Branaplam,100,58,15.5,6.460582824697986,24,18.084771455711486,12.915228544288516
Branaplam,100,60,14.958333333333334,6.623273633422404,24,17.60819466869003,12.30847199797664
Branaplam,100,62,13.791666666666666,5.6873556678612625,24,16.067082830757702,11.51625050257563
Branaplam,100,64,13.041666666666666,5.629728286490401,24,15.29402707642771,10.789306256905622
Branaplam,100,66,12.583333333333334,5.40464105445831,24,14.74564009496568,10.421026571700988
Branaplam,100,68,11.958333333333334,5.0085072554141545,24,13.962153567636044,9.954513099030624
Branaplam,100,70,11.291666666666666,5.2872214011640875,24,13.406995783029272,9.17633755030406
Branaplam,100,72,9.916666666666666,4.605447310255132,24,11.759229338075059,8.074103995258273
Branaplam,100,74,9,4.22209509089051,24,10.689189840971281,7.310810159028719
Branaplam,100,76,8.041666666666666,4.101740528399967,24,9.682704654139382,6.40062867919395
Branaplam,100,78,7.291666666666667,3.556734783314688,24,8.714656943689816,5.868676389643519
Branaplam,100,80,6.333333333333333,3.5221864092420314,24,7.742501381996083,4.9241652846705835
Branaplam,100,82,6.25,3.3264421521055114,24,7.580854035485528,4.919145964514472
Branaplam,100,84,5.25,3.053864266224309,24,6.471800168674859,4.028199831325141
Branaplam,250,0,43.333333333333336,19.184837007764564,24,51.008866706356116,35.657799960310555
Branaplam,250,2,44.416666666666664,20.045419441351438,24,52.43650472085822,36.39682861247511
Branaplam,250,4,42.833333333333336,19.555198723138798,24,50.657042252767816,35.009624413898855
Branaplam,250,6,43.875,20.568681342611953,24,52.10418641531294,35.64581358468706
Branaplam,250,8,43.458333333333336,19.653474450361557,24,51.32136073244794,35.59530593421873
Branaplam,250,10,41.041666666666664,18.397729459782866,24,48.40229143503221,33.68104189830112
Branaplam,250,12,41.041666666666664,19.863620158397648,24,48.988769859314246,33.09456347401908
Branaplam,250,14,39.375,19.63982754728148,24,47.232567500759096,31.517432499240904
Branaplam,250,16,38.791666666666664,18.930029437186665,24,46.365255779705485,31.218077553627847
Branaplam,250,18,37.75,18.29290667943749,24,45.06868692190543,30.431313078094572
Branaplam,250,20,36.083333333333336,18.22782552002311,24,43.375982368607886,28.790684298058785
Branaplam,250,22,35.208333333333336,17.67823315651855,24,42.28109962861221,28.13556703805446
Branaplam,250,24,34.416666666666664,17.524930482195845,24,41.42809911832407,27.40523421500926
Branaplam,250,26,33.041666666666664,15.619049591602158,24,39.290587955219706,26.792745378113622
Branaplam,250,28,31.541666666666668,14.687999143538228,24,37.41809019653715,25.665243136796185
Branaplam,250,30,30.375,13.996311625940413,24,35.974690888207874,24.77530911179213
Branaplam,250,32,30.041666666666668,13.681085536216612,24,35.51524085287998,24.56809248045336
Branaplam,250,34,27.916666666666668,13.451738748664384,24,33.29848302761723,22.534850305716105
Branaplam,250,36,27.375,14.045926223580304,24,32.99454086138304,21.75545913861696
Branaplam,250,38,26.25,13.109074188780706,24,31.494721984591003,21.005278015408997
Branaplam,250,40,25.708333333333332,12.712469628595814,24,30.794380446912392,20.622286219754272
Branaplam,250,42,24.583333333333332,12.472288122653868,24,29.573287831494593,19.59337883517207
Branaplam,250,44,23.583333333333332,12.07914720091817,24,28.41599870446881,18.750667962197856
Branaplam,250,46,22.458333333333332,11.174424084631315,24,26.929034072212907,17.987632594453757
Branaplam,250,48,21,10.902732007042607,24,25.36200126919557,16.63799873080443
Branaplam,250,50,20.666666666666668,10.217915496883368,24,24.75468426969938,16.578649063633957
Branaplam,250,52,18.916666666666668,9.59581732552926,24,22.75579316504249,15.077540168290845
Branaplam,250,54,17.541666666666668,8.973289671922549,24,21.1317302316981,13.951603101635238
Branaplam,250,56,17.291666666666668,9.17690469113333,24,20.963193205533557,13.62014012779978
Branaplam,250,58,17,9.623341189637511,24,20.85013833743559,13.149861662564408
Branaplam,250,60,15.708333333333334,8.725171814262788,24,19.199129080966074,12.217537585700594
Branaplam,250,62,15.583333333333334,8.298332292730853,24,18.903357706097605,12.263308960569063
Branaplam,250,64,14.458333333333334,8.627454492171648,24,17.91003400986751,11.006632656799159
Branaplam,250,66,13.541666666666666,8.054052000278395,24,16.763958567878962,10.31937476545437
Branaplam,250,68,13.208333333333334,7.689513846037719,24,16.284779597833577,10.131887068833093
Branaplam,250,70,12.541666666666666,7.265039373702614,24,15.448287773044077,9.635045560289255
Branaplam,250,72,11.791666666666666,6.440221213231912,24,14.36829178116748,9.215041552165852
Branaplam,250,74,11.208333333333334,6.071882214205774,24,13.637592156503828,8.77907451016284
Branaplam,250,76,10.875,6.687512698078152,24,13.550562313916867,8.199437686083133
Branaplam,250,78,10.291666666666666,5.8046395736264405,24,12.61400616570471,7.969327167628622
Branaplam,250,80,9.75,5.847704863783145,24,12.089569203501153,7.410430796498847
Branaplam,250,82,9.541666666666666,5.860547286111906,24,11.886373909189727,7.196959424143605
Branaplam,250,84,8.541666666666666,5.5166086515623665,24,10.748769796801989,6.334563536531343
Branaplam,500,0,40.791666666666664,18.24704661431344,24,48.092005741248386,33.49132759208494
Branaplam,500,2,42.458333333333336,18.137108648980618,24,49.714688061238945,35.201978605427726
Branaplam,500,4,43.666666666666664,19.09169331471644,24,51.30493480130415,36.02839853202918
Branaplam,500,6,43.25,19.713711846900082,24,51.13712737699028,35.36287262300972
Branaplam,500,8,43.25,20.8311013297112,24,51.584176276207415,34.915823723792585
Branaplam,500,10,41.791666666666664,19.15833152095105,24,49.456595636403506,34.12673769692982
Branaplam,500,12,40.125,19.454098707515058,24,47.90826048906111,32.34173951093889
Branaplam,500,14,38.666666666666664,17.402315354864275,24,45.629042850528315,31.704290482805018
Branaplam,500,16,37.5,18.23279415253448,24,44.79463690228869,30.205363097711313
Branaplam,500,18,38.375,18.756593043745863,24,45.879200104134924,30.870799895865076
Branaplam,500,20,38.416666666666664,19.307391390833732,24,46.14123200471875,30.692101328614577
Branaplam,500,22,37.916666666666664,19.087707555129427,24,45.5533401653573,30.279993167976027
Branaplam,500,24,36.416666666666664,18.957427514592123,24,44.001217293603005,28.832116039730327
Branaplam,500,26,36.25,18.42788529706377,24,43.62268961600263,28.87731038399737
Branaplam,500,28,33.833333333333336,18.12916618784953,24,41.08651041498368,26.580156251682993
Branaplam,500,30,33.083333333333336,17.929612781450512,24,40.256672424705414,25.909994241961257
Branaplam,500,32,31.583333333333332,16.500109793222766,24,38.18475211657159,24.981914550095077
Branaplam,500,34,30.791666666666668,15.86075048026106,24,37.13728845032633,24.446044883007005
Branaplam,500,36,29.75,14.862412467288953,24,35.69620339230073,23.80379660769927
Branaplam,500,38,28.666666666666668,14.645571126562064,24,34.526115454446824,22.80721787888651
Branaplam,500,40,27.666666666666668,13.675324228464317,24,33.13793584972008,22.195397483613256
Branaplam,500,42,26.375,13.786611337595364,24,31.89079329966576,20.85920670033424
Branaplam,500,44,25.416666666666668,13.602802354076088,24,30.858921057104656,19.97441227622868
Branaplam,500,46,24.541666666666668,13.663595448479516,24,30.008243360429617,19.07508997290372
Branaplam,500,48,23.916666666666668,13.151018035206205,24,29.178169684784386,18.65516364854895
Branaplam,500,50,22.833333333333332,12.29586946080274,24,27.75270566673008,17.913960999936585
Branaplam,500,52,22.25,13.012535761968985,24,27.456098569835245,17.043901430164755
Branaplam,500,54,20.916666666666668,11.930657136559786,24,25.68992363917547,16.143409694157867
Branaplam,500,56,20.583333333333332,11.872206002353515,24,25.333204981739055,15.83346168492761
Branaplam,500,58,19.625,11.293755488918567,24,24.14344324384252,15.106556756157483
Branaplam,500,60,18.916666666666668,11.220775245117839,24,23.405911731935287,14.427421601398049
Branaplam,500,62,18.666666666666668,11.169316146855447,24,23.135323804818743,14.198009528514593
Branaplam,500,64,18.541666666666668,11.029522306919759,24,22.95439462057104,14.128938712762295
Branaplam,500,66,18.125,10.143802991503472,24,22.183366425481843,14.066633574518157
Branaplam,500,68,17.416666666666668,9.347944050485888,24,21.15662320107012,13.676710132263219
Branaplam,500,70,17.708333333333332,9.470683216099573,24,21.497395761180833,13.91927090548583
Branaplam,500,72,16.375,9.020809276334358,24,19.98407536635078,12.765924633649222
Branaplam,500,74,15.958333333333334,8.492857186389383,24,19.35618387228059,12.560482794386079
Branaplam,500,76,15.708333333333334,8.609798092197389,24,19.152969978664373,12.263696688002293
Branaplam,500,78,15.458333333333334,8.356092110688994,24,18.80146644609774,12.115200220568926
Branaplam,500,80,14.5,8.43388610206521,24,17.874257191472356,11.125742808527646
Branaplam,500,82,13.666666666666666,7.9217184492006405,24,16.836014120800428,10.497319212532904
Branaplam,500,84,13.458333333333334,8.070230677521293,24,16.68709805352548,10.229568613141184
Branaplam,750,0,36.666666666666664,12.903207106110806,24,41.829024664386154,31.504308668947175
Branaplam,750,2,39.291666666666664,13.50516541008007,24,44.69485814394161,33.88847518939172
Branaplam,750,4,40.5,13.318832694640552,24,45.82864286498999,35.17135713501001
Branaplam,750,6,40.666666666666664,13.2490087132607,24,45.96737412104558,35.36595921228775
Branaplam,750,8,40.333333333333336,12.920043971747312,24,45.502427480233436,35.164239186433235
Branaplam,750,10,39.166666666666664,13.43152251613529,24,44.540394850095,33.79293848323833
Branaplam,750,12,37,13.580676809669527,24,42.43340232907202,31.566597670927983
Branaplam,750,14,35.458333333333336,13.338336923472054,24,40.79477951503905,30.121887151627618
Branaplam,750,16,35.541666666666664,13.292623540133459,24,40.85982368598507,30.22350964734826
Branaplam,750,18,34.333333333333336,13.043961343711192,24,39.552004754391206,29.114661912275462
Branaplam,750,20,34.458333333333336,11.945452715561272,24,39.23750977027924,29.679156896387433
Branaplam,750,22,33.125,12.259202399759165,24,38.02970245370912,28.220297546290876
Branaplam,750,24,32.25,12.073146630651738,24,37.08026464303346,27.41973535696654
Branaplam,750,26,30.958333333333332,11.715761092264321,24,35.645613981985285,26.27105268468138
Branaplam,750,28,30.083333333333332,13.064777296115745,24,35.310332869835065,24.856333796831596
Branaplam,750,30,28.708333333333332,12.348135457443052,24,33.648616420432326,23.768050246234342
Branaplam,750,32,27.291666666666668,11.445444002125784,24,31.87079795518504,22.712535378148296
Branaplam,750,34,26.333333333333332,10.957096833308208,24,30.717085062965513,21.94958160370115
Branaplam,750,36,25.458333333333332,11.294397097548034,24,29.977033274089454,20.93963339257721
Branaplam,750,38,24.208333333333332,10.61573551760358,24,28.45551209286994,19.961154573796723
Branaplam,750,40,23.25,10.309345696776889,24,27.374597301379946,19.125402698620054
Branaplam,750,42,22.416666666666668,9.41745219245107,24,26.18443224959811,18.648901083735225
Branaplam,750,44,22.25,9.460443964212251,24,26.034965873910448,18.465034126089552
Branaplam,750,46,21.75,9.478809317997515,24,25.542313545711313,17.957686454288687
Branaplam,750,48,21.166666666666668,9.40243570046875,24,24.928424401561173,17.404908931772162
Branaplam,750,50,20.208333333333332,8.767425712441959,24,23.716034161029214,16.70063250563745
Branaplam,750,52,20.5,9.064982793336029,24,24.126748453894493,16.873251546105507
Branaplam,750,54,19.708333333333332,8.755019264332923,24,23.211070548022594,16.20559611864407
Branaplam,750,56,19.75,7.990483470163524,24,22.946859192340533,16.553140807659467
Branaplam,750,58,19.875,7.82033302971505,24,23.003784838434466,16.746215161565534
Branaplam,750,60,18.75,7.831097429895872,24,21.883091495446724,15.616908504553278
Branaplam,750,62,18.75,7.36767322128582,24,21.69768319734059,15.802316802659409
Branaplam,750,64,18.291666666666668,7.4860982271585685,24,21.286729734079067,15.296603599254267
Branaplam,750,66,18.5,7.413266603807692,24,21.46592434940219,15.534075650597808
Branaplam,750,68,18.125,7.897784499465657,24,21.284771879951673,14.965228120048327
Branaplam,750,70,17.333333333333332,7.469745741942985,24,20.321854044094316,14.344812622572347
Branaplam,750,72,16.458333333333332,7.288938412993061,24,19.374516046806114,13.542150619860548
Branaplam,750,74,16.125,7.617556951742696,24,19.17265751099887,13.07734248900113
Branaplam,750,76,15.583333333333334,7.222649560006817,24,18.472994982115843,12.693671684550825
Branaplam,750,78,14.75,7.103275423291035,24,17.591902047287487,11.908097952712513
Branaplam,750,80,14.875,6.64838980178823,24,17.534909895499077,12.215090104500923
Branaplam,750,82,15.333333333333334,7.905235836025919,24,18.496086368789157,12.17058029787751
Branaplam,750,84,13.375,5.998641150475157,24,15.774956294891911,10.975043705108089
Branaplam,1000,0,40.5,15.387742157173422,24,46.65637904116947,34.34362095883053
Branaplam,1000,2,43.416666666666664,16.748566886561463,24,50.11748898984188,36.71584434349145
Branaplam,1000,4,44.541666666666664,17.871471477011152,24,51.69174439165889,37.39158894167444
Branaplam,1000,6,43.791666666666664,17.68806811449991,24,50.86836776463256,36.71496556870077
Branaplam,1000,8,43.833333333333336,19.383243921684944,24,51.58824600411184,36.078420662554834
Branaplam,1000,10,41.958333333333336,19.263570409649823,24,49.66536662754374,34.25130003912293
Branaplam,1000,12,40.791666666666664,18.120320485376457,24,48.041304730262674,33.542028603070655
Branaplam,1000,14,39.083333333333336,15.700780004624713,24,45.36495359725383,32.80171306941284
Branaplam,1000,16,40.083333333333336,16.64440542296594,24,46.74248239185236,33.42418427481431
Branaplam,1000,18,39.291666666666664,16.708444016403064,24,45.97643649855422,32.60689683477911
Branaplam,1000,20,39.25,17.275894238479538,24,46.1617972033119,32.3382027966881
Branaplam,1000,22,38.458333333333336,17.217228900566223,24,45.34665951321089,31.570007153455784
Branaplam,1000,24,36.75,16.440273984810965,24,43.32747947407547,30.172520525924533
Branaplam,1000,26,34.666666666666664,15.799467978568048,24,40.98777034330584,28.345562990027492
Branaplam,1000,28,33.916666666666664,15.438282926224177,24,40.09326622674856,27.740067106584767
Branaplam,1000,30,33,14.422205101855956,24,38.77008376600086,27.22991623399914
Branaplam,1000,32,32.416666666666664,13.474344919679499,24,37.80752737967467,27.02580595365866
Branaplam,1000,34,31.083333333333332,13.23998117254233,24,36.38042901920819,25.786237647458474
Branaplam,1000,36,29.875,12.389731021398676,24,34.831924778617235,24.91807522138276
Branaplam,1000,38,28.833333333333332,11.701604002523931,24,33.514949966454516,24.151716700212148
Branaplam,1000,40,28.166666666666668,11.947954770102111,24,32.94684413391174,23.386489199421597
Branaplam,1000,42,27.416666666666668,11.328750138922869,24,31.94911068642803,22.884222646905307
Branaplam,1000,44,26.666666666666668,11.114685415433852,24,31.11346696016328,22.219866373170056
Branaplam,1000,46,25.625,11.235860679867443,24,30.1202804961571,21.1297195038429
Branaplam,1000,48,25.875,11.291830444290628,24,30.392673065587665,21.357326934412335
Branaplam,1000,50,25.041666666666668,11.023607736863276,24,29.45202829971894,20.631305033614396
Branaplam,1000,52,24.625,10.95767549135824,24,29.008983241068677,20.241016758931323
Branaplam,1000,54,24.75,11.383626685803568,24,29.304399211082956,20.195600788917044
Branaplam,1000,56,24.583333333333332,11.052903087726168,24,29.005415547755753,20.16125111891091
Branaplam,1000,58,23.875,10.6742783077501,24,28.145600753652985,19.604399246347015
Branaplam,1000,60,24.083333333333332,10.6726658854032,24,28.353288983693023,19.81337768297364
Branaplam,1000,62,23.583333333333332,10.329007977395577,24,27.71579718531349,19.450869481353173
Branaplam,1000,64,23.333333333333332,10.336371689821576,24,27.468743283862686,19.197923382803978
Branaplam,1000,66,22.958333333333332,10.42771877452493,24,27.130289729208307,18.786376937458357
Branaplam,1000,68,23.083333333333332,10.713326389074524,24,27.369556573183978,18.797110093482686
Branaplam,1000,70,22.583333333333332,9.604874969951759,24,26.426083644203246,18.74058302246342
Branaplam,1000,72,22.458333333333332,9.532457900415213,24,26.272110782261322,18.644555884405342
Branaplam,1000,74,21.625,9.725861982587858,24,25.516155197125393,17.733844802874607
Branaplam,1000,76,21.291666666666668,10.65457308089967,24,25.55438368764826,17.028949645685074
Branaplam,1000,78,20.5,10.039054173359768,24,24.51645817006527,16.48354182993473
Branaplam,1000,80,19.625,9.828142820713781,24,23.55707605489127,15.692923945108731
Branaplam,1000,82,19.541666666666668,9.296933419923622,24,23.26121469840204,15.822118634931297
Branaplam,1000,84,19.583333333333332,8.919527510720103,24,23.151887554170273,16.01477911249639
Branaplam,1250,0,38,14.946280619198413,24,43.9797576413493,32.0202423586507
Branaplam,1250,2,42.25,18.09455839412117,24,49.48933108047654,35.01066891952346
Branaplam,1250,4,41,17.13628238309125,24,47.855940828046954,34.144059171953046
Branaplam,1250,6,40.791666666666664,16.766890683379724,24,47.49982003539323,34.0835132979401
Branaplam,1250,8,40.333333333333336,16.82820269063519,24,47.06601661376391,33.600650052902765
Branaplam,1250,10,38.125,16.692389570256783,24,44.80334671569786,31.446653284302133
Branaplam,1250,12,37.416666666666664,15.90437912533271,24,43.77974354369677,31.05358978963656
Branaplam,1250,14,36.625,15.53904619086188,24,42.8419132620012,30.4080867379988
Branaplam,1250,16,35.875,15.408389865942176,24,42.03963984514017,29.710360154859828
Branaplam,1250,18,34.958333333333336,16.04742744293402,24,41.37864145685562,28.538025209811053
Branaplam,1250,20,34.75,14.727230029704367,24,40.642119153236976,28.857880846763024
Branaplam,1250,22,34,14.464348976167155,24,39.78694482734911,28.21305517265089
Branaplam,1250,24,33.291666666666664,14.31775779952284,24,39.01996280869889,27.56337052463444
Branaplam,1250,26,32.208333333333336,13.981289256551497,24,37.8020140220519,26.61465264461477
Branaplam,1250,28,32,14.334512927531414,24,37.734999589350906,26.265000410649094
Branaplam,1250,30,31.208333333333332,14.304086271341172,24,36.93115972491753,25.48550694174914
Branaplam,1250,32,31.75,14.850706321952151,24,37.69151995875549,25.808480041244508
Branaplam,1250,34,31.125,14.256386821961282,24,36.828742637292095,25.421257362707905
Branaplam,1250,36,29.75,13.10575711529927,24,34.99339487880442,24.506605121195577
Branaplam,1250,38,29.166666666666668,13.53149841205187,24,34.58039353891863,23.752939794414708
Branaplam,1250,40,27.541666666666668,12.06496605039158,24,32.36865839595204,22.714674937381297
Branaplam,1250,42,26.083333333333332,11.831853346927032,24,30.817060557197387,21.349606109469278
Branaplam,1250,44,26.458333333333332,12.28636277117551,24,31.37390219873756,21.542764467929103
Branaplam,1250,46,26.458333333333332,11.769448905374961,24,31.167093580748023,21.74957308591864
Branaplam,1250,48,25.958333333333332,11.149104727819363,24,30.418904219761465,21.4977624469052
Branaplam,1250,50,26.125,11.206801118265098,24,30.60865425013823,21.64134574986177
Branaplam,1250,52,26.708333333333332,11.007820013484748,24,31.1123785615276,22.304288105139065
Branaplam,1250,54,27,11.217222782690987,24,31.487823784290175,22.512176215709825
Branaplam,1250,56,27.291666666666668,11.979980281128675,24,32.084657006837006,22.49867632649633
Branaplam,1250,58,26.833333333333332,11.036172409367088,24,31.248721882334127,22.417944784332537
Branaplam,1250,60,27.583333333333332,11.052903087726168,24,32.00541554775575,23.16125111891091
Branaplam,1250,62,27.875,11.73738916232337,24,32.57093367882704,23.17906632117296
Branaplam,1250,64,28.375,11.255192038614311,24,32.878014650434636,23.87198534956536
Branaplam,1250,66,28.041666666666668,11.334745223222368,24,32.57650921968616,23.506824113647177
Branaplam,1250,68,28.25,11.452168961076477,24,32.83182183245353,23.66817816754647
Branaplam,1250,70,27.75,10.85176803867542,24,32.091611435293636,23.408388564706364
Branaplam,1250,72,28.958333333333332,11.160797722255406,24,33.4235823918506,24.49308427481606
Branaplam,1250,74,28,11.115989267325888,24,32.44732194289644,23.552678057103563
Branaplam,1250,76,27.708333333333332,11.600146800670302,24,32.34935863182676,23.0673080348399
Branaplam,1250,78,27.083333333333332,11.25173094574174,24,31.584963258224576,22.58170340844209
Branaplam,1250,80,26.75,12.169991604441389,24,31.619010702123308,21.880989297876692
Branaplam,1250,82,26.458333333333332,11.934528520829499,24,31.233139182131772,21.683527484534892
Branaplam,1250,84,25.791666666666668,12.332280605286932,24,30.72560649180313,20.857726841530205
Branaplam,1500,0,42.875,18.335787055823968,24,50.21084264545257,35.53915735454743
Branaplam,1500,2,45.5,18.847211764723923,24,53.04045514329977,37.95954485670023
Branaplam,1500,4,47.458333333333336,20.28488228399076,24,55.573976477739265,39.342690188927406
Branaplam,1500,6,48.208333333333336,20.07589765531461,24,56.24036521269681,40.17630145396986
Branaplam,1500,8,46.541666666666664,19.103787848092523,24,54.1847736224274,38.89855971090593
Branaplam,1500,10,44.041666666666664,17.55111582397731,24,51.06357543692121,37.019757896412116
Branaplam,1500,12,42.708333333333336,17.309156075845262,24,49.63343804312263,35.78322862354404
Branaplam,1500,14,40.958333333333336,16.47258372243874,24,47.54873939465764,34.367927272009034
Branaplam,1500,16,40.208333333333336,16.69152132245503,24,46.886332677564056,33.530333989102616
Branaplam,1500,18,40.083333333333336,16.234468608934904,24,46.57847350839652,33.58819315827015
Branaplam,1500,20,39,15.961911185558332,24,45.386094494959394,32.613905505040606
Branaplam,1500,22,37.833333333333336,15.521840619974297,24,44.04336293333125,31.623303733335423
Branaplam,1500,24,38.166666666666664,15.392450624636872,24,44.32492948715294,32.008403846180386
Branaplam,1500,26,37.25,15.948967528256846,24,43.63091595351303,30.869084046486968
Branaplam,1500,28,36.25,16.376680132856997,24,42.80203663435813,29.69796336564187
Branaplam,1500,30,34.75,14.938278813606455,24,40.72655625236483,28.77344374763517
Branaplam,1500,32,34.083333333333336,14.986709087566966,24,40.07926573071822,28.087400935948452
Branaplam,1500,34,33,14.841188280094602,24,38.93771194892492,27.06228805107508
Branaplam,1500,36,32.5,14.06815707469393,24,38.12843505420648,26.87156494579352
Branaplam,1500,38,30.791666666666668,13.612587418704942,24,36.237835898293326,25.34549743504001
Branaplam,1500,40,30.833333333333332,13.617976184526055,24,36.281658520305484,25.385008146361177
Branaplam,1500,42,31.083333333333332,14.027664179001455,24,36.69556785520628,25.47109881146039
Branaplam,1500,44,30.208333333333332,13.396882072906454,24,35.568202453067165,24.8484642135995
Branaplam,1500,46,29.75,13.135580621383646,24,35.00532676627152,24.49467323372848
Branaplam,1500,48,30.458333333333332,14.21566547607027,24,36.145784039176945,24.770882627489723
Branaplam,1500,50,30.041666666666668,13.933004815487784,24,35.616029555675375,24.46730377765796
Branaplam,1500,52,29.541666666666668,13.818636334491458,24,35.070272633562666,24.013060699770666
Branaplam,1500,54,30.333333333333332,14.391019744109947,24,36.09094035772662,24.575726308940038
Branaplam,1500,56,30.5,14.616845552753285,24,36.34795616470813,24.65204383529187
Branaplam,1500,58,30.166666666666668,13.970984424767693,24,35.75622456402516,24.577108769308175
Branaplam,1500,60,30.916666666666668,14.527086145681727,24,36.72871158937458,25.10462174395875
Branaplam,1500,62,30.666666666666668,14.615854008774072,24,36.514226131163056,24.81910720217028
Branaplam,1500,64,30.041666666666668,13.804470500424905,24,35.56460511957282,24.518728213760518
Branaplam,1500,66,29.833333333333332,14.436266730060417,24,35.60904292229629,24.057623744370375
Branaplam,1500,68,30.291666666666668,14.299526190589754,24,36.01266864598314,24.570664687350195
Branaplam,1500,70,29.333333333333332,14.983082247094167,24,35.32781469232387,23.338851974342795
Branaplam,1500,72,28.666666666666668,14.104167335645307,24,34.30950882579626,23.023824507537082
Branaplam,1500,74,27.958333333333332,13.741334555359565,24,33.45601214743253,22.460654519234133
Branaplam,1500,76,27.916666666666668,14.021463877761207,24,33.52642055140555,22.306912781927785
Branaplam,1500,78,27.291666666666668,14.03250625811576,24,32.905838423649904,21.677494909683432
Branaplam,1500,80,26.125,12.759693672212341,24,31.229940665952796,21.020059334047204
Branaplam,1500,82,25.041666666666668,12.206481409718243,24,29.925276331401136,20.1580570019322
Branaplam,1500,84,24.458333333333332,12.075772247037406,24,29.289648441699637,19.627018224967028
Branaplam,1750,0,37.583333333333336,11.096088878780536,24,42.022693462618626,33.143973204048045
Branaplam,1750,2,41,12.819821609014555,24,46.128996850813245,35.871003149186755
Branaplam,1750,4,41.291666666666664,13.50516541008007,24,46.69485814394161,35.88847518939172
Branaplam,1750,6,41.958333333333336,13.492281744266485,24,47.356370270755846,36.560296395910825
Branaplam,1750,8,41.125,13.8542490735263,24,46.66785402992912,35.58214597007088
Branaplam,1750,10,40.041666666666664,13.199074956607562,24,45.3223964576713,34.760936875662026
Branaplam,1750,12,38.166666666666664,12.647964836002416,24,43.226906488368805,33.106426844964524
Branaplam,1750,14,36.916666666666664,11.963410400291261,24,41.70302767382244,32.13030565951089
Branaplam,1750,16,37.375,12.006565233056962,24,42.17862653612359,32.57137346387641
Branaplam,1750,18,35.958333333333336,12.557620816847042,24,40.982428019489134,30.934238647177537
Branaplam,1750,20,35.916666666666664,12.40237237707811,24,40.87864904089227,30.954684292441055
Branaplam,1750,22,35.25,12.008149406711803,24,40.05426033758625,30.44573966241375
Branaplam,1750,24,34.083333333333336,11.267176902947732,24,38.59114292813602,29.57552373853065
Branaplam,1750,26,32.958333333333336,11.521168293214874,24,37.56776064798774,28.348906018678928
Branaplam,1750,28,31.75,10.087659270872376,24,35.78590425907328,27.714095740926727
Branaplam,1750,30,31.291666666666668,10.490074674027191,24,35.48857061812634,27.094762715206997
Branaplam,1750,32,30.125,10.539006223260001,24,34.34148064835723,25.90851935164277
Branaplam,1750,34,29.875,10.567844994419957,24,34.10301855980186,25.64698144019814
Branaplam,1750,36,29.375,10.553435459602717,24,33.597253545205454,25.15274645479455
Branaplam,1750,38,29.125,10.686490862604138,24,33.400486793201516,24.849513206798484
Branaplam,1750,40,28.208333333333332,10.142374161072368,24,32.26612810758593,24.150538559080733
Branaplam,1750,42,28.25,10.451752505430973,24,32.43157189083972,24.06842810916028
Branaplam,1750,44,28.083333333333332,10.86244694455114,24,32.4292172207934,23.737449445873267
Branaplam,1750,46,28,10.121006995783357,24,32.049246127725326,23.950753872274674
Branaplam,1750,48,28.75,10.233151582203199,24,32.84411330670219,24.65588669329781
Branaplam,1750,50,28.958333333333332,10.135941931590754,24,33.01355467982999,24.903111986836677
Branaplam,1750,52,29.833333333333332,9.998550619602504,24,33.83358670695107,25.833079959715594
Branaplam,1750,54,29.708333333333332,9.543853777564713,24,33.52667008267865,25.889996583988015
Branaplam,1750,56,30.208333333333332,9.735542979282116,24,34.10336173580213,26.313304930864533
Branaplam,1750,58,31.583333333333332,9.877143869281886,24,35.53501389064729,27.631652776019376
Branaplam,1750,60,32.708333333333336,9.364498949741526,24,36.4549132068703,28.96175345979637
Branaplam,1750,62,33.25,9.926906782118465,24,37.22158986892611,29.27841013107389
Branaplam,1750,64,33.666666666666664,9.462358685024467,24,37.45239858844545,29.88093474488788
Branaplam,1750,66,34.083333333333336,10.375207349071722,24,38.23428078353064,29.93238588313603
Branaplam,1750,68,34.291666666666664,9.954152145086805,24,38.27415695099057,30.30917638234276
Branaplam,1750,70,33.75,10.288237268208608,24,37.86615217110011,29.63384782889989
Branaplam,1750,72,34.041666666666664,10.59318553175318,24,38.27982355289333,29.803509780439995
Branaplam,1750,74,33.166666666666664,9.919969611921665,24,37.13548108947675,29.197852243856584
Branaplam,1750,76,33.125,9.92279983279614,24,37.09494674698705,29.15505325301295
Branaplam,1750,78,33.083333333333336,9.757568597121736,24,36.987173818214984,29.179492848451687
Branaplam,1750,80,32.125,10.148088275738141,24,36.18508089624554,28.064919103754463
Branaplam,1750,82,30.333333333333332,8.478446672062901,24,33.72541846579887,26.941248200867797
Branaplam,1750,84,30.291666666666668,8.548985023237334,24,33.71197301718572,26.871360316147616
Branaplam,2000,0,32.833333333333336,21.48137042561109,24,41.427671431348514,24.238995235318157
Branaplam,2000,2,36.5,23.06889492462693,24,45.72948017755204,27.27051982244796
Branaplam,2000,4,37.333333333333336,23.030540529945217,24,46.547468557146004,28.119198109520667
Branaplam,2000,6,37.958333333333336,23.55286222183155,24,47.381440756175095,28.535225910491576
Branaplam,2000,8,36.333333333333336,20.609551746421023,24,44.578871315682186,28.087795350984486
Branaplam,2000,10,35.666666666666664,18.897128069507342,24,43.227092491138656,28.106240842194673
Branaplam,2000,12,34.041666666666664,19.594762314070756,24,41.881204319096476,26.202129014236853
Branaplam,2000,14,32.583333333333336,17.820156312852387,24,39.71288071684372,25.453785949822947
Branaplam,2000,16,32.416666666666664,16.597319497218628,24,39.05697743146827,25.77635590186506
Branaplam,2000,18,32.25,17.592612085759182,24,39.28851073262898,25.21148926737102
Branaplam,2000,20,31.041666666666668,17.051021049795807,24,37.8634958570243,24.21983747630904
Branaplam,2000,22,30.5,18.19698971760463,24,37.78031214492457,23.219687855075428
Branaplam,2000,24,30.25,17.139453595876894,24,37.10720957740142,23.392790422598576
Branaplam,2000,26,29.75,17.683817215305858,24,36.825000384083566,22.674999615916434
Branaplam,2000,28,29.041666666666668,16.606649183427983,24,35.685710083344894,22.39762324998844
Branaplam,2000,30,27.833333333333332,16.289945329576145,24,34.3506688192316,21.315997847435064
Branaplam,2000,32,26.625,15.373077822580957,24,32.77551208543187,20.47448791456813
Branaplam,2000,34,25.916666666666668,13.846728279921253,24,31.456511752486236,20.3768215808471
Branaplam,2000,36,25.208333333333332,13.535714968561688,24,30.623747179532334,19.79291948713433
Branaplam,2000,38,25.083333333333332,12.924249760974831,24,30.25411014637038,19.912556520296285
Branaplam,2000,40,24.708333333333332,13.019981856217461,24,29.917410961311198,19.499255705355466
Branaplam,2000,42,24.041666666666668,13.228688083320927,24,29.334244175860206,18.74908915747313
Branaplam,2000,44,23.875,12.952463254061989,24,29.057064561151478,18.692935438848522
Branaplam,2000,46,24.333333333333332,12.8795985174622,24,29.486245928415883,19.18042073825078
Branaplam,2000,48,24.458333333333332,12.846854349087431,24,29.598145532669456,19.31852113399721
Branaplam,2000,50,25.041666666666668,13.093241425044173,24,30.280054226503488,19.803279106829848
Branaplam,2000,52,27.666666666666668,16.305951611942632,24,34.190405999229476,21.14292733410386
Branaplam,2000,54,28.875,14.81571580392283,24,34.80252083597094,22.947479164029065
Branaplam,2000,56,29.916666666666668,15.945332332328663,24,36.29612823890698,23.537205094426355
Branaplam,2000,58,31.583333333333332,16.972911068668438,24,38.37391202275282,24.792754643913845
Branaplam,2000,60,31.833333333333332,17.439751361078283,24,38.810687039022866,24.855979627643794
Branaplam,2000,62,33.125,18.72991678061319,24,40.61852737609144,25.631472623908557
Branaplam,2000,64,34.541666666666664,19.991257147034066,24,42.5398352900768,26.543498043256527
Branaplam,2000,66,35.333333333333336,19.40118030176126,24,43.095422050685045,27.57124461598163
Branaplam,2000,68,35.541666666666664,19.787961132898495,24,43.45849994485242,27.62483338848091
Branaplam,2000,70,36.041666666666664,18.958717546672105,24,43.62673341392647,28.456599919406855
Branaplam,2000,72,37,18.918589891380936,24,44.56901234152032,29.430987658479676
Branaplam,2000,74,37.5,19.53369441225352,24,45.31510540324109,29.68489459675891
Branaplam,2000,76,37.375,19.637613642324705,24,45.231681754303516,29.51831824569648
Branaplam,2000,78,37.333333333333336,19.861841647319324,24,45.27972497335577,29.386941693310906
Branaplam,2000,80,37.041666666666664,19.380580075373672,24,44.79551357695659,29.28781975637674
Branaplam,2000,82,36.666666666666664,19.141729208758786,24,44.32495332814467,29.008380005188656
Branaplam,2000,84,35.125,18.806364556343336,24,42.649112856368006,27.600887143631994
Risdiplam,0,0,31.416666666666668,16.740777257594875,24,38.114372489187105,24.71896084414623
Risdiplam,0,2,33.666666666666664,17.439751361078283,24,40.6440203723562,26.689312960977126
Risdiplam,0,4,33.125,17.30622531872877,24,40.048932162738375,26.201067837261625
Risdiplam,0,6,33.666666666666664,17.62573875520305,24,40.71843082734148,26.61490250599185
Risdiplam,0,8,33.75,17.348725050261336,24,40.69093559662685,26.80906440337315
Risdiplam,0,10,32.833333333333336,17.49948239400157,24,39.83458442925988,25.832082237406798
Risdiplam,0,12,31.708333333333332,16.89218797233661,24,38.46661605799597,24.950050608670693
Risdiplam,0,14,30.958333333333332,16.286775554756517,24,37.47440064518335,24.44226602148331
Risdiplam,0,16,30.458333333333332,16.67066980910059,24,37.127990334777124,23.78867633188954
Risdiplam,0,18,30.333333333333332,17.529271585517765,24,37.346502588040444,23.320164078626224
Risdiplam,0,20,30.541666666666668,18.081889009307837,24,37.775928937545764,23.307404395787575
Risdiplam,0,22,29.208333333333332,17.12861619494182,24,36.06120704733804,22.355459619328627
Risdiplam,0,24,28.458333333333332,16.016239494220603,24,34.866163678645194,22.05050298802147
Risdiplam,0,26,26.75,14.882876066137216,24,32.70439053696234,20.79560946303766
Risdiplam,0,28,25.666666666666668,14.208590991756168,24,31.351286989305674,19.982046344027662
Risdiplam,0,30,24.916666666666668,14.224646909858429,24,30.60771069440041,19.225622638932926
Risdiplam,0,32,24.541666666666668,13.720752820855513,24,30.03111107199833,19.052222261335007
Risdiplam,0,34,23.5,12.472578618365343,24,28.490070720651307,18.509929279348693
Risdiplam,0,36,22.666666666666668,11.933390008771577,24,27.441017015775817,17.89231631755752
Risdiplam,0,38,22.041666666666668,12.070370358017609,24,26.870820569314517,17.21251276401882
Risdiplam,0,40,22.083333333333332,11.721094572223812,24,26.772747818379454,17.39391884828721
Risdiplam,0,42,20.583333333333332,11.064697746973664,24,25.01013439424066,16.156532272426006
Risdiplam,0,44,19.625,10.672241523243127,24,23.89478587013583,15.35521412986417
Risdiplam,0,46,19.458333333333332,10.725747837175115,24,23.749526187437084,15.167140479229579
Risdiplam,0,48,18.75,11.433170658410894,24,23.32422092836029,14.17577907163971
Risdiplam,0,50,17.833333333333332,10.281543898050343,24,21.946807598647382,13.719859068019282
Risdiplam,0,52,16.958333333333332,10.589080375009239,24,21.194847814801655,12.721818851865008
Risdiplam,0,54,16.291666666666668,9.652569681140632,24,20.153498836157468,12.429834497175868
Risdiplam,0,56,15.333333333333334,9.434749215195028,24,19.108019166630804,11.558647500035864
Risdiplam,0,58,14.75,8.955202519983176,24,18.332827197149996,11.167172802850006
Risdiplam,0,60,14.291666666666666,9.167424211122047,24,17.95940022357132,10.623933109762014
Risdiplam,0,62,13.833333333333334,8.170289051704707,24,17.102129740528316,10.564536926138352
Risdiplam,0,64,12.958333333333334,7.997168883106542,24,16.1578672479108,9.758799418755867
Risdiplam,0,66,12.625,8.229387953363027,24,15.917440892253877,9.332559107746123
Risdiplam,0,68,12.208333333333334,8.366492001179294,24,15.555627268861144,8.861039397805524
Risdiplam,0,70,12,7.604346583140575,24,15.042372262808621,8.957627737191379
Risdiplam,0,72,10.958333333333334,6.861861622587287,24,13.703649744617767,8.2130169220489
Risdiplam,0,74,10.958333333333334,7.4102113251956565,24,13.923035316710676,7.993631349955992
Risdiplam,0,76,9.958333333333334,6.320973828843744,24,12.487249557831767,7.429417108834902
Risdiplam,0,78,8.625,5.585793314876745,24,10.859782760249248,6.390217239750752
Risdiplam,0,80,9.25,8.12002355961457,24,12.498686022004161,6.001313977995839
Risdiplam,0,82,7.791666666666667,5.897524658825029,24,10.151167939401786,5.432165393931548
Risdiplam,0,84,7.083333333333333,5.4686193048565075,24,9.271236726090574,4.895429940576092
Risdiplam,25,0,48.166666666666664,17.709409600712192,24,55.25190613738944,41.08142719594389
Risdiplam,25,2,50.5,18.731512624916103,24,57.99416584678578,43.00583415321422
Risdiplam,25,4,49.833333333333336,18.869498430390056,24,57.38270499992828,42.28396166673839
Risdiplam,25,6,50.458333333333336,18.227974598704446,24,57.75104201250235,43.16562465416432
Risdiplam,25,8,48.916666666666664,17.93930992484689,24,56.093885423408416,41.73944790992491
Risdiplam,25,10,48.583333333333336,18.570468998939678,24,56.01306831082404,41.15359835584263
Risdiplam,25,12,46.083333333333336,16.91646141090585,24,52.85132745599955,39.31533921066712
Risdiplam,25,14,45.5,16.172978000087195,24,51.970538807840356,39.029461192159644
Risdiplam,25,16,44.875,16.25158855111655,24,51.37698957844911,38.37301042155089
Risdiplam,25,18,42.791666666666664,15.079439404487927,24,48.82469891754156,36.75863441579177
Risdiplam,25,20,43.208333333333336,14.989791212011932,24,49.205498837313165,37.211167829353506
Risdiplam,25,22,42.75,15.795568998931314,24,49.06954375990335,36.43045624009665
Risdiplam,25,24,41.333333333333336,15.110223048641942,24,47.378681606906355,35.28798505976032
Risdiplam,25,26,39.541666666666664,14.992691456221237,24,45.53999250999206,33.54334082334127
Risdiplam,25,28,37.541666666666664,14.218723622367634,24,43.2303408858482,31.85299244748513
Risdiplam,25,30,36.791666666666664,13.9968293511087,24,42.39156468808112,31.191768645252207
Risdiplam,25,32,35.125,14.253336756551155,24,40.8275223569824,29.422477643017604
Risdiplam,25,34,33.5,12.90433024726331,24,38.662807347765835,28.33719265223416
Risdiplam,25,36,33.25,12.244785935601147,24,38.14893466679902,28.351065333200978
Risdiplam,25,38,32.25,12.251885391733548,24,37.151775040811714,27.34822495918829
Risdiplam,25,40,31.25,12.091139407595673,24,36.08746325305295,26.412536746947044
Risdiplam,25,42,29.875,12.066167216823569,24,34.70247229594494,25.047527704055057
Risdiplam,25,44,28.291666666666668,10.727774462932013,24,32.58367033994107,23.999662993392263
Risdiplam,25,46,26,10.392304845413264,24,30.1577878733769,21.8422121266231
Risdiplam,25,48,25.25,9.776858213236967,24,29.161557938628338,21.338442061371662
Risdiplam,25,50,24.083333333333332,8.934139050838091,24,27.657733387719002,20.508933278947662
Risdiplam,25,52,23.291666666666668,9.004729031322166,24,26.894308595131708,19.689024738201628
Risdiplam,25,54,22.25,8.788579545909714,24,25.76616412371885,18.73383587628115
Risdiplam,25,56,21.5,8.792289111834696,24,25.01764825918714,17.98235174081286
Risdiplam,25,58,21.875,9.524853074297605,24,25.68573488481144,18.06426511518856
Risdiplam,25,60,20.666666666666668,10.720426121749268,24,24.955730391169983,16.377602942163353
Risdiplam,25,62,20.25,10.915684766108056,24,24.617183452105927,15.882816547894073
Risdiplam,25,64,19.25,10.464224768228174,24,23.43656183520559,15.063438164794409
Risdiplam,25,66,18.541666666666668,11.286695386765038,24,23.0572852813672,14.026048051966136
Risdiplam,25,68,17.791666666666668,11.879756865710922,24,22.544559289588435,13.038774043744901
Risdiplam,25,70,17.708333333333332,12.5714623917294,24,22.73796580278652,12.678700863880144
Risdiplam,25,72,15.916666666666666,8.128942744596467,24,19.168921105851595,12.664412227481739
Risdiplam,25,74,15.125,10.37267522408505,24,19.274934389214195,10.975065610785803
Risdiplam,25,76,13.75,8.552904413884413,24,17.171874433359758,10.328125566640242
Risdiplam,25,78,14.083333333333334,11.309544513438606,24,18.608093502598884,9.558573164067786
Risdiplam,25,80,12.375,9.743727079064989,24,16.273302724319237,8.476697275680763
Risdiplam,25,82,11,10.266026706950752,24,15.107266095909626,6.892733904090374
Risdiplam,25,84,11.291666666666666,12.432353188238396,24,16.265643863497125,6.317689469836209
Risdiplam,50,0,40.333333333333336,18.174675803978186,24,47.604718053508186,33.061948613158485
Risdiplam,50,2,39.5,17.435595774162696,24,46.47569112466046,32.52430887533954
Risdiplam,50,4,39.708333333333336,17.271437005411105,24,46.61834727202046,32.798319394646214
Risdiplam,50,6,40.666666666666664,17.50693444390503,24,47.67089920349407,33.662434129839255
Risdiplam,50,8,40.708333333333336,18.47790494115858,24,48.10103497484346,33.315631691823214
Risdiplam,50,10,39.458333333333336,18.263718290564533,24,46.76534246757716,32.15132419908951
Risdiplam,50,12,37.541666666666664,17.17930799503885,24,44.41482132458692,30.668512008746415
Risdiplam,50,14,36.375,15.775083545565305,24,42.68634787161362,30.06365212838638
Risdiplam,50,16,36.666666666666664,18.133962052186636,24,43.92176249366559,29.41157083966774
Risdiplam,50,18,37.041666666666664,18.53429058626825,24,44.456927264535054,29.62640606879827
Risdiplam,50,20,36.75,18.321405869732764,24,44.08008897270873,29.41991102729127
Risdiplam,50,22,35.5,17.448059565713766,24,42.48067767982201,28.519322320177988
Risdiplam,50,24,34.333333333333336,17.760891738939204,24,41.4391699490783,27.227496717588373
Risdiplam,50,26,32.791666666666664,16.93973760555126,24,39.56897320667193,26.0143601266614
Risdiplam,50,28,31.333333333333332,15.15332268533199,24,37.39592505284471,25.270741613821954
Risdiplam,50,30,30.041666666666668,14.970925929561131,24,36.031284485723035,24.052048847610305
Risdiplam,50,32,29.291666666666668,14.429677048019645,24,35.064739833730336,23.518593499603
Risdiplam,50,34,27.541666666666668,13.689028188794966,24,33.0184185757301,22.064914757603233
Risdiplam,50,36,26.208333333333332,14.401024017535114,24,31.96994290069932,20.446723765967345
Risdiplam,50,38,25.541666666666668,14.218723622367634,24,31.230340885848207,19.85299244748513
Risdiplam,50,40,24.583333333333332,13.325088030271798,24,29.9144788537995,19.252187812867163
Risdiplam,50,42,23.75,13.562255808260499,24,29.176032393584826,18.323967606415174
Risdiplam,50,44,21.833333333333332,12.167907421347877,24,26.7015101885554,16.965156478111265
Risdiplam,50,46,21.583333333333332,11.828178097300077,24,26.3155901511077,16.851076515558965
Risdiplam,50,48,19.708333333333332,10.547940935131107,24,23.928388610920784,15.488278055745878
Risdiplam,50,50,19.208333333333332,9.320287207119124,24,22.937224825893157,15.479441840773509
Risdiplam,50,52,18.083333333333332,9.69946958059705,24,21.96392937052462,14.202737296142043
Risdiplam,50,54,16.791666666666668,8.118573266532609,24,20.039772450592874,13.543560882740461
Risdiplam,50,56,15.708333333333334,8.105173692137026,24,18.9510781709864,12.465588495680269
Risdiplam,50,58,15.541666666666666,8.17195185383818,24,18.81112833326745,12.272205000065881
Risdiplam,50,60,14.458333333333334,8.17195185383818,24,17.72779499993412,11.188871666732549
Risdiplam,50,62,13.458333333333334,7.235054560454511,24,16.352958015937297,10.563708650729371
Risdiplam,50,64,12.75,6.89832998063583,24,15.509906793217187,9.990093206782813
Risdiplam,50,66,12.333333333333334,6.585007125324901,24,14.967884876907457,9.698781789759211
Risdiplam,50,68,11.75,7.01705995661877,24,14.5574086767446,8.9425913232554
Risdiplam,50,70,11.5,7.35438349025526,24,14.44236619756612,8.55763380243388
Risdiplam,50,72,10.583333333333334,6.466748841551691,24,13.170571709567525,7.996094957099142
Risdiplam,50,74,9.291666666666666,5.92327147170685,24,11.661468809898803,6.921864523434528
Risdiplam,50,76,9.333333333333334,7.069017929865055,24,12.161529528756622,6.5051371379100456
Risdiplam,50,78,8.666666666666666,6.3633916760787566,24,11.212553564511571,6.120779768821761
Risdiplam,50,80,8.25,6.166177027172897,24,10.716984605440063,5.783015394559937
Risdiplam,50,82,7.875,6.340432710511306,24,10.41170139857005,5.338298601429949
Risdiplam,50,84,6.75,5.994562753754076,24,9.148324596372479,4.351675403627521
Risdiplam,100,0,38.041666666666664,15.619049591602158,24,44.290587955219706,31.792745378113622
Risdiplam,100,2,38.041666666666664,16.57782480792697,24,44.67417793136335,31.409155401969972
Risdiplam,100,4,38.916666666666664,17.292664106032305,24,45.83517321434309,31.99816011899024
Risdiplam,100,6,39.166666666666664,17.541668818203593,24,46.18479584744324,32.14853748589009
Risdiplam,100,8,37.708333333333336,16.00130203035574,24,44.110187448440236,31.30647921822644
Risdiplam,100,10,37.5,15.197253756489376,24,43.58016780851566,31.41983219148434
Risdiplam,100,12,36.5,14.823600454504385,24,42.43067535318934,30.569324646810657
Risdiplam,100,14,34.791666666666664,15.460972371318263,24,40.97734389537637,28.605989437956957
Risdiplam,100,16,33.583333333333336,14.382709023010225,24,39.33761537679877,27.829051289867895
Risdiplam,100,18,32.583333333333336,15.491699507258344,24,38.78130397674706,26.38536268991961
Risdiplam,100,20,31.75,14.794975645394828,24,37.66922304439319,25.83077695560681
Risdiplam,100,22,31.083333333333332,14.239921429517812,24,36.7804884416749,25.386178224991763
Risdiplam,100,24,30.5,13.758791655740957,24,36.004663108858615,24.995336891141385
Risdiplam,100,26,30.125,14.118481566341702,24,35.77356904413647,24.476430955863528
Risdiplam,100,28,29.083333333333332,13.815292933578343,24,34.61060166127636,23.556065005390302
Risdiplam,100,30,27.75,12.888316245816359,24,32.90640041282592,22.593599587174083
Risdiplam,100,32,27.208333333333332,12.63528243921918,24,32.263499139565845,22.15316752710082
Risdiplam,100,34,26,11.978241142570358,24,30.792294539833893,21.207705460166107
Risdiplam,100,36,25.583333333333332,11.25173094574174,24,30.084963258224576,21.08170340844209
Risdiplam,100,38,24.791666666666668,10.236249171520264,24,28.887019267201243,20.696314066132093
Risdiplam,100,40,23.875,10.422853235329441,24,28.04500977477741,19.70499022522259
Risdiplam,100,42,22.708333333333332,10.075709778285194,24,26.73945679968439,18.677209866982274
Risdiplam,100,44,21.791666666666668,9.34358262294951,24,25.529878266641123,18.053455066692212
Risdiplam,100,46,21.458333333333332,9.141302193730468,24,25.115615906673277,17.801050759993387
Risdiplam,100,48,20.583333333333332,8.198179366636,24,23.86328819045169,17.303378476214974
Risdiplam,100,50,19.458333333333332,8.272422318432053,24,22.767991557438425,16.14867510922824
Risdiplam,100,52,18.5,8.225094158308675,24,21.790723016453146,15.209276983546854
Risdiplam,100,54,17.791666666666668,7.917944214233272,24,20.959504112326655,14.623829221006678
Risdiplam,100,56,16.833333333333332,7.630981854124082,24,19.88636192391011,13.780304742756554
Risdiplam,100,58,15.833333333333334,6.913544781750919,24,18.599327314764604,13.067339351902064
Risdiplam,100,60,15.083333333333334,6.697933923276619,24,17.763065005674576,12.403601660992091
Risdiplam,100,62,14,6.420077203924251,24,16.56856583228513,11.431434167714869
Risdiplam,100,64,13.083333333333334,5.882299658752716,24,15.436743337421657,10.729923329245011
Risdiplam,100,66,12.291666666666666,5.187603674535861,24,14.367140391765318,10.216192941568014
Risdiplam,100,68,11.5,4.462403329850504,24,13.285333160156284,9.714666839843716
Risdiplam,100,70,11.333333333333334,4.733476217480053,24,13.227118235596167,9.4395484310705
Risdiplam,100,72,10.416666666666666,4.5388819411130665,24,12.232597643881842,8.60073568945149
Risdiplam,100,74,9.625,4.189142280166462,24,11.301005970900091,7.948994029099909
Risdiplam,100,76,9,4.170288281141495,24,10.668462800287147,7.3315371997128524
Risdiplam,100,78,8.541666666666666,4.149166146365427,24,10.2016788530488,6.8816544802845305
Risdiplam,100,80,7.541666666666667,3.623344199549057,24,8.991306260390163,6.092027072943171
Risdiplam,100,82,7,3.611575592573076,24,8.444931170317993,5.555068829682008
Risdiplam,100,84,6.208333333333333,3.035717330408898,24,7.422873215594869,4.993793451071797
Risdiplam,250,0,33.5,15.664970614330118,24,39.76729352399758,27.232706476002416
Risdiplam,250,2,34.5,15.929191141887356,24,40.87300375110467,28.126996248895328
Risdiplam,250,4,33.958333333333336,15.155653749664188,24,40.02185767281272,27.89480899385395
Risdiplam,250,6,34.666666666666664,15.86263497675582,24,41.01304240594925,28.32029092738408
Risdiplam,250,8,34.125,15.114958039033358,24,40.172242664271025,28.077757335728975
Risdiplam,250,10,32.958333333333336,14.471799163009855,24,38.74825885620377,27.168407810462902
Risdiplam,250,12,31.666666666666668,13.373129017180121,24,37.01703258489481,26.316300748438533
Risdiplam,250,14,31.166666666666668,13.566796637913194,24,36.59451577047564,25.7388175628577
Risdiplam,250,16,31.041666666666668,13.133028945196243,24,36.295972549845686,25.787360783487646
Risdiplam,250,18,30.083333333333332,12.967909109284605,24,35.2715775235944,24.89508914307226
Risdiplam,250,20,29.583333333333332,12.941059249255975,24,34.76083534232764,24.405831324339026
Risdiplam,250,22,29.125,12.783523702832078,24,34.23947466382976,24.01052533617024
Risdiplam,250,24,28.625,12.253881372677483,24,33.527573599503704,23.722426400496293
Risdiplam,250,26,27.875,12.109329856157087,24,32.71974094819036,23.030259051809637
Risdiplam,250,28,26.708333333333332,12.522949946490996,24,31.718556782408417,21.698109884258248
Risdiplam,250,30,25.333333333333332,11.00461036454096,24,29.736094434507194,20.93057223215947
Risdiplam,250,32,23.541666666666668,10.047622113959479,24,27.561552726892515,19.52178060644082
Risdiplam,250,34,22.833333333333332,10.490851777357868,24,27.030548190877138,18.636118475789527
Risdiplam,250,36,21.916666666666668,10.500172531363749,24,26.117610602461433,17.715722730871903
Risdiplam,250,38,20.708333333333332,9.350559930533185,24,24.449336437723,16.967330228943663
Risdiplam,250,40,19.333333333333332,8.191547428621915,24,22.61063486264211,16.056031804024553
Risdiplam,250,42,18.791666666666668,7.824038580563425,24,21.921934034204227,15.661399299129107
Risdiplam,250,44,17.5,6.763071080122004,24,20.20579196261049,14.794208037389508
Risdiplam,250,46,17.375,6.6385730525402105,24,20.030982377822628,14.71901762217737
Risdiplam,250,48,16.416666666666668,6.756102984430587,24,19.119670810386427,13.71366252294691
Risdiplam,250,50,14.916666666666666,6.412736421045005,24,17.4822955741319,12.35103775920143
Risdiplam,250,52,14.583333333333334,6.520313853920161,24,17.19200217780107,11.974664488865601
Risdiplam,250,54,13.375,5.881529673847427,24,15.728101945967481,11.021898054032519
Risdiplam,250,56,12.583333333333334,5.970337305063415,24,14.971965731652405,10.194700935014263
Risdiplam,250,58,11.583333333333334,5.444715560636008,24,13.761673236631145,9.404993430035523
Risdiplam,250,60,11.625,5.5310388991895385,24,13.837876431581591,9.412123568418409
Risdiplam,250,62,11,5.191967039488063,24,13.077219434655412,8.922780565344588
Risdiplam,250,64,10.541666666666666,5.056026680813844,24,12.56449863066896,8.518834702664373
Risdiplam,250,66,10.208333333333334,4.393465173628221,24,11.96608548675265,8.450581179914018
Risdiplam,250,68,9.625,4.547455093355729,24,11.44436095246719,7.805639047532811
Risdiplam,250,70,8.833333333333334,4.197998142662417,24,10.51288238714349,7.153784279523178
Risdiplam,250,72,8.083333333333334,3.798359676476684,24,9.602993700932043,6.563672965734625
Risdiplam,250,74,7.541666666666667,4.032252220659627,24,9.154903540954006,5.928429792379327
Risdiplam,250,76,6.75,3.969996166902103,24,8.338329265320155,5.161670734679845
Risdiplam,250,78,6.333333333333333,3.252646636960052,24,7.634663013774868,5.032003652891798
Risdiplam,250,80,5.583333333333333,3.500517560076766,24,6.983832036780605,4.182834629886061
Risdiplam,250,82,5.5,3.7763566522797327,24,7.010857324525537,3.989142675474463
Risdiplam,250,84,4.791666666666667,3.189373206333082,24,6.067681702620662,3.5156516307126715
Risdiplam,500,0,36.333333333333336,15.793963256963682,24,42.652234662651736,30.014432004014935
Risdiplam,500,2,38.291666666666664,15.06934454206739,24,44.32066013142242,32.26267320191091
Risdiplam,500,4,38.083333333333336,15.739500756312793,24,44.38044512432233,31.786221542344347
Risdiplam,500,6,38.333333333333336,14.816755106434673,24,44.26126997690853,32.40539668975814
Risdiplam,500,8,38.333333333333336,14.0423789222874,24,43.951454978621555,32.715211688045116
Risdiplam,500,10,37.083333333333336,13.538725990626865,24,42.499951839250784,31.666714827415888
Risdiplam,500,12,36.083333333333336,14.45808534640939,24,41.867772186864556,30.29889447980212
Risdiplam,500,14,35,12.826602789921997,24,40.13170988821578,29.868290111784223
Risdiplam,500,16,34.5,13.698619416315042,24,39.98058919925718,29.01941080074282
Risdiplam,500,18,33.791666666666664,12.562813194596139,24,38.81783873657518,28.765494596758145
Risdiplam,500,20,32.666666666666664,12.157183121483174,24,37.53055290834427,27.80278042498906
Risdiplam,500,22,32.083333333333336,13.107968590888145,24,37.32761298664375,26.83905368002292
Risdiplam,500,24,31.166666666666668,12.852564172067044,24,36.30876327096367,26.02457006236967
Risdiplam,500,26,30.666666666666668,13.043961343711192,24,35.88533808772454,25.447995245608794
Risdiplam,500,28,28.666666666666668,12.46444217927861,24,33.653482133717304,23.67985119961603
Risdiplam,500,30,27.708333333333332,12.516004247316337,24,32.71577792399057,22.700888742676096
Risdiplam,500,32,26.958333333333332,14.177382988612429,24,32.63046785431876,21.286198812347905
Risdiplam,500,34,26.583333333333332,12.053924732188905,24,31.405907615323606,21.760759051343058
Risdiplam,500,36,25,11.46639703087091,24,29.587514245920303,20.412485754079697
Risdiplam,500,38,24.25,12.069544856517094,24,29.078823633263013,19.421176366736987
Risdiplam,500,40,24.041666666666668,13.033332406686648,24,29.256085627262216,18.82724770607112
Risdiplam,500,42,22.958333333333332,12.865454812645835,24,28.10558726797002,17.811079398696645
Risdiplam,500,44,20.958333333333332,11.437843999736963,24,25.5344239876286,16.382242679038065
Risdiplam,500,46,21,12.462116506680836,24,25.98588500422566,16.01411499577434
Risdiplam,500,48,21.083333333333332,13.48724571962153,24,26.479355441272844,15.68731122539382
Risdiplam,500,50,20.25,13.715272350637953,24,25.737251760586346,14.762748239413652
Risdiplam,500,52,18.958333333333332,12.418356562369473,24,23.926710713552204,13.98995595311446
Risdiplam,500,54,18.458333333333332,12.441093083063452,24,23.43580721634253,13.480859450324136
Risdiplam,500,56,17.541666666666668,11.673005524328964,24,22.211841525551545,12.87149180778179
Risdiplam,500,58,16.666666666666668,9.45776270384909,24,20.450559813016756,12.88277352031658
Risdiplam,500,60,16.416666666666668,9.622964682225655,24,20.266654369765167,12.566678963568169
Risdiplam,500,62,16.375,10.937818318349295,24,20.75103871727302,11.998961282726983
Risdiplam,500,64,15.333333333333334,9.08255215361786,24,18.967110995301436,11.699555671365232
Risdiplam,500,66,14.541666666666666,9.417740736488245,24,18.309547691255812,10.773785642077522
Risdiplam,500,68,13.958333333333334,8.848872031614203,24,17.498619475184523,10.418047191482145
Risdiplam,500,70,13.666666666666666,9.257977366981205,24,17.370629031225413,9.962704302107918
Risdiplam,500,72,13.5,9.394725624797001,24,17.258673062186414,9.741326937813586
Risdiplam,500,74,12.75,9.78574828846611,24,16.665114709482445,8.834885290517557
Risdiplam,500,76,11.958333333333334,7.804564810677016,24,15.080809570271182,8.835857096395486
Risdiplam,500,78,11.791666666666666,8.048651880995306,24,15.011798070202653,8.571535263130679
Risdiplam,500,80,11.375,8.370821475453472,24,14.72402608598943,8.02597391401057
Risdiplam,500,82,11.041666666666666,8.548985023237334,24,14.46197301718572,7.621360316147612
Risdiplam,500,84,10.083333333333334,7.977777104947962,24,13.27510892083415,6.891557745832517
Risdiplam,750,0,35.416666666666664,20.654332457752353,24,43.68012066488535,27.15321266844798
Risdiplam,750,2,36.041666666666664,18.46378162468507,24,43.42871780476692,28.65461552856641
Risdiplam,750,4,35.875,19.463036315248853,24,43.6618362768777,28.0881637231223
Risdiplam,750,6,36.666666666666664,21.381964498078784,24,45.221234110704344,28.112099222628984
Risdiplam,750,8,36.416666666666664,22.08071491176164,24,45.25079249931435,27.582540834018978
Risdiplam,750,10,35.333333333333336,22.451235400629802,24,44.31569823502004,26.350968431646635
Risdiplam,750,12,33.75,19.224644509632398,24,41.44145969071626,26.058540309283742
Risdiplam,750,14,32.416666666666664,17.53980979190572,24,39.43405208202137,25.399281251311965
Risdiplam,750,16,32.833333333333336,17.601053986885994,24,39.875221529831535,25.791445136835137
Risdiplam,750,18,31.416666666666668,16.02149823821422,24,37.826600947759005,25.006732385574335
Risdiplam,750,20,30.458333333333332,14.509304860544901,24,36.26326426036708,24.653402406299588
Risdiplam,750,22,28.583333333333332,13.236696903968763,24,33.879115038118215,23.287551628548446
Risdiplam,750,24,27.791666666666668,12.974822329910866,24,32.98267672121997,22.60065661211337
Risdiplam,750,26,26.208333333333332,12.593922504842206,24,31.24695171951281,21.169714947153853
Risdiplam,750,28,25.083333333333332,11.13129808699099,24,29.53678007969792,20.629886586968745
Risdiplam,750,30,24.041666666666668,10.485929150291238,24,28.236912063207622,19.846421270125713
Risdiplam,750,32,22.625,10.085773450110631,24,26.660149773633215,18.589850226366785
Risdiplam,750,34,21.75,9.340188993525913,24,25.486853865432018,18.013146134567982
Risdiplam,750,36,21.083333333333332,8.816568723600527,24,24.610695460317068,17.555971206349597
Risdiplam,750,38,20.958333333333332,9.06248438279514,24,24.58408221483227,17.332584451834393
Risdiplam,750,40,20.791666666666668,8.982975040581497,24,24.385605186191675,17.19772814714166
Risdiplam,750,42,18.708333333333332,8.492857186389383,24,22.10618387228059,15.310482794386076
Risdiplam,750,44,18.416666666666668,8.505326549295148,24,21.819505989781586,15.01382734355175
Risdiplam,750,46,18.041666666666668,8.456945520472027,24,21.425149546919823,14.658183786413513
Risdiplam,750,48,17.208333333333332,7.712097592442818,24,20.29381497817848,14.122851688488183
Risdiplam,750,50,16.416666666666668,7.014994292765763,24,19.22324890574934,13.610084427583995
Risdiplam,750,52,15.916666666666666,7.156126391249405,24,18.77971350492615,13.05361982840718
Risdiplam,750,54,15.125,6.455954447336734,24,17.70791971910904,12.54208028089096
Risdiplam,750,56,14.583333333333334,5.84522597225006,24,16.921910773668472,12.244755892998196
Risdiplam,750,58,14.041666666666666,5.834523688071432,24,16.37596230156622,11.707371031767112
Risdiplam,750,60,13.458333333333334,5.702624618211503,24,15.73985834984448,11.176808316822187
Risdiplam,750,62,13.416666666666666,5.807915637986748,24,15.740316864425765,11.093016468907567
Risdiplam,750,64,13.083333333333334,5.191269147551381,24,15.160273553062467,11.0063931136042
Risdiplam,750,66,12.625,5.248705844632395,24,14.724919684454484,10.525080315545516
Risdiplam,750,68,12.625,5.403803008670999,24,14.786971473487547,10.463028526512453
Risdiplam,750,70,12.916666666666666,5.396590442658874,24,15.07575251276479,10.757580820568542
Risdiplam,750,72,12.375,5.080332923017512,24,14.407556486192995,10.342443513807005
Risdiplam,750,74,12.125,4.7302219821061255,24,14.017482936955224,10.232517063044776
Risdiplam,750,76,11.541666666666666,4.818254840722409,24,13.469370082375939,9.613963250957394
Risdiplam,750,78,11.125,4.919460026925896,24,13.09319392307785,9.15680607692215
Risdiplam,750,80,10.875,4.637395258397617,24,12.73034451271713,9.01965548728287
Risdiplam,750,82,10.708333333333334,4.298424045549988,24,12.428061116252188,8.98860555041448
Risdiplam,750,84,10.791666666666666,4.549048315824987,24,12.611665040876272,8.97166829245706
Risdiplam,1000,0,35.333333333333336,14.125729428389104,24,40.98480212621437,29.681864540452302
Risdiplam,1000,2,36.333333333333336,13.35035145821903,24,41.674586330044804,30.992080336621868
Risdiplam,1000,4,35.166666666666664,14.707781633533664,24,41.05100484090447,29.28232849242886
Risdiplam,1000,6,35.541666666666664,13.008288884789765,24,40.74606613176065,30.33726720157268
Risdiplam,1000,8,34.083333333333336,12.856792035701417,24,39.227121435369355,28.939545231297313
Risdiplam,1000,10,32.75,12.567210613684153,24,37.777931403957155,27.722068596042845
Risdiplam,1000,12,32.916666666666664,10.496030995889193,24,37.115953643179594,28.717379690153734
Risdiplam,1000,14,30.75,12.258980736409214,24,35.65461376989912,25.84538623010088
Risdiplam,1000,16,31.5,11.602098760662827,24,36.141806245136834,26.858193754863166
Risdiplam,1000,18,30.416666666666668,11.185847683827859,24,34.89193779709232,25.94139553624102
Risdiplam,1000,20,30.083333333333332,11.072553873220139,24,34.513277499348256,25.65338916731841
Risdiplam,1000,22,28.583333333333332,10.981869115745384,24,32.97699604008226,24.1896706265844
Risdiplam,1000,24,27.583333333333332,11.009547898416912,24,31.98806985947588,23.178596807190786
Risdiplam,1000,26,26.5,11.46639703087091,24,31.087514245920303,21.912485754079697
Risdiplam,1000,28,25.208333333333332,10.946427515966972,24,29.58781644701184,20.828850219654825
Risdiplam,1000,30,23.708333333333332,10.217117634324428,24,27.796031724860846,19.620634941805818
Risdiplam,1000,32,24,11.104249088798708,24,28.44262489323924,19.55737510676076
Risdiplam,1000,34,22.5,9.925811761787283,24,26.471151769551447,18.528848230448553
Risdiplam,1000,36,21.708333333333332,9.534738165469358,24,25.523023078285277,17.893643588381387
Risdiplam,1000,38,20.75,9.321550533458803,24,24.479396928361925,17.020603071638075
Risdiplam,1000,40,20.208333333333332,8.531166221651603,24,23.621510678472607,16.795155988194058
Risdiplam,1000,42,19.625,8.18701251452833,24,22.900487185801193,16.349512814198807
Risdiplam,1000,44,18.625,7.872972478814715,24,21.774845004238248,15.475154995761754
Risdiplam,1000,46,18.375,7.928004847978161,24,21.546862537456775,15.203137462543223
Risdiplam,1000,48,17.583333333333332,7.649476632660773,24,20.64376137639582,14.522905290270845
Risdiplam,1000,50,16.958333333333332,7.468654303249634,24,19.946417377673225,13.97024928899344
Risdiplam,1000,52,16.291666666666668,6.7982041533146775,24,19.011514786005417,13.571818547327918
Risdiplam,1000,54,15.833333333333334,6.6572397117506705,24,18.49678393023308,13.169882736433589
Risdiplam,1000,56,15.125,6.257604069901848,24,17.6285630406584,12.621436959341601
Risdiplam,1000,58,14.458333333333334,6.600258009888814,24,17.09898650150771,11.817680165158958
Risdiplam,1000,60,14.041666666666666,5.393064520987695,24,16.199341850300115,11.883991483033217
Risdiplam,1000,62,14.041666666666666,6.202938761213295,24,16.52335902888168,11.559974304451654
Risdiplam,1000,64,13.875,6.271484811360898,24,16.384116493850005,11.365883506149995
Risdiplam,1000,66,13.416666666666666,6.1071352899109215,24,15.860029657569575,10.973303675763757
Risdiplam,1000,68,13.333333333333334,6.491912471393301,24,15.930639258254935,10.736027408411733
Risdiplam,1000,70,12.875,6.319827322902451,24,15.403457526589703,10.346542473410297
Risdiplam,1000,72,12.875,6.739323279148253,24,15.571290863443679,10.178709136556321
Risdiplam,1000,74,12.75,7.836647464206927,24,15.885311971625837,9.614688028374163
Risdiplam,1000,76,11.5,5.6182931030077405,24,13.747785383535266,9.252214616464734
Risdiplam,1000,78,11.833333333333334,6.444860889426394,24,14.411814704911357,9.25485196175531
Risdiplam,1000,80,11.625,6.761865577409575,24,14.330309661077422,8.919690338922578
Risdiplam,1000,82,10.458333333333334,6.071882214205774,24,12.887592156503828,8.02907451016284
Risdiplam,1000,84,10.875,7.640353394968063,24,13.931777987794774,7.818222012205226
Risdiplam,1250,0,31.458333333333332,11.088494494065799,24,35.894655075933244,27.022011590733417
Risdiplam,1250,2,33.375,11.30145238838604,24,37.89652264497099,28.853477355029003
Risdiplam,1250,4,34.541666666666664,12.093761117659572,24,39.38017882219827,29.703154511135065
Risdiplam,1250,6,34.375,13.20017292376851,24,39.65616906935675,29.09383093064325
Risdiplam,1250,8,34.208333333333336,12.010789231812142,24,39.01364982092224,29.403016845744435
Risdiplam,1250,10,33.041666666666664,11.585144785894776,24,37.676689909212186,28.406643424121143
Risdiplam,1250,12,31.375,11.072144837579927,24,35.804780517676086,26.945219482323914
Risdiplam,1250,14,31.041666666666668,10.510777767385358,24,35.24685358054771,26.83647975278563
Risdiplam,1250,16,31.208333333333332,10.866698897435976,24,35.55591835623984,26.860748310426825
Risdiplam,1250,18,29.625,10.623241542465522,24,33.87518179491832,25.374818205081684
Risdiplam,1250,20,29.416666666666668,9.71290789157114,24,33.30263914799021,25.530694185343123
Risdiplam,1250,22,27.916666666666668,9.99093792292346,24,31.913874327287466,23.91945900604587
Risdiplam,1250,24,26.916666666666668,10.227484992673531,24,31.008512865390376,22.82482046794296
Risdiplam,1250,26,25.875,9.488265063384532,24,29.671096631762836,22.078903368237164
Risdiplam,1250,28,24.625,9.608929271210734,24,28.469372369196755,20.780627630803245
Risdiplam,1250,30,24.083333333333332,9.09331654552405,24,27.721417649003147,20.445249017663517
Risdiplam,1250,32,23.333333333333332,8.585461253044954,24,26.768233215144683,19.89843345152198
Risdiplam,1250,34,23.208333333333332,8.561690033625608,24,26.633722746648296,19.78294392001837
Risdiplam,1250,36,22.25,8.378284560332924,24,25.602011941800182,18.897988058199818
Risdiplam,1250,38,21.291666666666668,8.28030227691607,24,24.604477530760185,17.97885580257315
Risdiplam,1250,40,19.666666666666668,7.766520493741721,24,22.77392200680083,16.559411326532505
Risdiplam,1250,42,19.208333333333332,7.649831863265485,24,22.268903498237172,16.147763168429492
Risdiplam,1250,44,18.25,6.408214836544134,24,20.81381989690542,15.68618010309458
Risdiplam,1250,46,17.958333333333332,6.721019375755091,24,20.647301110253316,15.269365556413346
Risdiplam,1250,48,16.958333333333332,6.075461454412987,24,19.389024150825666,14.527642515840999
Risdiplam,1250,50,16.625,6.2471732738130035,24,19.12438985308038,14.12561014691962
Risdiplam,1250,52,15.666666666666666,6.545271553583161,24,18.285320670591304,13.048012662742028
Risdiplam,1250,54,15.041666666666666,5.544124713656766,24,17.25977851440612,12.823554818927214
Risdiplam,1250,56,14.541666666666666,5.702624618211503,24,16.82319168317781,12.26014165015552
Risdiplam,1250,58,14.208333333333334,5.594866953903735,24,16.446746305251217,11.969920361415452
Risdiplam,1250,60,13.125,5.3593680678748425,24,15.269193794642991,10.980806205357009
Risdiplam,1250,62,12.791666666666666,5.356663194537262,24,14.934778286591989,10.648555046741343
Risdiplam,1250,64,12.833333333333334,5.272295652680658,24,14.942690906619731,10.723975760046937
Risdiplam,1250,66,12.666666666666666,5.798550543523537,24,14.986570046297217,10.346763287036115
Risdiplam,1250,68,11.916666666666666,5.4844972554398765,24,14.110922562682003,9.72241077065133
Risdiplam,1250,70,11.833333333333334,5.7910475636155825,24,14.150234895817494,9.516431770849174
Risdiplam,1250,72,11.208333333333334,5.324097528478759,24,13.33841597331238,9.078250693354288
Risdiplam,1250,74,11.25,5.502963628414436,24,13.45164398390931,9.04835601609069
Risdiplam,1250,76,10.791666666666666,5.4212076840518835,24,12.960601460545131,8.6227318727882
Risdiplam,1250,78,10.625,5.215466130320639,24,12.711621029042067,8.538378970957933
Risdiplam,1250,80,10.291666666666666,5.221020778642285,24,12.380510017876546,8.202823315456786
Risdiplam,1250,82,10,4.809411064008637,24,11.924165168119124,8.075834831880876
Risdiplam,1250,84,9.541666666666666,5.348540367050717,24,11.681528478765575,7.401804854567756
Risdiplam,1500,0,33.125,14.09999229108639,24,38.766171793421876,27.483828206578128
Risdiplam,1500,2,35.083333333333336,13.95619440674429,24,40.66697399110932,29.499692675557345
Risdiplam,1500,4,35.583333333333336,14.052438026646964,24,41.20547945853678,29.961187208129893
Risdiplam,1500,6,35.25,11.942798448546668,24,40.028114508974184,30.47188549102582
Risdiplam,1500,8,33.708333333333336,10.37337380305805,24,37.858547212345584,29.558119454321087
Risdiplam,1500,10,31,8.293528121110592,24,34.31810230381023,27.681897696189775
Risdiplam,1500,12,29.708333333333332,9.110334154453232,24,33.35322611056121,26.06344055610546
Risdiplam,1500,14,29.833333333333332,9.639892957490973,24,33.690093757080646,25.976572909586018
Risdiplam,1500,16,29.333333333333332,8.839961964637173,24,32.87005470596546,25.796611960701206
Risdiplam,1500,18,28.708333333333332,8.327425442041113,24,32.03999738999833,25.37666927666834
Risdiplam,1500,20,27.625,8.329165624478842,24,30.957360274640184,24.292639725359816
Risdiplam,1500,22,27.458333333333332,8.612322651252411,24,30.903980012644393,24.01268665402227
Risdiplam,1500,24,28.875,13.951195990495489,24,34.456640874785165,23.293359125214838
Risdiplam,1500,26,25.25,7.594334272566507,24,28.288366504306673,22.211633495693327
Risdiplam,1500,28,23.791666666666668,7.45991704503747,24,26.77625507969267,20.807078253640665
Risdiplam,1500,30,22.875,8.430341165926386,24,26.247838921636244,19.502161078363756
Risdiplam,1500,32,21.958333333333332,6.75328690771916,24,24.6602108117199,19.256455854946765
Risdiplam,1500,34,21.416666666666668,7.076701925680319,24,24.24793710068236,18.585396232650975
Risdiplam,1500,36,20.416666666666668,6.717379578808771,24,23.104178221523302,17.729155111810034
Risdiplam,1500,38,20.791666666666668,10.400581784173198,24,24.952766005220603,16.630567328112733
Risdiplam,1500,40,18.291666666666668,6.675582805800663,24,20.962456029618384,15.62087730371495
Risdiplam,1500,42,17.625,6.281875239268855,24,20.138273530792006,15.111726469207994
Risdiplam,1500,44,16.5,6.220582944862406,24,18.988751505870166,14.011248494129834
Risdiplam,1500,46,16.375,6.506267880984493,24,18.978049284917624,13.771950715082378
Risdiplam,1500,48,15.625,7.137241581402745,24,18.480491340750564,12.769508659249436
Risdiplam,1500,50,14.708333333333334,6.61670591015267,24,17.35556703212886,12.061099634537808
Risdiplam,1500,52,14.458333333333334,6.730715878113119,24,17.15118051915424,11.765486147512428
Risdiplam,1500,54,14.25,6.790338404834763,24,16.96670116453601,11.533298835463992
Risdiplam,1500,56,13.625,6.506267880984493,24,16.228049284917624,11.021950715082378
Risdiplam,1500,58,12.541666666666666,5.461160624109022,24,14.726585965632916,10.356747367700416
Risdiplam,1500,60,12.458333333333334,5.800893234566602,24,14.779173984585034,10.137492682081634
Risdiplam,1500,62,11.833333333333334,4.659414655032994,24,13.697487439463234,9.969179227203433
Risdiplam,1500,64,11.958333333333334,4.885463501366928,24,13.912925813438848,10.00374085322782
Risdiplam,1500,66,11.791666666666666,5.469116188568129,24,13.979768854311219,9.603564479022113
Risdiplam,1500,68,11.333333333333334,5.370342606402772,24,13.481917857837129,9.18474880882954
Risdiplam,1500,70,11.541666666666666,5.274872070706439,24,13.652055021842518,9.431278311490814
Risdiplam,1500,72,11.583333333333334,5.539711707038684,24,13.799679610713302,9.366987055953366
Risdiplam,1500,74,10.875,5.689903338370521,24,13.151435444578505,8.598564555421495
Risdiplam,1500,76,11.083333333333334,5.9264819586156765,24,13.454419938841715,8.712246727824953
Risdiplam,1500,78,10.75,5.972764271547828,24,13.13960338713898,8.36039661286102
Risdiplam,1500,80,10.75,6.0162822551732935,24,13.15701420671012,8.34298579328988
Risdiplam,1500,82,10.416666666666666,6.213006460270448,24,12.902386947392086,7.930946385941246
Risdiplam,1500,84,9.916666666666666,5.5553864708568845,24,12.139284155668195,7.694049177665137
Risdiplam,1750,0,36.541666666666664,14.449249015137406,24,42.32257025140484,30.76076308192849
Risdiplam,1750,2,38.833333333333336,14.251366575713444,24,44.53506745381601,33.13159921285066
Risdiplam,1750,4,39.125,13.394718297182273,24,44.484003429148295,33.765996570851705
Risdiplam,1750,6,38.708333333333336,12.729558777375855,24,43.80121753037183,33.61544913629484
Risdiplam,1750,8,36.458333333333336,13.266430884220409,24,41.766011107792515,31.15065555887416
Risdiplam,1750,10,34.041666666666664,11.848607207331298,24,38.78209683070206,29.301236502631273
Risdiplam,1750,12,33,12.314713716243812,24,37.92691160576425,28.073088394235747
Risdiplam,1750,14,32.041666666666664,11.399767986451634,24,36.60252374297715,27.48080959035618
Risdiplam,1750,16,31.291666666666668,11.156901419093131,24,35.755356879260916,26.82797645407242
Risdiplam,1750,18,31.166666666666668,11.102943858222494,24,35.608769358917534,26.724563974415798
Risdiplam,1750,20,31.125,11.042654454038864,24,35.54298190698364,26.707018093016362
Risdiplam,1750,22,30.5,11.541983854794973,24,35.117755273735924,25.882244726264076
Risdiplam,1750,24,28.916666666666668,11.185847683827859,24,33.39193779709232,24.44139553624102
Risdiplam,1750,26,27.583333333333332,11.24786614223441,24,32.083417014788225,23.08324965187844
Risdiplam,1750,28,26.166666666666668,10.885437686339875,24,30.521748766537847,21.81158456679549
Risdiplam,1750,30,25.083333333333332,10.6726658854032,24,29.353288983693023,20.81337768297364
Risdiplam,1750,32,23.708333333333332,11.066907846158397,24,28.136018618070302,19.280648048596362
Risdiplam,1750,34,22.791666666666668,10.623923645395255,24,27.04212135959287,18.541211973740467
Risdiplam,1750,36,22.458333333333332,9.890615519891512,24,26.415403673411774,18.50126299325489
Risdiplam,1750,38,21.583333333333332,9.881544795032399,24,25.536774627653113,17.62989203901355
Risdiplam,1750,40,20.666666666666668,9.125533536119441,24,24.317640463044253,17.015692870289083
Risdiplam,1750,42,19.875,8.512458899856089,24,23.28069285763994,16.46930714236006
Risdiplam,1750,44,19.041666666666668,8.69022022369007,24,22.51847886574111,15.564854467592227
Risdiplam,1750,46,18.166666666666668,7.981863499680776,24,21.36007715255804,14.973256180775296
Risdiplam,1750,48,17.208333333333332,7.609942961945114,24,20.252944613980098,14.163722052686564
Risdiplam,1750,50,16.75,7.402995868301357,24,19.71181519939417,13.788184800605832
Risdiplam,1750,52,16.041666666666668,7.092428091414396,24,18.879228877353317,13.204104455980017
Risdiplam,1750,54,15.541666666666666,6.871359378619702,24,18.290782971761306,12.792550361572026
Risdiplam,1750,56,15,6.399728255100402,24,17.560424557186458,12.43957544281354
Risdiplam,1750,58,14.333333333333334,6.617937854745643,24,16.981059912617408,11.68560675404926
Risdiplam,1750,60,14.208333333333334,6.593667361594935,24,16.846349693026667,11.57031697364
Risdiplam,1750,62,14,5.905045742192969,24,16.36251033277397,11.637489667226031
Risdiplam,1750,64,13.458333333333334,5.853123778890593,24,15.800070554406695,11.116596112259973
Risdiplam,1750,66,13.375,5.837007124709807,24,15.710289216486403,11.039710783513597
Risdiplam,1750,68,12.916666666666666,5.3885278030328445,24,15.072526785097718,10.760806548235614
Risdiplam,1750,70,13,5.299712871631739,24,15.120326745397128,10.879673254602872
Risdiplam,1750,72,11.583333333333334,4.7632348039018035,24,13.4890241497888,9.677642516877867
Risdiplam,1750,74,11.25,5.0926204068922765,24,13.287472503593252,9.212527496406748
Risdiplam,1750,76,10.875,4.406640246363386,24,12.638023280321766,9.111976719678234
Risdiplam,1750,78,10.541666666666666,4.549048315824987,24,12.361665040876272,8.72166829245706
Risdiplam,1750,80,10.333333333333334,4.00723982492847,24,11.936563165178976,8.730103501487692
Risdiplam,1750,82,10.291666666666666,4.525091079233911,24,12.102080150011377,8.481253183321956
Risdiplam,1750,84,10.291666666666666,4.427966131077677,24,12.063222077846127,8.520111255487205
Risdiplam,2000,0,27.666666666666668,12.627322572989051,24,32.718647863154025,22.61468547017931
Risdiplam,2000,2,29.583333333333332,12.158077174442928,24,34.44757727069149,24.719089395975175
Risdiplam,2000,4,30.125,12.116508680667698,24,34.97261307616768,25.277386923832317
Risdiplam,2000,6,30.541666666666668,11.89438730138557,24,35.300412682934294,25.782920650399042
Risdiplam,2000,8,29.208333333333332,11.021635508188533,24,33.61790591058043,24.798760756086228
Risdiplam,2000,10,29.708333333333332,11.296321704783864,24,34.227803277351015,25.188863389315646
Risdiplam,2000,12,28.625,11.431506804708073,24,33.198555248239124,24.051444751760876
Risdiplam,2000,14,28.625,10.387335516408179,24,32.78079972770724,24.469200272292756
Risdiplam,2000,16,28.291666666666668,11.73430187866795,24,32.986365174784694,23.59696815854864
Risdiplam,2000,18,27.5,10.45071247831208,24,31.681155793332263,23.318844206667737
Risdiplam,2000,20,26.083333333333332,10.818328516182985,24,30.411566173293334,21.75510049337333
Risdiplam,2000,22,25.666666666666668,10.634916514734016,24,29.921519423305412,21.411813910027924
Risdiplam,2000,24,25.166666666666668,11.087269106136283,24,29.60249815198975,20.730835181343586
Risdiplam,2000,26,23.916666666666668,10.697080734101434,24,28.196390290864485,19.63694304246885
Risdiplam,2000,28,23.5,10.994069547596618,24,27.898543896086192,19.101456103913808
Risdiplam,2000,30,22.083333333333332,9.938579492001892,24,26.05959325883733,18.107073407829333
Risdiplam,2000,32,21.458333333333332,9.2170879427793,24,25.14593652111417,17.770730145552495
Risdiplam,2000,34,20.375,9.116695148724817,24,24.022437704964158,16.727562295035842
Risdiplam,2000,36,19.5,8.054164464262652,24,22.722336896177023,16.277663103822977
Risdiplam,2000,38,18.291666666666668,8.051352393375838,24,21.51287850017413,15.070454833159207
Risdiplam,2000,40,17.5,7.518094115561123,24,20.507864088819773,14.492135911180227
Risdiplam,2000,42,17.208333333333332,7.288938412993061,24,20.124516046806114,14.292150619860548
Risdiplam,2000,44,16.458333333333332,7.064788169793768,24,19.284837272284808,13.631829394381855
Risdiplam,2000,46,15.791666666666666,6.639664519200969,24,18.44808572209968,13.13524761123365
Risdiplam,2000,48,14.958333333333334,6.36894071232426,24,17.50644030804797,12.410226358618697
Risdiplam,2000,50,14.583333333333334,6.177917664283546,24,17.055015171902188,12.11165149476448
Risdiplam,2000,52,13.916666666666666,5.970337305063415,24,16.305299064985736,11.528034268347595
Risdiplam,2000,54,13.791666666666666,6.2691734887370965,24,16.299858438876992,11.28347489445634
Risdiplam,2000,56,13.666666666666666,6.14793473040137,24,16.12635283336504,11.206980499968292
Risdiplam,2000,58,13.541666666666666,6.4873064462484145,24,16.137129797734858,10.946203535598475
Risdiplam,2000,60,12.708333333333334,5.81212500738321,24,15.033667629595268,10.3829990370714
Risdiplam,2000,62,12.416666666666666,6.028314831704208,24,14.828494906599435,10.004838426733897
Risdiplam,2000,64,12.125,5.5349678919770975,24,14.33944835607858,9.91055164392142
Risdiplam,2000,66,12.041666666666666,5.937933813290149,24,14.417334968266672,9.66599836506666
Risdiplam,2000,68,11.708333333333334,5.559787035854698,24,13.932711415009546,9.483955251657122
Risdiplam,2000,70,11.25,5.447376712095306,24,13.429404585621056,9.070595414378944
Risdiplam,2000,72,10.791666666666666,5.250086265681874,24,12.892138634564049,8.691194698769284
Risdiplam,2000,74,10.416666666666666,5.003621876606782,24,12.418532342373926,8.414800990959407
Risdiplam,2000,76,10,4.916697371557279,24,11.9670886307331,8.0329113692669
Risdiplam,2000,78,9.875,4.9809419399041035,24,11.867791811228296,7.882208188771704
Risdiplam,2000,80,9.666666666666666,4.833458269249846,24,11.600452720607345,7.732880612725988
Risdiplam,2000,82,9.75,4.989118594283572,24,11.746063154296985,7.753936845703015
Risdiplam,2000,84,9.125,4.4361410962780425,24,10.899826078435758,7.350173921564242
